time,open,high,low,close,volume
2026-02-06T20:00:00+00:00,321.78,322.25,321.64,321.98,694
2026-02-06T20:05:00+00:00,321.98,322.64,321.96,322.38,865
2026-02-06T20:10:00+00:00,322.38,322.86,322.33,322.75,823
2026-02-06T20:15:00+00:00,322.75,322.96,322.44,322.96,668
2026-02-06T20:20:00+00:00,322.96,323.2,322.68,322.9,834
2026-02-06T20:25:00+00:00,322.9,323.15,322.63,322.76,772
2026-02-06T20:30:00+00:00,322.76,322.96,322.4,322.49,744
2026-02-06T20:35:00+00:00,322.49,322.59,322.16,322.42,759
2026-02-06T20:40:00+00:00,322.42,322.9,322.3,322.75,894
2026-02-06T20:45:00+00:00,322.75,323.16,322.49,322.73,1116
2026-02-06T20:50:00+00:00,322.73,324.82,322.6,324.4,2020
2026-02-06T20:55:00+00:00,324.4,324.4,322.93,323.03,2163
2026-02-09T14:30:00+00:00,323.03,323.74,317.49,322.79,2144
2026-02-09T14:35:00+00:00,322.79,323.22,321.68,322.37,2378
2026-02-09T14:40:00+00:00,322.37,323.29,320.9,321.81,2327
2026-02-09T14:45:00+00:00,321.81,322.33,321.04,321.82,2444
2026-02-09T14:50:00+00:00,321.82,321.88,319.31,319.89,1933
2026-02-09T14:55:00+00:00,319.89,321.58,319.59,319.65,2806
2026-02-09T15:00:00+00:00,319.65,322.78,319.51,322.61,2811
2026-02-09T15:05:00+00:00,322.61,323.35,322.03,322.56,2246
2026-02-09T15:10:00+00:00,322.56,323.23,321.89,322.61,2102
2026-02-09T15:15:00+00:00,322.61,323.39,322.48,323.09,1748
2026-02-09T15:20:00+00:00,323.09,323.38,322.79,323.03,1859
2026-02-09T15:25:00+00:00,323.03,323.22,321.88,322.26,1802
2026-02-09T15:30:00+00:00,322.26,323.17,322.21,322.94,1500
2026-02-09T15:35:00+00:00,322.94,323.2,322.13,322.21,1585
2026-02-09T15:40:00+00:00,322.21,322.62,321.94,322.52,1423
2026-02-09T15:45:00+00:00,322.52,323.05,322.38,322.96,1382
2026-02-09T15:50:00+00:00,322.96,323.96,322.58,323.86,1430
2026-02-09T15:55:00+00:00,323.86,324.84,323.76,324.69,1427
2026-02-09T16:00:00+00:00,324.69,324.83,324.06,324.77,1335
2026-02-09T16:05:00+00:00,324.77,324.93,324.17,324.19,1194
2026-02-09T16:10:00+00:00,324.19,325.65,324.16,325.59,1209
2026-02-09T16:15:00+00:00,325.59,326.22,325.58,325.84,1155
2026-02-09T16:20:00+00:00,325.84,325.87,325.1,325.72,1103
2026-02-09T16:25:00+00:00,325.72,325.83,325.49,325.71,919
2026-02-09T16:30:00+00:00,325.71,325.82,325.24,325.36,1184
2026-02-09T16:35:00+00:00,325.36,325.76,325.32,325.53,1201
2026-02-09T16:40:00+00:00,325.53,325.83,324.95,325.25,1174
2026-02-09T16:45:00+00:00,325.25,326.29,325.2,326.29,1400
2026-02-09T16:50:00+00:00,326.29,327.59,326.07,327.28,1882
2026-02-09T16:55:00+00:00,327.28,327.53,326.75,326.83,1291
2026-02-09T17:00:00+00:00,326.83,326.88,326.22,326.68,1444
2026-02-09T17:05:00+00:00,326.68,327.05,326.4,326.78,1316
2026-02-09T17:10:00+00:00,326.78,327.34,326.65,327.18,1113
2026-02-09T17:15:00+00:00,327.18,327.41,326.92,327.02,1342
2026-02-09T17:20:00+00:00,327.02,327.11,326.5,326.54,1079
2026-02-09T17:25:00+00:00,326.54,326.66,325.78,325.98,1210
2026-02-09T17:30:00+00:00,325.98,325.98,325.44,325.7,969
2026-02-09T17:35:00+00:00,325.7,326.53,325.58,326.44,908
2026-02-09T17:40:00+00:00,326.44,326.76,326.13,326.19,866
2026-02-09T17:45:00+00:00,326.19,326.41,325.79,326.25,967
2026-02-09T17:50:00+00:00,326.25,326.26,325.55,325.55,831
2026-02-09T17:55:00+00:00,325.55,325.55,325.03,325.19,969
2026-02-09T18:00:00+00:00,325.19,325.63,324.9,325.47,1116
2026-02-09T18:05:00+00:00,325.47,325.62,325.15,325.32,1071
2026-02-09T18:10:00+00:00,325.32,325.46,325.02,325.07,793
2026-02-09T18:15:00+00:00,325.07,325.21,324.9,325.1,766
2026-02-09T18:20:00+00:00,325.1,325.24,324.54,325.02,1532
2026-02-09T18:25:00+00:00,325.02,325.02,324.63,324.81,1020
2026-02-09T18:30:00+00:00,324.81,324.9,324.61,324.8,909
2026-02-09T18:35:00+00:00,324.8,325.04,324.66,325.02,829
2026-02-09T18:40:00+00:00,325.02,325.08,324.73,324.85,835
2026-02-09T18:45:00+00:00,324.85,325.09,324.71,324.76,700
2026-02-09T18:50:00+00:00,324.76,324.94,324.62,324.75,679
2026-02-09T18:55:00+00:00,324.75,324.78,324.41,324.44,597
2026-02-09T19:00:00+00:00,324.44,324.84,324.33,324.72,585
2026-02-09T19:05:00+00:00,324.72,324.72,324.47,324.59,535
2026-02-09T19:10:00+00:00,324.59,324.82,324.57,324.68,510
2026-02-09T19:15:00+00:00,324.68,324.92,324.62,324.72,516
2026-02-09T19:20:00+00:00,324.72,324.89,324.6,324.83,480
2026-02-09T19:25:00+00:00,324.83,325.22,324.71,325.17,358
2026-02-09T19:30:00+00:00,325.17,325.37,324.89,324.92,315
2026-02-09T19:35:00+00:00,324.92,325.13,324.88,324.98,248
2026-02-09T19:40:00+00:00,324.98,325.06,324.78,324.81,248
2026-02-09T19:45:00+00:00,324.81,325.17,324.8,324.91,333
2026-02-09T19:50:00+00:00,324.91,324.99,324.63,324.76,297
2026-02-09T19:55:00+00:00,324.76,324.87,324.59,324.66,287
2026-02-09T20:00:00+00:00,324.66,324.87,324.54,324.7,355
2026-02-09T20:05:00+00:00,324.7,324.92,324.58,324.58,312
2026-02-09T20:10:00+00:00,324.58,324.89,324.55,324.74,381
2026-02-09T20:15:00+00:00,324.74,324.76,324.18,324.25,462
2026-02-09T20:20:00+00:00,324.25,324.29,323.68,323.76,468
2026-02-09T20:25:00+00:00,323.76,323.85,323.35,323.35,612
2026-02-09T20:30:00+00:00,323.35,323.9,323.21,323.6,777
2026-02-09T20:35:00+00:00,323.6,323.89,323.22,323.88,746
2026-02-09T20:40:00+00:00,323.88,323.88,323.5,323.62,609
2026-02-09T20:45:00+00:00,323.62,323.69,323.34,323.49,574
2026-02-09T20:50:00+00:00,323.49,324.49,323.23,324.28,1203
2026-02-09T20:55:00+00:00,324.28,324.54,324.01,324.27,1581
2026-02-10T14:30:00+00:00,324.27,324.27,318.01,319.9,1616
2026-02-10T14:35:00+00:00,319.9,320.43,317.09,317.9,2274
2026-02-10T14:40:00+00:00,317.9,318.02,314.91,314.98,2302
2026-02-10T14:45:00+00:00,314.98,316.01,314.51,315.99,2014
2026-02-10T14:50:00+00:00,315.99,317.21,315.57,317.06,1993
2026-02-10T14:55:00+00:00,317.06,317.98,316.99,317.14,1828
2026-02-10T15:00:00+00:00,317.14,318.02,317.04,317.92,1727
2026-02-10T15:05:00+00:00,317.92,319.09,317.87,318.84,1468
2026-02-10T15:10:00+00:00,318.84,319.66,318.46,319.43,1490
2026-02-10T15:15:00+00:00,319.43,319.54,318.75,319.34,1521
2026-02-10T15:20:00+00:00,319.34,319.93,318.99,319.05,1213
2026-02-10T15:25:00+00:00,319.05,319.55,318.93,319.09,1488
2026-02-10T15:30:00+00:00,319.09,320.09,318.85,318.85,1448
2026-02-10T15:35:00+00:00,318.85,319.44,318.48,318.93,1457
2026-02-10T15:40:00+00:00,318.93,319.21,318.44,318.55,1044
2026-02-10T15:45:00+00:00,318.55,318.6,317.58,317.72,815
2026-02-10T15:50:00+00:00,317.72,317.96,317.16,317.16,890
2026-02-10T15:55:00+00:00,317.16,317.65,316.68,317.3,1516
2026-02-10T16:00:00+00:00,317.3,318.77,317.21,318.41,1900
2026-02-10T16:05:00+00:00,318.41,318.46,317.55,317.55,1627
2026-02-10T16:10:00+00:00,317.55,318.02,317.53,317.71,1325
2026-02-10T16:15:00+00:00,317.71,318.44,317.52,318.32,1439
2026-02-10T16:20:00+00:00,318.32,318.38,317.65,317.98,1564
2026-02-10T16:25:00+00:00,317.98,318.31,317.83,317.94,1343
2026-02-10T16:30:00+00:00,317.94,318,317.48,317.83,1468
2026-02-10T16:35:00+00:00,317.83,318.01,317.58,317.88,1272
2026-02-10T16:40:00+00:00,317.88,318.08,317.79,318.04,1206
2026-02-10T16:45:00+00:00,318.04,319.04,318.01,318.78,1397
2026-02-10T16:50:00+00:00,318.78,318.82,318.18,318.31,1257
2026-02-10T16:55:00+00:00,318.31,318.53,318.09,318.31,1017
2026-02-10T17:00:00+00:00,318.31,318.41,318.09,318.32,999
2026-02-10T17:05:00+00:00,318.32,319.24,318.3,319.2,1153
2026-02-10T17:10:00+00:00,319.2,319.49,318.98,319.09,999
2026-02-10T17:15:00+00:00,319.09,319.56,319.06,319.16,951
2026-02-10T17:20:00+00:00,319.16,319.21,318.68,318.7,998
2026-02-10T17:25:00+00:00,318.7,319.32,318.63,319.04,832
2026-02-10T17:30:00+00:00,319.04,319.37,319.04,319.21,743
2026-02-10T17:35:00+00:00,319.21,319.32,319.04,319.2,735
2026-02-10T17:40:00+00:00,319.2,319.5,318.98,318.99,886
2026-02-10T17:45:00+00:00,318.99,319.34,318.98,319.17,667
2026-02-10T17:50:00+00:00,319.17,319.36,318.9,319.02,635
2026-02-10T17:55:00+00:00,319.02,319.06,318.47,318.5,683
2026-02-10T18:00:00+00:00,318.5,318.73,318.13,318.58,767
2026-02-10T18:05:00+00:00,318.58,318.8,318.51,318.7,972
2026-02-10T18:10:00+00:00,318.7,319.05,318.68,318.88,942
2026-02-10T18:15:00+00:00,318.88,318.96,318.51,318.65,1144
2026-02-10T18:20:00+00:00,318.65,319.22,318.39,319.19,1268
2026-02-10T18:25:00+00:00,319.19,319.34,318.88,319.25,1266
2026-02-10T18:30:00+00:00,319.25,319.32,318.78,319.01,1478
2026-02-10T18:35:00+00:00,319.01,319.11,318.78,318.91,1335
2026-02-10T18:40:00+00:00,318.91,319.06,318.72,318.76,1034
2026-02-10T18:45:00+00:00,318.76,318.76,318.4,318.54,884
2026-02-10T18:50:00+00:00,318.54,318.9,318.47,318.75,857
2026-02-10T18:55:00+00:00,318.75,319.19,318.7,319,959
2026-02-10T19:00:00+00:00,319,319.1,318.72,318.77,1010
2026-02-10T19:05:00+00:00,318.77,318.86,318.59,318.6,813
2026-02-10T19:10:00+00:00,318.6,318.92,318.48,318.88,784
2026-02-10T19:15:00+00:00,318.88,318.92,318.53,318.75,784
2026-02-10T19:20:00+00:00,318.75,319.17,318.75,319.11,823
2026-02-10T19:25:00+00:00,319.11,319.14,318.85,318.98,650
2026-02-10T19:30:00+00:00,318.98,319.61,318.93,319.24,798
2026-02-10T19:35:00+00:00,319.24,319.49,319.23,319.47,729
2026-02-10T19:40:00+00:00,319.47,319.69,319.15,319.3,774
2026-02-10T19:45:00+00:00,319.3,319.56,319.23,319.4,801
2026-02-10T19:50:00+00:00,319.4,319.46,319.18,319.38,634
2026-02-10T19:55:00+00:00,319.38,319.67,319.3,319.58,615
2026-02-10T20:00:00+00:00,319.58,319.66,319.28,319.39,477
2026-02-10T20:05:00+00:00,319.39,319.63,319.36,319.54,425
2026-02-10T20:10:00+00:00,319.54,319.63,319.39,319.46,467
2026-02-10T20:15:00+00:00,319.46,319.92,319.43,319.74,577
2026-02-10T20:20:00+00:00,319.74,320.15,319.67,319.89,494
2026-02-10T20:25:00+00:00,319.89,320.17,319.63,319.96,440
2026-02-10T20:30:00+00:00,319.96,320.25,319.63,319.75,539
2026-02-10T20:35:00+00:00,319.75,319.82,319.31,319.36,479
2026-02-10T20:40:00+00:00,319.36,319.54,319.29,319.44,575
2026-02-10T20:45:00+00:00,319.44,319.66,319.41,319.49,638
2026-02-10T20:50:00+00:00,319.49,319.5,318.77,318.82,1263
2026-02-10T20:55:00+00:00,318.82,319.08,318.27,318.52,1731
2026-02-11T14:30:00+00:00,318.52,320.89,318.38,320.12,1246
2026-02-11T14:35:00+00:00,320.12,320.56,317.54,318.3,2247
2026-02-11T14:40:00+00:00,318.3,318.65,317.39,317.62,2357
2026-02-11T14:45:00+00:00,317.62,318.19,317.13,317.7,1957
2026-02-11T14:50:00+00:00,317.7,317.95,316.78,317.32,2162
2026-02-11T14:55:00+00:00,317.32,317.63,315.57,315.91,1571
2026-02-11T15:00:00+00:00,315.91,317.01,315.68,316.95,1830
2026-02-11T15:05:00+00:00,316.95,316.95,315.19,315.28,2044
2026-02-11T15:10:00+00:00,315.28,315.57,313.95,314.4,2056
2026-02-11T15:15:00+00:00,314.4,314.8,313.4,313.42,1966
2026-02-11T15:20:00+00:00,313.42,313.48,311.93,312.08,1879
2026-02-11T15:25:00+00:00,312.08,312.52,311.62,311.72,1872
2026-02-11T15:30:00+00:00,311.72,312.75,311.63,312.25,1760
2026-02-11T15:35:00+00:00,312.25,312.95,311.9,312.55,2105
2026-02-11T15:40:00+00:00,312.55,313.13,312.45,312.46,1449
2026-02-11T15:45:00+00:00,312.46,312.78,311.67,311.83,1901
2026-02-11T15:50:00+00:00,311.83,313.74,311.7,313.69,1895
2026-02-11T15:55:00+00:00,313.69,313.74,312.56,312.62,1801
2026-02-11T16:00:00+00:00,312.62,313.5,312.57,312.76,2047
2026-02-11T16:05:00+00:00,312.76,312.87,312.1,312.19,1724
2026-02-11T16:10:00+00:00,312.19,313,312.06,312.74,1777
2026-02-11T16:15:00+00:00,312.74,312.84,312.06,312.18,1653
2026-02-11T16:20:00+00:00,312.18,312.33,311.46,311.97,921
2026-02-11T16:25:00+00:00,311.97,312.11,310.8,311.05,1146
2026-02-11T16:30:00+00:00,311.05,311.75,310.79,311.2,1249
2026-02-11T16:35:00+00:00,311.2,311.79,311.01,311.79,1070
2026-02-11T16:40:00+00:00,311.79,312.36,311.7,312.03,1082
2026-02-11T16:45:00+00:00,312.03,312.45,312.03,312.14,958
2026-02-11T16:50:00+00:00,312.14,312.19,311.66,311.66,1222
2026-02-11T16:55:00+00:00,311.66,311.87,311.46,311.47,1192
2026-02-11T17:00:00+00:00,311.47,311.67,311.08,311.43,864
2026-02-11T17:05:00+00:00,311.43,311.86,311.41,311.77,818
2026-02-11T17:10:00+00:00,311.77,312.5,311.72,312.22,811
2026-02-11T17:15:00+00:00,312.22,312.51,311.9,311.99,645
2026-02-11T17:20:00+00:00,311.99,312.02,311.49,311.82,730
2026-02-11T17:25:00+00:00,311.82,312.75,311.81,312.71,1024
2026-02-11T17:30:00+00:00,312.71,312.76,312.29,312.33,1130
2026-02-11T17:35:00+00:00,312.33,312.36,311.83,311.93,1019
2026-02-11T17:40:00+00:00,311.93,312.24,311.8,312.14,774
2026-02-11T17:45:00+00:00,312.14,312.91,311.91,312.72,700
2026-02-11T17:50:00+00:00,312.72,312.75,311.79,311.98,805
2026-02-11T17:55:00+00:00,311.98,311.99,311.18,311.45,736
2026-02-11T18:00:00+00:00,311.45,311.62,311.15,311.23,709
2026-02-11T18:05:00+00:00,311.23,311.34,310.76,310.76,553
2026-02-11T18:10:00+00:00,310.76,311.12,310.58,310.96,841
2026-02-11T18:15:00+00:00,310.96,311.69,310.88,311.49,811
2026-02-11T18:20:00+00:00,311.49,311.72,311.33,311.58,589
2026-02-11T18:25:00+00:00,311.58,312.21,311.44,312.17,665
2026-02-11T18:30:00+00:00,312.17,312.17,311.69,312.04,1034
2026-02-11T18:35:00+00:00,312.04,312.75,311.98,312.67,886
2026-02-11T18:40:00+00:00,312.67,312.7,312.06,312.21,917
2026-02-11T18:45:00+00:00,312.21,312.51,312.06,312.43,805
2026-02-11T18:50:00+00:00,312.43,312.56,311.98,312.3,1057
2026-02-11T18:55:00+00:00,312.3,312.46,312.1,312.19,832
2026-02-11T19:00:00+00:00,312.19,312.27,311.63,311.82,856
2026-02-11T19:05:00+00:00,311.82,311.84,310.9,311.3,954
2026-02-11T19:10:00+00:00,311.3,311.58,311.09,311.39,971
2026-02-11T19:15:00+00:00,311.39,311.83,311.38,311.78,859
2026-02-11T19:20:00+00:00,311.78,312.27,311.69,312.16,906
2026-02-11T19:25:00+00:00,312.16,312.69,312.1,312.6,926
2026-02-11T19:30:00+00:00,312.6,312.74,312.13,312.53,717
2026-02-11T19:35:00+00:00,312.53,312.84,312.36,312.47,499
2026-02-11T19:40:00+00:00,312.47,312.61,312.03,312.18,690
2026-02-11T19:45:00+00:00,312.18,312.31,311.03,311.54,1761
2026-02-11T19:50:00+00:00,311.54,311.74,311.18,311.56,1415
2026-02-11T19:55:00+00:00,311.56,311.65,311.14,311.18,809
2026-02-11T20:00:00+00:00,311.18,311.71,311.14,311.69,741
2026-02-11T20:05:00+00:00,311.69,311.69,311.09,311.21,580
2026-02-11T20:10:00+00:00,311.21,311.55,311.18,311.38,535
2026-02-11T20:15:00+00:00,311.38,311.66,310.99,311.16,586
2026-02-11T20:20:00+00:00,311.16,311.18,310.45,310.73,791
2026-02-11T20:25:00+00:00,310.73,310.87,310.4,310.56,615
2026-02-11T20:30:00+00:00,310.56,310.56,310.01,310.09,803
2026-02-11T20:35:00+00:00,310.09,310.79,310.05,310.69,705
2026-02-11T20:40:00+00:00,310.69,311.29,310.59,311.14,757
2026-02-11T20:45:00+00:00,311.14,311.3,310.65,310.91,819
2026-02-11T20:50:00+00:00,310.91,311.46,310.74,311.33,1337
2026-02-11T20:55:00+00:00,311.33,311.34,310.89,310.95,1682
2026-02-12T14:30:00+00:00,310.95,312.28,310.3,311.34,1531
2026-02-12T14:35:00+00:00,311.34,311.73,310.65,310.82,1132
2026-02-12T14:40:00+00:00,310.82,312.52,310.81,311.27,1706
2026-02-12T14:45:00+00:00,311.27,311.65,310.26,311.17,1997
2026-02-12T14:50:00+00:00,311.17,312.12,310.78,311.25,2016
2026-02-12T14:55:00+00:00,311.25,311.44,310.82,311.44,1705
2026-02-12T15:00:00+00:00,311.44,312.25,310.75,311.73,1791
2026-02-12T15:05:00+00:00,311.73,312.83,311.43,312.29,1555
2026-02-12T15:10:00+00:00,312.29,312.55,311.39,312.37,1766
2026-02-12T15:15:00+00:00,312.37,312.65,311.89,312.06,1524
2026-02-12T15:20:00+00:00,312.06,313.48,312.04,312.97,1878
2026-02-12T15:25:00+00:00,312.97,313.3,312.69,313.25,1662
2026-02-12T15:30:00+00:00,313.25,313.64,312.13,312.17,1755
2026-02-12T15:35:00+00:00,312.17,312.39,311.03,311.07,1439
2026-02-12T15:40:00+00:00,311.07,311.24,310.11,310.14,1957
2026-02-12T15:45:00+00:00,310.14,310.82,310.07,310.62,2061
2026-02-12T15:50:00+00:00,310.62,311.48,310.48,310.65,1378
2026-02-12T15:55:00+00:00,310.65,310.89,310.39,310.68,1905
2026-02-12T16:00:00+00:00,310.68,311.36,310.34,310.74,2219
2026-02-12T16:05:00+00:00,310.74,310.79,310,310.26,2069
2026-02-12T16:10:00+00:00,310.26,310.6,309.81,310.21,1675
2026-02-12T16:15:00+00:00,310.21,311.16,309.65,310.46,1644
2026-02-12T16:20:00+00:00,310.46,311.04,309.89,310.94,2212
2026-02-12T16:25:00+00:00,310.94,311.34,310.68,310.97,2018
2026-02-12T16:30:00+00:00,310.97,312.56,310.89,312.38,2428
2026-02-12T16:35:00+00:00,312.38,314.3,312.36,314.18,1838
2026-02-12T16:40:00+00:00,314.18,316.35,314.01,315.45,2383
2026-02-12T16:45:00+00:00,315.45,316.06,313.91,314.63,2907
2026-02-12T16:50:00+00:00,314.63,314.9,312.92,313.34,2377
2026-02-12T16:55:00+00:00,313.34,314.08,312.79,314,1930
2026-02-12T17:00:00+00:00,314,314,312.91,313.81,1650
2026-02-12T17:05:00+00:00,313.81,314.44,313.38,314.16,2167
2026-02-12T17:10:00+00:00,314.16,314.21,313.48,314.1,1271
2026-02-12T17:15:00+00:00,314.1,314.16,313.51,313.69,1233
2026-02-12T17:20:00+00:00,313.69,314.42,313.65,314.08,2032
2026-02-12T17:25:00+00:00,314.08,314.78,313.73,314.27,1508
2026-02-12T17:30:00+00:00,314.27,314.55,314.09,314.5,1303
2026-02-12T17:35:00+00:00,314.5,315.12,314.39,314.63,1312
2026-02-12T17:40:00+00:00,314.63,314.8,314.19,314.74,1539
2026-02-12T17:45:00+00:00,314.74,314.74,313.93,314,1719
2026-02-12T17:50:00+00:00,314,314.2,313.01,313.15,1152
2026-02-12T17:55:00+00:00,313.15,313.4,312.56,312.82,963
2026-02-12T18:00:00+00:00,312.82,313.19,312.18,312.52,1651
2026-02-12T18:05:00+00:00,312.52,313.66,312.32,313.54,1452
2026-02-12T18:10:00+00:00,313.54,314.68,313.1,314.27,1855
2026-02-12T18:15:00+00:00,314.27,314.34,312.99,313,1566
2026-02-12T18:20:00+00:00,313,313.53,312.77,313.17,1637
2026-02-12T18:25:00+00:00,313.17,313.22,312.21,312.83,1962
2026-02-12T18:30:00+00:00,312.83,312.89,312.08,312.41,2282
2026-02-12T18:35:00+00:00,312.41,313.41,312.22,313.35,1781
2026-02-12T18:40:00+00:00,313.35,313.73,313.22,313.35,1565
2026-02-12T18:45:00+00:00,313.35,313.46,312.79,312.79,1384
2026-02-12T18:50:00+00:00,312.79,313.11,312.4,312.65,1370
2026-02-12T18:55:00+00:00,312.65,312.72,311.85,311.86,1428
2026-02-12T19:00:00+00:00,311.86,312,311.14,311.26,1298
2026-02-12T19:05:00+00:00,311.26,311.68,311.18,311.2,1317
2026-02-12T19:10:00+00:00,311.2,311.22,310.27,310.32,1158
2026-02-12T19:15:00+00:00,310.32,311.17,310.32,310.85,899
2026-02-12T19:20:00+00:00,310.85,311.11,310.45,310.83,1352
2026-02-12T19:25:00+00:00,310.83,311.52,310.19,310.28,1756
2026-02-12T19:30:00+00:00,310.28,311.01,310.23,310.31,1700
2026-02-12T19:35:00+00:00,310.31,310.78,310.19,310.75,1376
2026-02-12T19:40:00+00:00,310.75,311.13,310.45,310.63,1470
2026-02-12T19:45:00+00:00,310.63,311.2,310.61,311.09,1360
2026-02-12T19:50:00+00:00,311.09,311.17,310.39,310.83,938
2026-02-12T19:55:00+00:00,310.83,310.95,310,310.39,1024
2026-02-12T20:00:00+00:00,310.39,310.56,310,310.12,906
2026-02-12T20:05:00+00:00,310.12,310.18,309.49,309.6,718
2026-02-12T20:10:00+00:00,309.6,309.97,309.2,309.92,786
2026-02-12T20:15:00+00:00,309.92,310.23,309.44,309.44,829
2026-02-12T20:20:00+00:00,309.44,309.48,308.79,308.81,631
2026-02-12T20:25:00+00:00,308.81,308.81,308.14,308.18,642
2026-02-12T20:30:00+00:00,308.18,308.86,308.03,308.69,862
2026-02-12T20:35:00+00:00,308.69,309.3,308.66,308.88,839
2026-02-12T20:40:00+00:00,308.88,309.35,308.61,308.61,863
2026-02-12T20:45:00+00:00,308.61,308.7,308.18,308.57,875
2026-02-12T20:50:00+00:00,308.57,309.15,308.01,309.15,1444
2026-02-12T20:55:00+00:00,309.15,309.47,308.88,309.21,1782
2026-02-13T14:30:00+00:00,309.21,309.21,305.58,306.77,1703
2026-02-13T14:35:00+00:00,306.77,307.15,305.18,305.74,2219
2026-02-13T14:40:00+00:00,305.74,306.42,303.78,306.05,2761
2026-02-13T14:45:00+00:00,306.05,306.94,305.58,305.6,2388
2026-02-13T14:50:00+00:00,305.6,307.57,305.14,306.89,2354
2026-02-13T14:55:00+00:00,306.89,308.18,306.21,306.39,2219
2026-02-13T15:00:00+00:00,306.39,307.63,305.81,306.04,2665
2026-02-13T15:05:00+00:00,306.04,307.18,305.56,307.06,1814
2026-02-13T15:10:00+00:00,307.06,307.33,306.3,306.33,1724
2026-02-13T15:15:00+00:00,306.33,306.79,306.09,306.31,2299
2026-02-13T15:20:00+00:00,306.31,307.12,305.94,306.45,1944
2026-02-13T15:25:00+00:00,306.45,307.55,306.31,307.4,1611
2026-02-13T15:30:00+00:00,307.4,307.7,307.16,307.56,1893
2026-02-13T15:35:00+00:00,307.56,307.9,306.1,306.1,1975
2026-02-13T15:40:00+00:00,306.1,306.74,305.72,306.24,2541
2026-02-13T15:45:00+00:00,306.24,306.5,305.03,305.09,2208
2026-02-13T15:50:00+00:00,305.09,306.58,305.03,306.49,2063
2026-02-13T15:55:00+00:00,306.49,306.81,306.1,306.23,1646
2026-02-13T16:00:00+00:00,306.23,306.65,306.18,306.42,1732
2026-02-13T16:05:00+00:00,306.42,307.17,306.25,307.03,1391
2026-02-13T16:10:00+00:00,307.03,307.05,306.1,306.46,1576
2026-02-13T16:15:00+00:00,306.46,306.6,305.56,305.61,1483
2026-02-13T16:20:00+00:00,305.61,305.78,304.73,305.03,1339
2026-02-13T16:25:00+00:00,305.03,305.98,304.91,305.82,1461
2026-02-13T16:30:00+00:00,305.82,306.3,305.38,305.9,1544
2026-02-13T16:35:00+00:00,305.9,306.27,305.77,306.1,1804
2026-02-13T16:40:00+00:00,306.1,306.41,305.57,306.34,1547
2026-02-13T16:45:00+00:00,306.34,306.55,306.06,306.16,1623
2026-02-13T16:50:00+00:00,306.16,306.79,305.93,306.73,1318
2026-02-13T16:55:00+00:00,306.73,307.09,306.58,306.67,976
2026-02-13T17:00:00+00:00,306.67,306.91,306.56,306.75,1112
2026-02-13T17:05:00+00:00,306.75,306.86,306.43,306.53,734
2026-02-13T17:10:00+00:00,306.53,307.09,306.49,306.99,1056
2026-02-13T17:15:00+00:00,306.99,307.01,306.38,306.48,1241
2026-02-13T17:20:00+00:00,306.48,307.15,306.48,306.97,1191
2026-02-13T17:25:00+00:00,306.97,307.42,306.78,307.08,1181
2026-02-13T17:30:00+00:00,307.08,307.47,306.96,307.39,1183
2026-02-13T17:35:00+00:00,307.39,307.42,307,307.2,923
2026-02-13T17:40:00+00:00,307.2,307.2,306.64,306.67,908
2026-02-13T17:45:00+00:00,306.67,307.03,306.41,306.97,1021
2026-02-13T17:50:00+00:00,306.97,306.97,306.5,306.54,1060
2026-02-13T17:55:00+00:00,306.54,306.79,306.3,306.53,1183
2026-02-13T18:00:00+00:00,306.53,306.85,306.25,306.46,1274
2026-02-13T18:05:00+00:00,306.46,306.75,306.23,306.68,977
2026-02-13T18:10:00+00:00,306.68,307.29,306.68,306.84,1022
2026-02-13T18:15:00+00:00,306.84,307.25,306.63,306.9,760
2026-02-13T18:20:00+00:00,306.9,307.48,306.84,307.19,792
2026-02-13T18:25:00+00:00,307.19,308.11,306.88,307.82,1343
2026-02-13T18:30:00+00:00,307.82,308.02,307.55,307.6,1482
2026-02-13T18:35:00+00:00,307.6,307.79,307.14,307.28,1080
2026-02-13T18:40:00+00:00,307.28,307.54,307.13,307.33,1270
2026-02-13T18:45:00+00:00,307.33,307.85,307.3,307.38,1045
2026-02-13T18:50:00+00:00,307.38,307.67,307.03,307.66,1258
2026-02-13T18:55:00+00:00,307.66,307.91,307.47,307.61,1203
2026-02-13T19:00:00+00:00,307.61,307.76,307.05,307.09,891
2026-02-13T19:05:00+00:00,307.09,307.8,307.09,307.73,761
2026-02-13T19:10:00+00:00,307.73,307.85,307.49,307.82,851
2026-02-13T19:15:00+00:00,307.82,307.89,307.41,307.74,655
2026-02-13T19:20:00+00:00,307.74,308.05,307.62,307.94,653
2026-02-13T19:25:00+00:00,307.94,308.06,307.39,307.72,957
2026-02-13T19:30:00+00:00,307.72,307.93,307.55,307.89,1100
2026-02-13T19:35:00+00:00,307.89,308,307.57,307.66,1071
2026-02-13T19:40:00+00:00,307.66,307.81,307.38,307.61,1001
2026-02-13T19:45:00+00:00,307.61,307.92,307.53,307.62,749
2026-02-13T19:50:00+00:00,307.62,307.73,307.19,307.31,738
2026-02-13T19:55:00+00:00,307.31,307.56,306.81,306.9,906
2026-02-13T20:00:00+00:00,306.9,307.23,306.86,307.01,988
2026-02-13T20:05:00+00:00,307.01,307.16,306.41,306.67,914
2026-02-13T20:10:00+00:00,306.67,306.93,306.24,306.25,811
2026-02-13T20:15:00+00:00,306.25,306.76,306.23,306.69,1051
2026-02-13T20:20:00+00:00,306.69,306.88,305.92,305.93,1028
2026-02-13T20:25:00+00:00,305.93,305.98,304.73,304.75,1224
2026-02-13T20:30:00+00:00,304.75,305.65,304.75,305.2,1193
2026-02-13T20:35:00+00:00,305.2,305.34,304.89,305.14,929
2026-02-13T20:40:00+00:00,305.14,305.45,304.81,305.15,1038
2026-02-13T20:45:00+00:00,305.15,306.03,305.1,305.91,1343
2026-02-13T20:50:00+00:00,305.91,306.19,305.19,305.92,1512
2026-02-13T20:55:00+00:00,305.92,306.14,305.17,305.78,1771
2026-02-17T14:30:00+00:00,305.78,305.78,299.08,302.25,2185
2026-02-17T14:35:00+00:00,302.25,304.7,302.17,303.14,1885
2026-02-17T14:40:00+00:00,303.14,303.64,301.08,301.29,2007
2026-02-17T14:45:00+00:00,301.29,301.69,300.57,301.59,2230
2026-02-17T14:50:00+00:00,301.59,301.74,298.81,298.94,2554
2026-02-17T14:55:00+00:00,298.94,299.03,297.54,297.9,2383
2026-02-17T15:00:00+00:00,297.9,299.61,297.61,299.47,2573
2026-02-17T15:05:00+00:00,299.47,299.73,298.05,298.31,2237
2026-02-17T15:10:00+00:00,298.31,298.96,297.8,298.14,2334
2026-02-17T15:15:00+00:00,298.14,299.87,298.12,299.6,2508
2026-02-17T15:20:00+00:00,299.6,299.65,298.48,298.64,2081
2026-02-17T15:25:00+00:00,298.64,299,297.99,298.14,2446
2026-02-17T15:30:00+00:00,298.14,298.18,296.76,296.83,2579
2026-02-17T15:35:00+00:00,296.83,297.77,296.81,297.32,2271
2026-02-17T15:40:00+00:00,297.32,298.75,297.32,298.39,2297
2026-02-17T15:45:00+00:00,298.39,299.45,297.69,299.17,1889
2026-02-17T15:50:00+00:00,299.17,299.63,298.88,299.35,1724
2026-02-17T15:55:00+00:00,299.35,300.12,299.19,299.97,1613
2026-02-17T16:00:00+00:00,299.97,301.01,299.9,300.79,1828
2026-02-17T16:05:00+00:00,300.79,301.73,300.7,301.66,1794
2026-02-17T16:10:00+00:00,301.66,302.97,301.62,302.46,1790
2026-02-17T16:15:00+00:00,302.46,303.28,302,303.12,2161
2026-02-17T16:20:00+00:00,303.12,303.32,302.69,303.17,2178
2026-02-17T16:25:00+00:00,303.17,303.2,301.27,301.41,1997
2026-02-17T16:30:00+00:00,301.41,301.44,300.83,301.22,1985
2026-02-17T16:35:00+00:00,301.22,302.14,301.15,301.76,1923
2026-02-17T16:40:00+00:00,301.76,302.16,301.29,301.49,1994
2026-02-17T16:45:00+00:00,301.49,301.94,301.3,301.68,1626
2026-02-17T16:50:00+00:00,301.68,301.98,301.36,301.74,1661
2026-02-17T16:55:00+00:00,301.74,302.25,301.39,302.08,1888
2026-02-17T17:00:00+00:00,302.08,302.15,301.45,302.06,1890
2026-02-17T17:05:00+00:00,302.06,302.47,301.88,301.9,1269
2026-02-17T17:10:00+00:00,301.9,302.02,301.03,301.2,1786
2026-02-17T17:15:00+00:00,301.2,301.73,300.95,301.36,1866
2026-02-17T17:20:00+00:00,301.36,301.47,300.88,301.37,1694
2026-02-17T17:25:00+00:00,301.37,302.02,301.3,302.01,1650
2026-02-17T17:30:00+00:00,302.01,302.05,300.88,301.31,1926
2026-02-17T17:35:00+00:00,301.31,301.76,301.22,301.53,1605
2026-02-17T17:40:00+00:00,301.53,301.53,300.45,300.52,1662
2026-02-17T17:45:00+00:00,300.52,301,300.24,300.72,1807
2026-02-17T17:50:00+00:00,300.72,300.9,300.04,300.11,1509
2026-02-17T17:55:00+00:00,300.11,301.27,300.05,301.12,1552
2026-02-17T18:00:00+00:00,301.12,301.34,300.56,300.99,1578
2026-02-17T18:05:00+00:00,300.99,301.24,300.69,300.82,1632
2026-02-17T18:10:00+00:00,300.82,301.35,300.63,301.06,1748
2026-02-17T18:15:00+00:00,301.06,301.38,300.88,301.2,1569
2026-02-17T18:20:00+00:00,301.2,302.74,301.18,302.58,1705
2026-02-17T18:25:00+00:00,302.58,302.6,301.94,302.44,1805
2026-02-17T18:30:00+00:00,302.44,302.84,302.19,302.72,1738
2026-02-17T18:35:00+00:00,302.72,302.81,302.33,302.71,1465
2026-02-17T18:40:00+00:00,302.71,303.15,302.68,302.78,1184
2026-02-17T18:45:00+00:00,302.78,302.8,302.09,302.37,1407
2026-02-17T18:50:00+00:00,302.37,302.8,302.22,302.79,1318
2026-02-17T18:55:00+00:00,302.79,303.34,302.76,302.92,1261
2026-02-17T19:00:00+00:00,302.92,303.3,302.7,303.14,1441
2026-02-17T19:05:00+00:00,303.14,303.45,303.07,303.31,1189
2026-02-17T19:10:00+00:00,303.31,303.36,302.8,303.08,1230
2026-02-17T19:15:00+00:00,303.08,303.3,302.97,303.08,1147
2026-02-17T19:20:00+00:00,303.08,303.3,302.91,303.2,909
2026-02-17T19:25:00+00:00,303.2,303.22,302.72,302.85,1126
2026-02-17T19:30:00+00:00,302.85,303.38,302.83,303.35,1078
2026-02-17T19:35:00+00:00,303.35,303.5,303.14,303.45,1144
2026-02-17T19:40:00+00:00,303.45,303.87,303.41,303.56,892
2026-02-17T19:45:00+00:00,303.56,303.6,303.13,303.2,869
2026-02-17T19:50:00+00:00,303.2,303.4,302.96,303.28,945
2026-02-17T19:55:00+00:00,303.28,303.44,302.71,302.79,752
2026-02-17T20:00:00+00:00,302.79,302.96,302.13,302.3,928
2026-02-17T20:05:00+00:00,302.3,302.44,302.1,302.15,843
2026-02-17T20:10:00+00:00,302.15,302.56,302.06,302.46,757
2026-02-17T20:15:00+00:00,302.46,302.52,302.08,302.1,779
2026-02-17T20:20:00+00:00,302.1,302.35,301.91,302.02,821
2026-02-17T20:25:00+00:00,302.02,302.26,301.9,302.01,705
2026-02-17T20:30:00+00:00,302.01,302.05,301.7,302,872
2026-02-17T20:35:00+00:00,302,302.26,301.69,301.69,696
2026-02-17T20:40:00+00:00,301.69,302.43,301.65,302.14,1030
2026-02-17T20:45:00+00:00,302.14,302.39,301.88,302.25,1051
2026-02-17T20:50:00+00:00,302.25,303.02,302.22,302.49,1366
2026-02-17T20:55:00+00:00,302.49,302.95,302.07,302.85,1882
2026-02-18T14:30:00+00:00,302.85,305.28,301.89,303.95,1683
2026-02-18T14:35:00+00:00,303.95,304.4,303.13,303.45,1840
2026-02-18T14:40:00+00:00,303.45,304.04,302.88,303.42,1337
2026-02-18T14:45:00+00:00,303.42,303.53,301.89,301.93,1448
2026-02-18T14:50:00+00:00,301.93,303.01,301.88,302.95,1464
2026-02-18T14:55:00+00:00,302.95,304.07,302.92,303.8,1292
2026-02-18T15:00:00+00:00,303.8,304.58,303.38,304.5,1459
2026-02-18T15:05:00+00:00,304.5,304.62,303.92,304.3,1697
2026-02-18T15:10:00+00:00,304.3,304.36,303.45,304.01,1452
2026-02-18T15:15:00+00:00,304.01,304.15,303.23,303.41,1375
2026-02-18T15:20:00+00:00,303.41,303.89,302.98,303.03,1638
2026-02-18T15:25:00+00:00,303.03,303.49,302.81,303.12,1433
2026-02-18T15:30:00+00:00,303.12,303.23,302.43,302.44,1609
2026-02-18T15:35:00+00:00,302.44,303.57,302.43,303.4,1556
2026-02-18T15:40:00+00:00,303.4,303.91,303.21,303.9,1554
2026-02-18T15:45:00+00:00,303.9,304.34,303.55,304.1,1251
2026-02-18T15:50:00+00:00,304.1,304.15,303.63,303.96,1252
2026-02-18T15:55:00+00:00,303.96,304.59,303.9,304.26,1176
2026-02-18T16:00:00+00:00,304.26,304.4,304.03,304.17,1151
2026-02-18T16:05:00+00:00,304.17,304.59,303.87,303.99,1145
2026-02-18T16:10:00+00:00,303.99,304.39,303.87,304.17,1140
2026-02-18T16:15:00+00:00,304.17,304.35,303.91,303.96,899
2026-02-18T16:20:00+00:00,303.96,304.25,303.68,304.21,1068
2026-02-18T16:25:00+00:00,304.21,304.44,304.13,304.28,910
2026-02-18T16:30:00+00:00,304.28,304.9,304.13,304.56,1061
2026-02-18T16:35:00+00:00,304.56,305.03,304.5,304.75,1008
2026-02-18T16:40:00+00:00,304.75,304.87,304.5,304.62,941
2026-02-18T16:45:00+00:00,304.62,304.73,304.28,304.3,894
2026-02-18T16:50:00+00:00,304.3,304.45,303.93,303.97,1058
2026-02-18T16:55:00+00:00,303.97,304.12,303.83,303.84,954
2026-02-18T17:00:00+00:00,303.84,304.3,303.84,304.22,1034
2026-02-18T17:05:00+00:00,304.22,304.86,304.22,304.59,1093
2026-02-18T17:10:00+00:00,304.59,304.62,304.12,304.47,924
2026-02-18T17:15:00+00:00,304.47,304.93,304.33,304.85,907
2026-02-18T17:20:00+00:00,304.85,305.1,304.78,304.78,723
2026-02-18T17:25:00+00:00,304.78,304.8,304.27,304.27,655
2026-02-18T17:30:00+00:00,304.27,304.45,304.03,304.06,797
2026-02-18T17:35:00+00:00,304.06,304.46,304.05,304.43,671
2026-02-18T17:40:00+00:00,304.43,304.56,304.34,304.51,668
2026-02-18T17:45:00+00:00,304.51,304.64,304.4,304.49,775
2026-02-18T17:50:00+00:00,304.49,304.88,304.45,304.75,679
2026-02-18T17:55:00+00:00,304.75,305.34,304.69,305.14,741
2026-02-18T18:00:00+00:00,305.14,305.65,305.12,305.56,716
2026-02-18T18:05:00+00:00,305.56,305.78,305.18,305.2,761
2026-02-18T18:10:00+00:00,305.2,305.31,304.96,304.98,677
2026-02-18T18:15:00+00:00,304.98,305.22,304.89,304.9,610
2026-02-18T18:20:00+00:00,304.9,304.95,304.59,304.62,673
2026-02-18T18:25:00+00:00,304.62,304.78,304.35,304.46,967
2026-02-18T18:30:00+00:00,304.46,304.65,304.29,304.61,622
2026-02-18T18:35:00+00:00,304.61,304.85,304.49,304.5,729
2026-02-18T18:40:00+00:00,304.5,304.56,303.69,303.99,1094
2026-02-18T18:45:00+00:00,303.99,304.3,303.88,304.06,1010
2026-02-18T18:50:00+00:00,304.06,304.12,303.42,303.96000000000004,810
2026-02-18T18:55:00+00:00,303.96000000000004,304.40000000000003,303.87,304.11,975
2026-02-18T19:00:00+00:00,304.11,304.12,303.81,303.98,962
2026-02-18T19:05:00+00:00,303.98,304.49,303.98,304.42,532
2026-02-18T19:10:00+00:00,304.42,304.58000000000004,304.06,304.11,785
2026-02-18T19:15:00+00:00,304.11,304.15000000000003,303.74,303.86,792
2026-02-18T19:20:00+00:00,303.86,304.08000000000004,303.74,303.86,955
2026-02-18T19:25:00+00:00,303.86,303.93,303.43,303.48,1000
2026-02-18T19:30:00+00:00,303.48,303.69000000000005,303.25000000000006,303.62,1132
2026-02-18T19:35:00+00:00,303.62,303.77000000000004,302.85,302.94000000000005,1501
2026-02-18T19:40:00+00:00,302.94000000000005,303.29,302.73,302.79,1271
2026-02-18T19:45:00+00:00,302.79,303.23,302.73,302.91,1159
2026-02-18T19:50:00+00:00,302.91,302.92,302.45000000000005,302.59000000000003,963
2026-02-18T19:55:00+00:00,302.59000000000003,302.68,302.14000000000004,302.34000000000003,1220
2026-02-18T20:00:00+00:00,302.34000000000003,303.03000000000003,302.32000000000005,302.82000000000005,1071
2026-02-18T20:05:00+00:00,302.82000000000005,302.85,302.27000000000004,302.31,881
2026-02-18T20:10:00+00:00,302.31,302.40000000000003,301.91,302.18,993
2026-02-18T20:15:00+00:00,302.18,302.49,301.92,302.43,859
2026-02-18T20:20:00+00:00,302.43,302.43,301.95000000000005,302.21000000000004,859
2026-02-18T20:25:00+00:00,302.21000000000004,302.27000000000004,301.87,302.18,844
2026-02-18T20:30:00+00:00,302.18,302.86,302.1,302.83000000000004,870
2026-02-18T20:35:00+00:00,302.83000000000004,303.28000000000003,302.75000000000006,303.18,721
2026-02-18T20:40:00+00:00,303.18,303.32000000000005,302.91,303.18,745
2026-02-18T20:45:00+00:00,303.18,303.70000000000005,303.02000000000004,303.50000000000006,1003
2026-02-18T20:50:00+00:00,303.50000000000006,304.56,303.15000000000003,304.41,1109
2026-02-18T20:55:00+00:00,304.41,304.41,303.64000000000004,303.89000000000004,1572
2026-02-19T14:30:00+00:00,303.89000000000004,303.89000000000004,300.72,302,1350
2026-02-19T14:35:00+00:00,302,302.61,300.81,302.23,2030
2026-02-19T14:40:00+00:00,302.23,302.37,301.34000000000003,301.98,1995
2026-02-19T14:45:00+00:00,301.98,303.02000000000004,301.15000000000003,302.89000000000004,2103
2026-02-19T14:50:00+00:00,302.89000000000004,303.46000000000004,302.82,302.94,1834
2026-02-19T14:55:00+00:00,302.94,303.87,302.92,303.38,1691
2026-02-19T15:00:00+00:00,303.38,304.75,302.85,303.98,1713
2026-02-19T15:05:00+00:00,303.98,304.15000000000003,303.6,303.85,1673
2026-02-19T15:10:00+00:00,303.85,303.98,303.11,303.48,1941
2026-02-19T15:15:00+00:00,303.48,304.09000000000003,303.44,304.02000000000004,2031
2026-02-19T15:20:00+00:00,304.02000000000004,304.31,303.44,304.14000000000004,1420
2026-02-19T15:25:00+00:00,304.14000000000004,304.36,303.25,303.33000000000004,1218
2026-02-19T15:30:00+00:00,303.33000000000004,303.84000000000003,303.15000000000003,303.67,1237
2026-02-19T15:35:00+00:00,303.67,303.67,302.63,302.96000000000004,1256
2026-02-19T15:40:00+00:00,302.96000000000004,303.36,302.82,303.22,1337
2026-02-19T15:45:00+00:00,303.22,303.39000000000004,303.13,303.26,1380
2026-02-19T15:50:00+00:00,303.26,303.36,302.53000000000003,303.08000000000004,1354
2026-02-19T15:55:00+00:00,303.08000000000004,303.82,302.99,303.82,1428
2026-02-19T16:00:00+00:00,303.82,304.1,303.04,303.12,1440
2026-02-19T16:05:00+00:00,303.12,303.88,302.63,303.72,1343
2026-02-19T16:10:00+00:00,303.72,304.44,303.49,304.39000000000004,1226
2026-02-19T16:15:00+00:00,304.39000000000004,305.51,304.33000000000004,305.25,1077
2026-02-19T16:20:00+00:00,305.25,306.11,305.11,306.04,1279
2026-02-19T16:25:00+00:00,306.04,306.07,305.02000000000004,305.31,1491
2026-02-19T16:30:00+00:00,305.31,305.88,305.12,305.5,1718
2026-02-19T16:35:00+00:00,305.5,305.61,304.94,305.19,1338
2026-02-19T16:40:00+00:00,305.19,305.29,304.23,304.37,1319
2026-02-19T16:45:00+00:00,304.37,304.65000000000003,303.61,303.69,1580
2026-02-19T16:50:00+00:00,303.69,304.36,303.31,304.23,1471
2026-02-19T16:55:00+00:00,304.23,304.39000000000004,303.99,304,1302
2026-02-19T17:00:00+00:00,304,304.28000000000003,303.49,303.63,1282
2026-02-19T17:05:00+00:00,303.63,304.03000000000003,303.51,303.79,1443
2026-02-19T17:10:00+00:00,303.79,303.98,303.55,303.97,1139
2026-02-19T17:15:00+00:00,303.97,304.85,303.77000000000004,304.71000000000004,1412
2026-02-19T17:20:00+00:00,304.71000000000004,305.1,304.6,305.03000000000003,1353
2026-02-19T17:25:00+00:00,305.03000000000003,305.15000000000003,304.31,304.49,1002
2026-02-19T17:30:00+00:00,304.49,305.45000000000005,304.41,305.03000000000003,828
2026-02-19T17:35:00+00:00,305.03000000000003,305.37,304.99,305.07,1048
2026-02-19T17:40:00+00:00,305.07,305.54,305.02000000000004,305.16,1009
2026-02-19T17:45:00+00:00,305.16,305.28000000000003,304.40000000000003,304.72,1286
2026-02-19T17:50:00+00:00,304.72,305.29,304.52000000000004,304.66,1221
2026-02-19T17:55:00+00:00,304.66,304.84000000000003,304.16,304.21000000000004,1318
2026-02-19T18:00:00+00:00,304.21000000000004,304.86,304.11,304.64000000000004,1392
2026-02-19T18:05:00+00:00,304.64000000000004,305.07,304.53000000000003,304.87,1285
2026-02-19T18:10:00+00:00,304.87,305.44,304.71000000000004,305.41,1201
2026-02-19T18:15:00+00:00,305.41,305.45000000000005,304.61,304.75,1092
2026-02-19T18:20:00+00:00,304.75,304.98,304.45000000000005,304.86,998
2026-02-19T18:25:00+00:00,304.86,305.05,304.54,304.75,931
2026-02-19T18:30:00+00:00,304.75,304.81,304.20000000000005,304.27000000000004,945
2026-02-19T18:35:00+00:00,304.27000000000004,304.67,304.11,304.65000000000003,768
2026-02-19T18:40:00+00:00,304.65000000000003,304.71000000000004,304.36,304.5,731
2026-02-19T18:45:00+00:00,304.5,305.11,304.43,304.98,706
2026-02-19T18:50:00+00:00,304.98,305.07,304.67,304.78000000000003,748
2026-02-19T18:55:00+00:00,304.78000000000003,305.18,304.55,305.14000000000004,685
2026-02-19T19:00:00+00:00,305.14000000000004,305.15000000000003,304.46000000000004,304.5,857
2026-02-19T19:05:00+00:00,304.5,305.16,304.46000000000004,305.03000000000003,637
2026-02-19T19:10:00+00:00,305.03000000000003,305.06,304.69,304.78000000000003,930
2026-02-19T19:15:00+00:00,304.78000000000003,305.06,304.64000000000004,305.02000000000004,710
2026-02-19T19:20:00+00:00,305.02000000000004,305.36,304.97,305.22,686
2026-02-19T19:25:00+00:00,305.22,305.25,304.51,304.71000000000004,829
2026-02-19T19:30:00+00:00,304.71000000000004,305.02000000000004,304.66,304.72,924
2026-02-19T19:35:00+00:00,304.72,304.78000000000003,303.82,303.85,883
2026-02-19T19:40:00+00:00,303.85,304.08000000000004,303.59000000000003,303.74,703
2026-02-19T19:45:00+00:00,303.74,303.91,303.40000000000003,303.62,752
2026-02-19T19:50:00+00:00,303.62,303.98,303.62,303.79,822
2026-02-19T19:55:00+00:00,303.79,304.19,303.78000000000003,303.83000000000004,943
2026-02-19T20:00:00+00:00,303.83000000000004,304.29,303.79,304.05,835
2026-02-19T20:05:00+00:00,304.05,304.1,303.41,303.46000000000004,771
2026-02-19T20:10:00+00:00,303.46000000000004,303.62,303.21000000000004,303.37,851
2026-02-19T20:15:00+00:00,303.37,303.55,303.08000000000004,303.55,872
2026-02-19T20:20:00+00:00,303.55,303.62,303.23,303.29,790
2026-02-19T20:25:00+00:00,303.29,303.57,303.22,303.42,812
2026-02-19T20:30:00+00:00,303.42,303.89000000000004,303.37,303.63,854
2026-02-19T20:35:00+00:00,303.63,303.92,303.63,303.79,908
2026-02-19T20:40:00+00:00,303.79,303.82,303.38,303.69,913
2026-02-19T20:45:00+00:00,303.69,303.94,303.35,303.69,878
2026-02-19T20:50:00+00:00,303.69,303.69,303.06,303.1,811
2026-02-19T20:55:00+00:00,303.1,303.68,302.92,303.67,1637
2026-02-20T14:30:00+00:00,303.67,308.91,303.67,308.45,1583
2026-02-20T14:35:00+00:00,308.45,310.87,308.43,309.56,2646
2026-02-20T14:40:00+00:00,309.56,310.62,308.88,310.41,1741
2026-02-20T14:45:00+00:00,310.41,310.9,309.74,310.01,1475
2026-02-20T14:50:00+00:00,310.01,310.13,308.93,309.04,1652
2026-02-20T14:55:00+00:00,309.04,310.18,308.63,309.76,1399
2026-02-20T15:00:00+00:00,309.76,311.51,308.93,309.1,2638
2026-02-20T15:05:00+00:00,309.1,310.07,307.73,310.01,2715
2026-02-20T15:10:00+00:00,310.01,310.47,309.35,309.39,2675
2026-02-20T15:15:00+00:00,309.39,310.69,308.59,310.4,2431
2026-02-20T15:20:00+00:00,310.4,311.65,310.16,311.24,1945
2026-02-20T15:25:00+00:00,311.24,312.02,310.63,310.83,2161
2026-02-20T15:30:00+00:00,310.83,311.85,310.76,311.47,2724
2026-02-20T15:35:00+00:00,311.47,313.38,311.47,313.28,2669
2026-02-20T15:40:00+00:00,313.28,314.85,312.81,314.71,2325
2026-02-20T15:45:00+00:00,314.71,314.95,313.63,314.47,2322
2026-02-20T15:50:00+00:00,314.47,315.82,314.39,315.57,2138
2026-02-20T15:55:00+00:00,315.57,315.65,314.72,315.25,1958
2026-02-20T16:00:00+00:00,315.25,315.77,315.15000000000003,315.31,2019
2026-02-20T16:05:00+00:00,315.31,315.7,314.67,315.21000000000004,1819
2026-02-20T16:10:00+00:00,315.21000000000004,315.44,314.40000000000003,314.52,1691
2026-02-20T16:15:00+00:00,314.52,315.02,313.93,314.83,1733
2026-02-20T16:20:00+00:00,314.83,315.09000000000003,314.24,314.96000000000004,2071
2026-02-20T16:25:00+00:00,314.96000000000004,315.48,314.44,314.74,1920
2026-02-20T16:30:00+00:00,314.74,315.52,314.64,315.24,2027
2026-02-20T16:35:00+00:00,315.24,315.53000000000003,314.66,315.46000000000004,1826
2026-02-20T16:40:00+00:00,315.46000000000004,316.06,315.29,315.94,1505
2026-02-20T16:45:00+00:00,315.94,316.5,315.91,316.38,1297
2026-02-20T16:50:00+00:00,316.38,316.48,315.83,316.25,1284
2026-02-20T16:55:00+00:00,316.25,316.88,316.13,316.27,1238
2026-02-20T17:00:00+00:00,316.27,316.45,315.52,315.6,1525
2026-02-20T17:05:00+00:00,315.6,315.74,315.05,315.38,1629
2026-02-20T17:10:00+00:00,315.38,315.43,314.40000000000003,314.63,1705
2026-02-20T17:15:00+00:00,314.63,314.7,313.40000000000003,313.55,1900
2026-02-20T17:20:00+00:00,313.55,313.93,313.15000000000003,313.21000000000004,1672
2026-02-20T17:25:00+00:00,313.21000000000004,314.42,313.13,314.3,1696
2026-02-20T17:30:00+00:00,314.3,315.13,314.13,314.82,1755
2026-02-20T17:35:00+00:00,314.82,315.36,314.37,315.05,2013
2026-02-20T17:40:00+00:00,315.05,315.44,314.36,314.91,1661
2026-02-20T17:45:00+00:00,314.91,315.61,314.91,315.5,1557
2026-02-20T17:50:00+00:00,315.5,316.2,315.3,315.98,1532
2026-02-20T17:55:00+00:00,315.98,316.1,315.13,315.66,1737
2026-02-20T18:00:00+00:00,315.66,315.83,314.85,314.93,1484
2026-02-20T18:05:00+00:00,314.93,315.53000000000003,314.84000000000003,315.08,1453
2026-02-20T18:10:00+00:00,315.08,315.16,314.65000000000003,314.87,1405
2026-02-20T18:15:00+00:00,314.87,315.04,314.43,314.91,1438
2026-02-20T18:20:00+00:00,314.91,314.91,313.93,314.78000000000003,1737
2026-02-20T18:25:00+00:00,314.78000000000003,314.86,314.15000000000003,314.67,1741
2026-02-20T18:30:00+00:00,314.67,315.49,314.13,314.98,1898
2026-02-20T18:35:00+00:00,314.98,315.58,314.28000000000003,315.12,2180
2026-02-20T18:40:00+00:00,315.12,315.87,314.8,315.27,1753
2026-02-20T18:45:00+00:00,315.27,315.93,315.2,315.24,1695
2026-02-20T18:50:00+00:00,315.24,315.42,314.64,315.13,1620
2026-02-20T18:55:00+00:00,315.13,315.51,314.97,315.09000000000003,1322
2026-02-20T19:00:00+00:00,315.09000000000003,315.42,314.99,315.26,1212
2026-02-20T19:05:00+00:00,315.26,315.28000000000003,314.95,315.11,1247
2026-02-20T19:10:00+00:00,315.11,315.36,314.87,314.96000000000004,1098
2026-02-20T19:15:00+00:00,314.96000000000004,315.09000000000003,314.88,315.02,927
2026-02-20T19:20:00+00:00,315.02,315.41,314.89,315.32,1034
2026-02-20T19:25:00+00:00,315.32,315.36,314.86,314.94,1015
2026-02-20T19:30:00+00:00,314.94,315.49,314.93,315.32,1003
2026-02-20T19:35:00+00:00,315.32,315.43,315.02,315.34000000000003,929
2026-02-20T19:40:00+00:00,315.34000000000003,315.57,315.04,315.15000000000003,896
2026-02-20T19:45:00+00:00,315.15000000000003,315.59000000000003,315.14,315.59000000000003,1017
2026-02-20T19:50:00+00:00,315.59000000000003,315.83,315.40000000000003,315.46000000000004,1096
2026-02-20T19:55:00+00:00,315.46000000000004,315.78000000000003,315.44,315.58,978
2026-02-20T20:00:00+00:00,315.58,315.94,315.40000000000003,315.82,910
2026-02-20T20:05:00+00:00,315.82,316.61,315.72,316.55,929
2026-02-20T20:10:00+00:00,316.55,316.6,316.05,316.16,953
2026-02-20T20:15:00+00:00,316.16,316.28000000000003,315.67,315.79,885
2026-02-20T20:20:00+00:00,315.79,315.86,315.1,315.14,787
2026-02-20T20:25:00+00:00,315.14,315.46000000000004,315.14,315.36,783
2026-02-20T20:30:00+00:00,315.36,315.71000000000004,315.27,315.29,845
2026-02-20T20:35:00+00:00,315.29,315.48,315.08,315.29,834
2026-02-20T20:40:00+00:00,315.29,315.90000000000003,315.29,315.7,1006
2026-02-20T20:45:00+00:00,315.7,315.96000000000004,315.52,315.57,1021
2026-02-20T20:50:00+00:00,315.57,315.78000000000003,314.93,315.38,1677
2026-02-20T20:55:00+00:00,315.38,315.38,314.48,314.75,2654
2026-02-23T14:30:00+00:00,314.75,319.34000000000003,314.75,317.71000000000004,1846
2026-02-23T14:35:00+00:00,317.71000000000004,318.7,317.29,317.77,2211
2026-02-23T14:40:00+00:00,317.77,317.91,315.33,315.98,1794
2026-02-23T14:45:00+00:00,315.98,317.42,315.46000000000004,316.51,2455
2026-02-23T14:50:00+00:00,316.51,317.51,316.13,316.33,1975
2026-02-23T14:55:00+00:00,316.33,316.83,315.44,315.44,1596
2026-02-23T15:00:00+00:00,315.44,316.57,315.28000000000003,315.54,2208
2026-02-23T15:05:00+00:00,315.54,315.97,315.19,315.5,2182
2026-02-23T15:10:00+00:00,315.5,316.24,315.40000000000003,315.92,2238
2026-02-23T15:15:00+00:00,315.92,316.76,315.85,316.72,1877
2026-02-23T15:20:00+00:00,316.72,316.83,316.08,316.36,2323
2026-02-23T15:25:00+00:00,316.36,316.51,315.67,315.93,2113
2026-02-23T15:30:00+00:00,315.93,316.1,314.42,314.54,1670
2026-02-23T15:35:00+00:00,314.54,314.82,314.17,314.3,1529
2026-02-23T15:40:00+00:00,314.3,314.59000000000003,314.04,314.19,1513
2026-02-23T15:45:00+00:00,314.19,315.24,314.06,314.76,1794
2026-02-23T15:50:00+00:00,314.76,314.93,313.87,313.91,1808
2026-02-23T15:55:00+00:00,313.91,314.06,-1471.1399999999999,-1471.04,2390.576923076923
2026-02-23T16:00:00+00:00,312.78,313.1,312.13,312.45,1954
2026-02-23T16:05:00+00:00,312.45,312.58,312.1,312.26,2019
2026-02-23T16:10:00+00:00,312.26,312.65,311.71,312.11,2071
2026-02-23T16:15:00+00:00,312.11,313.11,311.8,312.83,1967
2026-02-23T16:20:00+00:00,312.83,313.51,312.69,313.23,2145
2026-02-23T16:25:00+00:00,313.23,314.18,313.1,314.03,1801
2026-02-23T16:30:00+00:00,314.03,314.2,313.46,313.78,1947
2026-02-23T16:35:00+00:00,313.78,313.98,313.47,313.63,1676
2026-02-23T16:40:00+00:00,313.63,314.11,313.51,313.89,1664
2026-02-23T16:45:00+00:00,313.89,314.01,313.28,313.57,1592
2026-02-23T16:50:00+00:00,313.57,314.42,313.57,314.22,1559
2026-02-23T16:55:00+00:00,314.22,314.34,313.73,313.8,1381
2026-02-23T17:00:00+00:00,313.8,314.09,313.67,313.77,1444
2026-02-23T17:05:00+00:00,313.77,314.17,313.69,313.74,1369
2026-02-23T17:10:00+00:00,313.74,313.91,313.51,313.64,1044
2026-02-23T17:15:00+00:00,313.64,314.03,313.61,313.65,919
2026-02-23T17:20:00+00:00,313.65,313.96,313.55,313.82,824
2026-02-23T17:25:00+00:00,313.82,314.01,313.64,313.82,752
2026-02-23T17:30:00+00:00,313.82,313.96,313.49,313.63,748
2026-02-23T17:35:00+00:00,313.63,313.63,312.78,312.79,1159
2026-02-23T17:40:00+00:00,312.79,313.56,312.78,313.21,1325
2026-02-23T17:45:00+00:00,313.21,313.33,312.88,313.07,864
2026-02-23T17:50:00+00:00,313.07,313.5,313,313.35,1152
2026-02-23T17:55:00+00:00,313.35,313.52,313.14,313.44,1192
2026-02-23T18:00:00+00:00,313.44,314.31,313.44,314.21,1038
2026-02-23T18:05:00+00:00,314.21,314.64,314.16,314.35,868
2026-02-23T18:10:00+00:00,314.35,314.38,313.94,314.25,798
2026-02-23T18:15:00+00:00,314.25,314.49,314.15,314.25,828
2026-02-23T18:20:00+00:00,314.25,314.75,314.21,314.72,774
2026-02-23T18:25:00+00:00,314.72,314.89,314.46,314.5,768
2026-02-23T18:30:00+00:00,314.5,314.55,314.11,314.22,827
2026-02-23T18:35:00+00:00,314.22,314.43,313.99,314.03,894
2026-02-23T18:40:00+00:00,314.03,314.16,313.47,313.57,1045
2026-02-23T18:45:00+00:00,313.57,313.87,313.38,313.64,1001
2026-02-23T18:50:00+00:00,313.64,313.65,312.88,313.01,946
2026-02-23T18:55:00+00:00,313.01,313.06,312.66,312.82,1109
2026-02-23T19:00:00+00:00,312.82,313.06,312.73,312.91,1196
2026-02-23T19:05:00+00:00,312.91,313.23,312.73,312.92,960
2026-02-23T19:10:00+00:00,312.92,313.1,312.78,312.91,805
2026-02-23T19:15:00+00:00,312.91,313.08,312.66,312.7,841
2026-02-23T19:20:00+00:00,312.7,312.82,312.57,312.78,1014
2026-02-23T19:25:00+00:00,312.78,313.03,312.51,312.59,1066
2026-02-23T19:30:00+00:00,312.59,312.86,312.51,312.76,862
2026-02-23T19:35:00+00:00,312.76,312.86,312.38,312.48,957
2026-02-23T19:40:00+00:00,312.48,312.48,311.14,311.34,782
2026-02-23T19:45:00+00:00,311.34,311.51,311.15,311.47,1034
2026-02-23T19:50:00+00:00,311.47,311.57,310.51,310.67,1041
2026-02-23T19:55:00+00:00,310.67,311.13,310.42,310.48,976
2026-02-23T20:00:00+00:00,310.48,310.65,309.94,310.37,902
2026-02-23T20:05:00+00:00,310.37,310.61,309.87,310.25,902
2026-02-23T20:10:00+00:00,310.25,310.77,310.18,310.66,799
2026-02-23T20:15:00+00:00,310.66,310.86,310.12,310.68,904
2026-02-23T20:20:00+00:00,310.68,311.2,310.58,311.2,659
2026-02-23T20:25:00+00:00,311.2,311.44,311.06,311.38,535
2026-02-23T20:30:00+00:00,311.38,311.72,311.18,311.57,795
2026-02-23T20:35:00+00:00,311.57,311.59,311.18,311.4,716
2026-02-23T20:40:00+00:00,311.4,311.47,310.94,311.08,723
2026-02-23T20:45:00+00:00,311.08,311.11,310.46,310.94,719
2026-02-23T20:50:00+00:00,310.94,311.24,310.39,310.61,1251
2026-02-23T20:55:00+00:00,310.61,311.65,310.52,311.65,1756
2026-02-24T14:30:00+00:00,311.65,311.65,306.55,307.69,1369
2026-02-24T14:35:00+00:00,307.69,308.23,305.94,308.03,2072
2026-02-24T14:40:00+00:00,308.03,308.49,306.92,308.36,1945
2026-02-24T14:45:00+00:00,308.36,308.81,307.78,308.54,1819
2026-02-24T14:50:00+00:00,308.54,309.75,307.92,309.33,1688
2026-02-24T14:55:00+00:00,309.33,309.33,307.82,307.9,1358
2026-02-24T15:00:00+00:00,307.9,307.92,306.78,307.74,1359
2026-02-24T15:05:00+00:00,307.74,308.18,307.11,308.02,2156
2026-02-24T15:10:00+00:00,308.02,308.3,306.08,306.16,1927
2026-02-24T15:15:00+00:00,306.16,307.07,306.03,306.94,2293
2026-02-24T15:20:00+00:00,306.94,307.91,306.63,307.67,2196
2026-02-24T15:25:00+00:00,307.67,309.38,307.53,309.32,2190
2026-02-24T15:30:00+00:00,309.32,309.53,308.81,309.42,2210
2026-02-24T15:35:00+00:00,309.42,309.73,308.88,308.97,1706
2026-02-24T15:40:00+00:00,308.97,309.84,308.73,309.49,1496
2026-02-24T15:45:00+00:00,309.49,309.51,308.88,309.31,1359
2026-02-24T15:50:00+00:00,309.31,310.03,309.18,309.78,1345
2026-02-24T15:55:00+00:00,309.78,310.37,309.7,309.73,1657
2026-02-24T16:00:00+00:00,309.73,310.81,309.7,310.63,1599
2026-02-24T16:05:00+00:00,310.63,310.82,310.11,310.53,1340
2026-02-24T16:10:00+00:00,310.53,311.21,310.41,311.02,1073
2026-02-24T16:15:00+00:00,311.02,311.07,310.53,310.79,1225
2026-02-24T16:20:00+00:00,310.79,310.89,310.35,310.7,1205
2026-02-24T16:25:00+00:00,310.7,311.08,310.59,310.74,1080
2026-02-24T16:30:00+00:00,310.74,310.82,310.2,310.53,1338
2026-02-24T16:35:00+00:00,310.53,310.91,310.39,310.79,1211
2026-02-24T16:40:00+00:00,310.79,311.07,310.44,310.65000000000003,1245
2026-02-24T16:45:00+00:00,310.65000000000003,310.81,310.38,310.74,1026
2026-02-24T16:50:00+00:00,310.74,311.31,310.53000000000003,311.06,1072
2026-02-24T16:55:00+00:00,311.06,311.3,310.81,311.12,923
2026-02-24T17:00:00+00:00,311.12,311.37,310.98,311.11,1018
2026-02-24T17:05:00+00:00,311.11,311.20000000000005,310.81,311.03000000000003,868
2026-02-24T17:10:00+00:00,311.03000000000003,311.61,311.03000000000003,311.29,1052
2026-02-24T17:15:00+00:00,311.29,311.40000000000003,311.11,311.32000000000005,826
2026-02-24T17:20:00+00:00,311.32000000000005,311.82000000000005,311.32000000000005,311.69000000000005,925
2026-02-24T17:25:00+00:00,311.69000000000005,311.91,311.52000000000004,311.83000000000004,906
2026-02-24T17:30:00+00:00,311.83000000000004,312.26000000000005,311.68,312.00000000000006,905
2026-02-24T17:35:00+00:00,312.00000000000006,312.09000000000003,311.71000000000004,311.75000000000006,761
2026-02-24T17:40:00+00:00,311.75000000000006,311.75000000000006,311.39000000000004,311.45000000000005,763
2026-02-24T17:45:00+00:00,311.45000000000005,311.55000000000007,311.24000000000007,311.40000000000003,823
2026-02-24T17:50:00+00:00,311.40000000000003,311.59000000000003,311.23,311.26,687
2026-02-24T17:55:00+00:00,311.26,311.26,310.95000000000005,311,608
2026-02-24T18:00:00+00:00,311,311.51,310.86,311.25,563
2026-02-24T18:05:00+00:00,311.25,311.3,310.87,311.04,940
2026-02-24T18:10:00+00:00,311.04,311.25,310.96000000000004,310.99,722
2026-02-24T18:15:00+00:00,310.99,311.13,310.89000000000004,310.99,725
2026-02-24T18:20:00+00:00,310.99,311.12,310.79,310.84000000000003,730
2026-02-24T18:25:00+00:00,310.84000000000003,310.87,310.62,310.70000000000005,882
2026-02-24T18:30:00+00:00,310.70000000000005,310.99,310.61,310.88,849
2026-02-24T18:35:00+00:00,310.88,311.07,310.68,310.8,798
2026-02-24T18:40:00+00:00,310.8,310.81,310.27000000000004,310.57,905
2026-02-24T18:45:00+00:00,310.57,310.72,310.26,310.34000000000003,923
2026-02-24T18:50:00+00:00,310.34000000000003,310.77000000000004,310.34000000000003,310.71000000000004,761
2026-02-24T18:55:00+00:00,310.71000000000004,310.84000000000003,310.45000000000005,310.46000000000004,740
2026-02-24T19:00:00+00:00,310.46000000000004,310.56,310.31,310.33000000000004,1092
2026-02-24T19:05:00+00:00,310.33000000000004,310.76,310.15000000000003,310.54,863
2026-02-24T19:10:00+00:00,310.54,310.56,310.17,310.20000000000005,988
2026-02-24T19:15:00+00:00,310.20000000000005,310.25,309.52000000000004,309.61,1089
2026-02-24T19:20:00+00:00,309.61,309.93,309.47,309.76,872
2026-02-24T19:25:00+00:00,309.76,310.1,309.61,310.08000000000004,812
2026-02-24T19:30:00+00:00,310.08000000000004,310.46000000000004,310.06,310.31,746
2026-02-24T19:35:00+00:00,310.31,310.79,310.1,310.72,730
2026-02-24T19:40:00+00:00,310.72,311.14000000000004,310.70000000000005,310.88,835
2026-02-24T19:45:00+00:00,310.88,310.96000000000004,310.71000000000004,310.79,724
2026-02-24T19:50:00+00:00,310.79,311.22,310.75,310.84000000000003,861
2026-02-24T19:55:00+00:00,310.84000000000003,311.3,310.79,311.06,923
2026-02-24T20:00:00+00:00,311.06,311.5,311.02000000000004,311.37,874
2026-02-24T20:05:00+00:00,311.37,311.41,310.97,310.98,739
2026-02-24T20:10:00+00:00,310.98,311.03000000000003,310.70000000000005,310.88000000000005,733
2026-02-24T20:15:00+00:00,310.88000000000005,311.08000000000004,310.82000000000005,311.01000000000005,666
2026-02-24T20:20:00+00:00,311.01000000000005,311.1,310.85,310.89000000000004,782
2026-02-24T20:25:00+00:00,310.89000000000004,311.1,310.82000000000005,310.96000000000004,805
2026-02-24T20:30:00+00:00,310.96000000000004,311.15000000000003,310.76000000000005,310.83000000000004,867
2026-02-24T20:35:00+00:00,310.83000000000004,310.91,310.65000000000003,310.69000000000005,738
2026-02-24T20:40:00+00:00,310.69000000000005,310.98,310.5,310.91,789
2026-02-24T20:45:00+00:00,310.91,311.13000000000005,310.81,310.81,778
2026-02-24T20:50:00+00:00,310.81,311.42,310.81,311.19000000000005,1140
2026-02-24T20:55:00+00:00,311.19000000000005,311.19000000000005,310.42,310.88000000000005,1697
2026-02-25T14:30:00+00:00,310.88000000000005,311.95000000000005,309.45000000000005,310.01000000000005,1629
2026-02-25T14:35:00+00:00,310.01000000000005,312.06,310.01000000000005,311.74,1366
2026-02-25T14:40:00+00:00,311.74,312.75,311.62,312.35,1359
2026-02-25T14:45:00+00:00,312.35,313.29,311.96000000000004,313.12,1437
2026-02-25T14:50:00+00:00,313.12,313.31,312.76000000000005,313.05,1371
2026-02-25T14:55:00+00:00,313.05,313.49,312.55,312.63000000000005,1346
2026-02-25T15:00:00+00:00,312.63000000000005,312.81,311.27,311.54,1509
2026-02-25T15:05:00+00:00,311.54,312.33,311.33,311.94,1541
2026-02-25T15:10:00+00:00,311.94,312.22,311.69,311.69,1445
2026-02-25T15:15:00+00:00,311.69,311.86,311.4,311.48,1491
2026-02-25T15:20:00+00:00,311.48,311.79,311.39,311.6,1318
2026-02-25T15:25:00+00:00,311.6,312.18,311.59,311.99,1095
2026-02-25T15:30:00+00:00,311.99,312.07,311.07,311.15,1199
2026-02-25T15:35:00+00:00,311.15,311.19,310.16,310.51,1256
2026-02-25T15:40:00+00:00,310.51,310.69,310.15,310.23,1081
2026-02-25T15:45:00+00:00,310.23,310.3,310.03,310.14,903
2026-02-25T15:50:00+00:00,310.14,310.34,309.53,309.68,1079
2026-02-25T15:55:00+00:00,309.68,309.96,309.53,309.8,1022
2026-02-25T16:00:00+00:00,309.8,310.32,309.54,310.28,1182
2026-02-25T16:05:00+00:00,310.28,310.48999999999995,309.5199999999999,309.5799999999999,966
2026-02-25T16:10:00+00:00,309.5799999999999,309.69999999999993,309.19999999999993,309.68999999999994,900
2026-02-25T16:15:00+00:00,309.68999999999994,310.36999999999995,309.64,310.03,885
2026-02-25T16:20:00+00:00,310.03,310.39,309.96999999999997,310.17999999999995,870
2026-02-25T16:25:00+00:00,310.17999999999995,310.56999999999994,310.03999999999996,310.46,857
2026-02-25T16:30:00+00:00,310.46,310.84999999999997,310.29999999999995,310.55999999999995,919
2026-02-25T16:35:00+00:00,310.55999999999995,310.80999999999995,310.43999999999994,310.67999999999995,762
2026-02-25T16:40:00+00:00,310.67999999999995,311.2799999999999,310.67999999999995,311.0899999999999,678
2026-02-25T16:45:00+00:00,311.0899999999999,311.17999999999995,310.67999999999995,311.0299999999999,748
2026-02-25T16:50:00+00:00,311.0299999999999,311.24999999999994,310.81999999999994,310.81999999999994,705
2026-02-25T16:55:00+00:00,310.81999999999994,311.0899999999999,310.71999999999997,310.8399999999999,788
2026-02-25T17:00:00+00:00,310.8399999999999,311.5199999999999,310.68999999999994,311.37999999999994,720
2026-02-25T17:05:00+00:00,311.37999999999994,311.49999999999994,310.99999999999994,311.3299999999999,674
2026-02-25T17:10:00+00:00,311.3299999999999,311.41999999999996,311.2099999999999,311.30999999999995,726
2026-02-25T17:15:00+00:00,311.30999999999995,311.4599999999999,311.10999999999996,311.24999999999994,576
2026-02-25T17:20:00+00:00,311.24999999999994,311.24999999999994,310.79999999999995,311.06999999999994,673
2026-02-25T17:25:00+00:00,311.06999999999994,311.0899999999999,310.49999999999994,310.54999999999995,654
2026-02-25T17:30:00+00:00,310.54999999999995,310.5799999999999,310.24999999999994,310.4599999999999,742
2026-02-25T17:35:00+00:00,310.4599999999999,310.53999999999996,310.17999999999995,310.23999999999995,680
2026-02-25T17:40:00+00:00,310.23999999999995,310.25999999999993,309.94999999999993,310.12999999999994,575
2026-02-25T17:45:00+00:00,310.12999999999994,310.74999999999994,310.12999999999994,310.43999999999994,737
2026-02-25T17:50:00+00:00,310.43999999999994,310.56999999999994,309.97999999999996,310.04999999999995,782
2026-02-25T17:55:00+00:00,310.04999999999995,310.54999999999995,309.90999999999997,310.3399999999999,636
2026-02-25T18:00:00+00:00,310.3399999999999,310.8299999999999,310.3399999999999,310.65999999999997,674
2026-02-25T18:05:00+00:00,310.65999999999997,310.72999999999996,310.3399999999999,310.53999999999996,667
2026-02-25T18:10:00+00:00,310.53999999999996,310.62999999999994,310.17999999999995,310.2099999999999,564
2026-02-25T18:15:00+00:00,310.2099999999999,310.38999999999993,310.12999999999994,310.36999999999995,554
2026-02-25T18:20:00+00:00,310.36999999999995,310.56999999999994,310.28999999999996,310.3399999999999,495
2026-02-25T18:25:00+00:00,310.3399999999999,310.3999999999999,310.18999999999994,310.23999999999995,557
2026-02-25T18:30:00+00:00,310.23999999999995,310.30999999999995,310.12999999999994,310.23999999999995,551
2026-02-25T18:35:00+00:00,310.23999999999995,310.28999999999996,310.10999999999996,310.19999999999993,530
2026-02-25T18:40:00+00:00,310.19999999999993,310.34999999999997,310.12999999999994,310.25999999999993,528
2026-02-25T18:45:00+00:00,310.25999999999993,310.36999999999995,310.17999999999995,310.3399999999999,450
2026-02-25T18:50:00+00:00,310.3399999999999,310.44999999999993,310.2799999999999,310.38999999999993,404
2026-02-25T18:55:00+00:00,310.38999999999993,310.56999999999994,310.31999999999994,310.54999999999995,541
2026-02-25T19:00:00+00:00,310.54999999999995,310.56999999999994,310.25999999999993,310.40999999999997,637
2026-02-25T19:05:00+00:00,310.40999999999997,310.7099999999999,310.29999999999995,310.5799999999999,661
2026-02-25T19:10:00+00:00,310.5799999999999,310.74999999999994,310.5299999999999,310.59999999999997,720
2026-02-25T19:15:00+00:00,310.59999999999997,310.86999999999995,310.49999999999994,310.72999999999996,762
2026-02-25T19:20:00+00:00,310.72999999999996,310.87999999999994,310.56999999999994,310.86999999999995,595
2026-02-25T19:25:00+00:00,310.86999999999995,311.3599999999999,310.78999999999996,310.94999999999993,671
2026-02-25T19:30:00+00:00,310.94999999999993,310.9899999999999,310.6799999999999,310.7299999999999,533
2026-02-25T19:35:00+00:00,310.7299999999999,310.8399999999999,310.5499999999999,310.7899999999999,520
2026-02-25T19:40:00+00:00,310.7899999999999,311.0299999999999,310.6799999999999,310.6799999999999,655
2026-02-25T19:45:00+00:00,310.6799999999999,311.0499999999999,310.5499999999999,311.0499999999999,503
2026-02-25T19:50:00+00:00,311.0499999999999,311.1699999999999,310.8299999999999,311.0799999999999,619
2026-02-25T19:55:00+00:00,311.0799999999999,311.3499999999999,311.0299999999999,311.19999999999993,631
2026-02-25T20:00:00+00:00,311.19999999999993,311.2199999999999,310.9699999999999,311.1899999999999,583
2026-02-25T20:05:00+00:00,311.1899999999999,311.7699999999999,311.1899999999999,311.6699999999999,795
2026-02-25T20:10:00+00:00,311.6699999999999,311.9999999999999,311.46999999999986,311.9399999999999,828
2026-02-25T20:15:00+00:00,311.9399999999999,312.1299999999999,311.84999999999985,311.92999999999984,720
2026-02-25T20:20:00+00:00,311.92999999999984,311.9399999999999,311.41999999999985,311.66999999999985,799
2026-02-25T20:25:00+00:00,311.66999999999985,312.3799999999998,311.59999999999985,312.26999999999987,574
2026-02-25T20:30:00+00:00,312.26999999999987,312.36999999999983,311.71999999999986,311.76999999999987,741
2026-02-25T20:35:00+00:00,311.76999999999987,311.8799999999998,311.60999999999984,311.83999999999986,717
2026-02-25T20:40:00+00:00,311.83999999999986,312.1299999999998,311.72999999999985,312.10999999999984,636
2026-02-25T20:45:00+00:00,312.10999999999984,312.9499999999999,312.05999999999983,312.40999999999985,888
2026-02-25T20:50:00+00:00,312.40999999999985,312.95999999999987,311.67999999999984,312.61999999999983,980
2026-02-25T20:55:00+00:00,312.61999999999983,313.1399999999998,312.2799999999998,312.7599999999998,1641
2026-02-26T14:30:00+00:00,312.7599999999998,312.7699999999998,308.6499999999998,309.6399999999998,1296
2026-02-26T14:35:00+00:00,309.6399999999998,309.99999999999983,307.6399999999998,307.9699999999998,1960
2026-02-26T14:40:00+00:00,307.9699999999998,308.4899999999998,307.1199999999998,308.33999999999975,2152
2026-02-26T14:45:00+00:00,308.33999999999975,308.58999999999975,307.1199999999997,307.4499999999997,2019
2026-02-26T14:50:00+00:00,307.4499999999997,307.91999999999973,306.8699999999998,307.07999999999976,1898
2026-02-26T14:55:00+00:00,307.07999999999976,307.63999999999976,306.25999999999976,306.40999999999974,2041
2026-02-26T15:00:00+00:00,306.40999999999974,306.71999999999974,305.41999999999973,305.82999999999976,1799
2026-02-26T15:05:00+00:00,305.82999999999976,306.69999999999976,305.5499999999997,306.4999999999998,1950
2026-02-26T15:10:00+00:00,306.4999999999998,306.78999999999974,305.2399999999997,305.3099999999998,2276
2026-02-26T15:15:00+00:00,305.3099999999998,305.3099999999998,303.71999999999974,303.77999999999975,2507
2026-02-26T15:20:00+00:00,303.77999999999975,304.13999999999976,302.68999999999977,302.9299999999997,2541
2026-02-26T15:25:00+00:00,302.9299999999997,303.52999999999975,302.38999999999976,303.34999999999974,2500
2026-02-26T15:30:00+00:00,303.34999999999974,303.41999999999973,302.59999999999974,302.75999999999976,2184
2026-02-26T15:35:00+00:00,302.75999999999976,303.90999999999974,302.57999999999976,303.88999999999976,2082
2026-02-26T15:40:00+00:00,303.88999999999976,304.4899999999997,303.64999999999975,304.0499999999997,2074
2026-02-26T15:45:00+00:00,304.0499999999997,304.5599999999998,303.62999999999977,304.06999999999977,1919
2026-02-26T15:50:00+00:00,304.06999999999977,304.5499999999997,303.53999999999974,304.46999999999974,1877
2026-02-26T15:55:00+00:00,304.46999999999974,304.87999999999977,303.87999999999977,304.39999999999975,1633
2026-02-26T16:00:00+00:00,304.39999999999975,305.20999999999975,304.25999999999976,305.16999999999973,1728
2026-02-26T16:05:00+00:00,305.16999999999973,305.32999999999976,304.77999999999975,305.15999999999974,1424
2026-02-26T16:10:00+00:00,305.15999999999974,305.5599999999998,304.9999999999998,305.51999999999975,1617
2026-02-26T16:15:00+00:00,305.51999999999975,305.82999999999976,305.21999999999974,305.25999999999976,1486
2026-02-26T16:20:00+00:00,305.25999999999976,306.5499999999997,305.22999999999973,306.39999999999975,1313
2026-02-26T16:25:00+00:00,306.39999999999975,307.27999999999975,306.38999999999976,307.08999999999975,1382
2026-02-26T16:30:00+00:00,307.08999999999975,307.70999999999975,306.83999999999975,307.66999999999973,1344
2026-02-26T16:35:00+00:00,307.66999999999973,307.66999999999973,306.32999999999976,306.50999999999976,1450
2026-02-26T16:40:00+00:00,306.50999999999976,306.56999999999977,305.85999999999973,305.95999999999975,1677
2026-02-26T16:45:00+00:00,305.95999999999975,306.47999999999973,305.56999999999977,306.40999999999974,1932
2026-02-26T16:50:00+00:00,306.40999999999974,306.60999999999973,305.39999999999975,305.43999999999977,1610
2026-02-26T16:55:00+00:00,305.43999999999977,305.5599999999998,305.02999999999975,305.44999999999976,1564
2026-02-26T17:00:00+00:00,305.44999999999976,306.34999999999974,305.4299999999997,306.22999999999973,1491
2026-02-26T17:05:00+00:00,306.22999999999973,306.66999999999973,306.13999999999976,306.2499999999998,1414
2026-02-26T17:10:00+00:00,306.2499999999998,306.4999999999998,305.59999999999974,305.65999999999974,1295
2026-02-26T17:15:00+00:00,305.65999999999974,306.16999999999973,305.46999999999974,306.03999999999974,1263
2026-02-26T17:20:00+00:00,306.03999999999974,306.1799999999997,305.56999999999977,305.64999999999975,1189
2026-02-26T17:25:00+00:00,305.64999999999975,305.72999999999973,305.22999999999973,305.35999999999973,1067
2026-02-26T17:30:00+00:00,305.35999999999973,305.66999999999973,305.22999999999973,305.37999999999977,1232
2026-02-26T17:35:00+00:00,305.37999999999977,305.43999999999977,304.81999999999977,305.02999999999975,1301
2026-02-26T17:40:00+00:00,305.02999999999975,305.13999999999976,304.7999999999997,304.91999999999973,1038
2026-02-26T17:45:00+00:00,304.91999999999973,305.08999999999975,304.6199999999998,304.85999999999973,1054
2026-02-26T17:50:00+00:00,304.85999999999973,305.69999999999976,304.84999999999974,305.6799999999997,1244
2026-02-26T17:55:00+00:00,305.6799999999997,305.69999999999976,304.97999999999973,305.03999999999974,1118
2026-02-26T18:00:00+00:00,305.03999999999974,305.43999999999977,305.02999999999975,305.13999999999976,896
2026-02-26T18:05:00+00:00,305.13999999999976,305.32999999999976,304.7499999999998,304.90999999999974,1271
2026-02-26T18:10:00+00:00,304.90999999999974,305.34999999999974,304.66999999999973,304.83999999999975,1304
2026-02-26T18:15:00+00:00,304.83999999999975,305.14999999999975,304.6799999999997,304.91999999999973,985
2026-02-26T18:20:00+00:00,304.91999999999973,305.14999999999975,304.63999999999976,304.94999999999976,919
2026-02-26T18:25:00+00:00,304.94999999999976,305.07999999999976,304.60999999999973,304.75999999999976,724
2026-02-26T18:30:00+00:00,304.75999999999976,305.78999999999974,304.69999999999976,305.64999999999975,1105
2026-02-26T18:35:00+00:00,305.64999999999975,306.41999999999973,305.37999999999977,306.32999999999976,1298
2026-02-26T18:40:00+00:00,306.32999999999976,306.63999999999976,306.03999999999974,306.03999999999974,937
2026-02-26T18:45:00+00:00,306.03999999999974,306.53999999999974,-1477.9399999999998,-1477.6399999999999,1022.0650382220153
2026-02-26T18:50:00+00:00,-1477.6699999999998,-1477.6,-1477.9899999999998,-1477.7399999999998,1296.0665962749526
2026-02-26T18:55:00+00:00,-1477.7399999999998,-1477.2799999999997,-1477.7399999999998,-1477.4399999999998,1073.6596840671182
2026-02-26T19:00:00+00:00,-1477.4599999999998,-1477.0299999999997,-1477.57,-1477.12,1212.6122941312265
2026-02-26T19:05:00+00:00,305.98,307.24,305.98,307.12,894
2026-02-26T19:10:00+00:00,307.12,307.48,307.06,307.19,994
2026-02-26T19:15:00+00:00,307.19,307.4,-1476.6299999999999,-1476.5299999999997,1115.647029421335
2026-02-26T19:20:00+00:00,-1476.5299999999997,-1475.77,-1476.56,-1475.8799999999999,1207.2490121956864
2026-02-26T19:25:00+00:00,-1475.8799999999999,-1475.81,-1476.5299999999997,-1476.36,1338.4451337641826
2026-02-26T19:30:00+00:00,307.3,307.98,307.3,307.7,897
2026-02-26T19:35:00+00:00,307.7,307.74,307.18,307.39,909
2026-02-26T19:40:00+00:00,307.39,307.6,-1476.5299999999997,-1476.4899999999998,1058.8310035054683
2026-02-26T19:45:00+00:00,307.45,307.99,307.4,307.85,685
2026-02-26T19:50:00+00:00,307.85,307.93,307.51,307.79,719
2026-02-26T19:55:00+00:00,307.79,307.79,-1476.4799999999998,-1476.4099999999999,914.713872524602
2026-02-26T20:00:00+00:00,-1476.4399999999998,-1476.2199999999998,-1476.7399999999998,-1476.35,1039.7280278123233
2026-02-26T20:05:00+00:00,-1476.3799999999999,-1476.1899999999998,-1476.6899999999998,-1476.6899999999998,1042.7756478369424
2026-02-26T20:10:00+00:00,-1476.6699999999998,-1476.4799999999998,-1476.7299999999998,-1476.58,888.6304848001619
2026-02-26T20:15:00+00:00,-1476.62,307.72,-1476.7199999999998,307.14,803.9121521239128
2026-02-26T20:20:00+00:00,307.14,307.14,306.82,307.02,567
2026-02-26T20:25:00+00:00,307.02,307.15,306.76,306.87,579
2026-02-26T20:30:00+00:00,306.87,307.75,306.85,307.73,711
2026-02-26T20:35:00+00:00,307.73,307.77,307.5,307.57,698
2026-02-26T20:40:00+00:00,307.57,307.66,307.07,307.07,660
2026-02-26T20:45:00+00:00,307.07,307.21,306.76,307.02,807
2026-02-26T20:50:00+00:00,307.02,307.15,306.41,306.75,1002
2026-02-26T20:55:00+00:00,306.75,307.24,306.48,307.22,1431
2026-02-27T14:30:00+00:00,307.22,307.22,303.38,306.19,1196
2026-02-27T14:35:00+00:00,306.19,306.72,305.38,305.91,1515
2026-02-27T14:40:00+00:00,305.91,307.68,305.46,307.3,1086
2026-02-27T14:45:00+00:00,307.3,309.29,307.22,309.05,1621
2026-02-27T14:50:00+00:00,309.05,309.32,307.63,307.68,1893
2026-02-27T14:55:00+00:00,307.68,307.85,306.9,307.62,1987
2026-02-27T15:00:00+00:00,307.62,308.84,307.4,308.19,1814
2026-02-27T15:05:00+00:00,308.19,308.53,307.56,307.59,1902
2026-02-27T15:10:00+00:00,307.59,308.44,307.24,307.49,1938
2026-02-27T15:15:00+00:00,307.49,308.02,307.08,307.46,1899
2026-02-27T15:20:00+00:00,307.46,308.29,307.32,308.16,1646
2026-02-27T15:25:00+00:00,308.16,308.16,307.47,307.79,1769
2026-02-27T15:30:00+00:00,307.79,308.08,307.23,307.68,1781
2026-02-27T15:35:00+00:00,307.68,308.37,307.65,308.22,1160
2026-02-27T15:40:00+00:00,308.22,308.77,308.08,308.67,1041
2026-02-27T15:45:00+00:00,308.67,308.97,308.19,308.46,1081
2026-02-27T15:50:00+00:00,308.46,308.53,307.39,307.51,1322
2026-02-27T15:55:00+00:00,307.51,308.2,-1475.8999999999999,-1475.7499999999998,1696.3475251677853
2026-02-27T16:00:00+00:00,308.09,308.58,307.89,308.28,1297
2026-02-27T16:05:00+00:00,308.28,308.33,307.2,307.41,1818
2026-02-27T16:10:00+00:00,307.41,308.36,307.4,308.34,1589
2026-02-27T16:15:00+00:00,308.34,308.54,308.07,308.15,1524
2026-02-27T16:20:00+00:00,308.15,308.15,307.43,307.9,1899
2026-02-27T16:25:00+00:00,307.9,308.39,307.69,307.76,1677
2026-02-27T16:30:00+00:00,307.76,308.37,307.73,308.32,1793
2026-02-27T16:35:00+00:00,308.32,308.35,307.53,307.58,1604
2026-02-27T16:40:00+00:00,307.58,307.62,306.89,306.91,1875
2026-02-27T16:45:00+00:00,306.91,307.43,306.88,307.18,1605
2026-02-27T16:50:00+00:00,307.18,307.76,307.15,307.48,1761
2026-02-27T16:55:00+00:00,307.48,307.74,306.98,307.02,1619
2026-02-27T17:00:00+00:00,307.02,307.87,306.99,307.79,1497
2026-02-27T17:05:00+00:00,307.79,308.82,307.7,308.52,1321
2026-02-27T17:10:00+00:00,308.52,308.6,307.68,307.7,1226
2026-02-27T17:15:00+00:00,307.7,307.75,307.01,307.07,1411
2026-02-27T17:20:00+00:00,307.07,307.31,306.64,307.29,1818
2026-02-27T17:25:00+00:00,307.29,307.73,307.05,307.35,1712
2026-02-27T17:30:00+00:00,307.35,307.81,306.9,307.55,2110
2026-02-27T17:35:00+00:00,307.55,307.77,307.06,307.1,1848
2026-02-27T17:40:00+00:00,307.1,307.27,306.33,306.59,1602
2026-02-27T17:45:00+00:00,306.59,306.59,306.2,306.47,1769
2026-02-27T17:50:00+00:00,306.47,306.66,306.15,306.33,1677
2026-02-27T17:55:00+00:00,306.33,306.79,306.22,306.39,1414
2026-02-27T18:00:00+00:00,306.39,306.54,306.03,306.08,1568
2026-02-27T18:05:00+00:00,306.08,306.2,305.8,305.9,1336
2026-02-27T18:10:00+00:00,305.9,305.96,305.39,305.47,1097
2026-02-27T18:15:00+00:00,305.47,305.63,305.28,305.34,1228
2026-02-27T18:20:00+00:00,305.34,305.66,305.03,305.1,1423
2026-02-27T18:25:00+00:00,305.1,305.57,304.96,305.47,1125
2026-02-27T18:30:00+00:00,305.47,305.58,305.13,305.26,1045
2026-02-27T18:35:00+00:00,305.26,305.63,305.18,305.38,928
2026-02-27T18:40:00+00:00,305.38,305.72,305.28,305.38,1047
2026-02-27T18:45:00+00:00,305.38,305.7,305.32,305.61,892
2026-02-27T18:50:00+00:00,305.61,306.24,305.57,306.11,944
2026-02-27T18:55:00+00:00,306.11,306.71,305.93,306.33,825
2026-02-27T19:00:00+00:00,306.33,307.47,306.29,307.42,952
2026-02-27T19:05:00+00:00,307.42,307.82,307.12,307.23,1038
2026-02-27T19:10:00+00:00,307.23,308.13,307.04,307.83,1129
2026-02-27T19:15:00+00:00,307.83,307.95,307.2,307.21,935
2026-02-27T19:20:00+00:00,307.21,307.34,306.53,306.53,841
2026-02-27T19:25:00+00:00,306.53,306.86,306.44,306.73,811
2026-02-27T19:30:00+00:00,306.73,306.77,306.33,306.58,869
2026-02-27T19:35:00+00:00,306.58,306.89,306.38,306.41,932
2026-02-27T19:40:00+00:00,306.41,306.44,306.04,306.26,833
2026-02-27T19:45:00+00:00,306.26,306.45,306.13,306.33,774
2026-02-27T19:50:00+00:00,306.33,306.45,305.99,306.17,665
2026-02-27T19:55:00+00:00,306.17,306.56,306.09,306.26,742
2026-02-27T20:00:00+00:00,306.26,306.67,306.2,306.29,716
2026-02-27T20:05:00+00:00,306.29,306.68,306.2,306.51,721
2026-02-27T20:10:00+00:00,306.51,307.35,306.51,307.35,883
2026-02-27T20:15:00+00:00,307.35,307.75,307.24,307.61,943
2026-02-27T20:20:00+00:00,307.61,307.67,307.17,307.49,819
2026-02-27T20:25:00+00:00,307.49,307.63,307.3,307.47,770
2026-02-27T20:30:00+00:00,307.47,307.5,307.09,307.12,956
2026-02-27T20:35:00+00:00,307.12,307.21,306.48,306.68,895
2026-02-27T20:40:00+00:00,306.68,307.34,306.68,306.9,1036
2026-02-27T20:45:00+00:00,306.9,307.96,306.78,307.67,1202
2026-02-27T20:50:00+00:00,307.67,310.75,307.56,310.61,1742
2026-02-27T20:55:00+00:00,310.61,311.87,310.4,311.35,2430
2026-03-02T14:30:00+00:00,311.35,313.06,309.11,312.81,1372
2026-03-02T14:35:00+00:00,312.81,313.59000000000003,311.12,311.35,1991
2026-03-02T14:40:00+00:00,311.35,313.43,311.3,312.92,1552
2026-03-02T14:45:00+00:00,312.92,314.15000000000003,312.61,313.68,1614
2026-03-02T14:50:00+00:00,313.68,313.74,311.92,312.3,1798
2026-03-02T14:55:00+00:00,312.3,312.91,312,312.31,1558
2026-03-02T15:00:00+00:00,312.31,312.98,311.6,312.42,1664
2026-03-02T15:05:00+00:00,312.42,312.71000000000004,311.85,312.55,1785
2026-03-02T15:10:00+00:00,312.55,313.37,312.37,313,1558
2026-03-02T15:15:00+00:00,313,313.44000000000005,312.40000000000003,312.69000000000005,1852
2026-03-02T15:20:00+00:00,312.69000000000005,312.92,312.3,312.58000000000004,2086
2026-03-02T15:25:00+00:00,312.58000000000004,312.84000000000003,311.89000000000004,312.39000000000004,2131
2026-03-02T15:30:00+00:00,312.39000000000004,312.77000000000004,311.92,311.98,1640
2026-03-02T15:35:00+00:00,311.98,312.87,311.92,312.81,1784
2026-03-02T15:40:00+00:00,312.81,313.04,312.41,312.97,1681
2026-03-02T15:45:00+00:00,312.97,313.49,312.51000000000005,312.72,1620
2026-03-02T15:50:00+00:00,312.72,313.37,312.23,312.39000000000004,1534
2026-03-02T15:55:00+00:00,312.39000000000004,313.37,312.32000000000005,312.91,1537
2026-03-02T16:00:00+00:00,312.91,313.25,312.24,313.16,1563
2026-03-02T16:05:00+00:00,313.16,313.5,312.93,313.49,1241
2026-03-02T16:10:00+00:00,313.49,313.82000000000005,313.36,313.64000000000004,1161
2026-03-02T16:15:00+00:00,313.64000000000004,313.64000000000004,312.61,312.73,1192
2026-03-02T16:20:00+00:00,312.73,313.12,312.61,313.01000000000005,1196
2026-03-02T16:25:00+00:00,313.01000000000005,313.04,312.05,312.51000000000005,1402
2026-03-02T16:30:00+00:00,312.51000000000005,314.14000000000004,312.51000000000005,314,1516
2026-03-02T16:35:00+00:00,314,315.06,313.52000000000004,315,1598
2026-03-02T16:40:00+00:00,315,315.32000000000005,314.87,315.09000000000003,1260
2026-03-02T16:45:00+00:00,315.09000000000003,315.69000000000005,315.07000000000005,315.12,1388
2026-03-02T16:50:00+00:00,315.12,315.37,314.66,315.17,1473
2026-03-02T16:55:00+00:00,315.17,315.79,314.98,315.46000000000004,1374
2026-03-02T17:00:00+00:00,315.46000000000004,315.61,315.03000000000003,315.39000000000004,1497
2026-03-02T17:05:00+00:00,315.39000000000004,315.62,315.14000000000004,315.56,1010
2026-03-02T17:10:00+00:00,315.56,315.65000000000003,315.18,315.33000000000004,1188
2026-03-02T17:15:00+00:00,315.33000000000004,315.81,315.31,315.65000000000003,1063
2026-03-02T17:20:00+00:00,315.65000000000003,315.83000000000004,315.21000000000004,315.79,1037
2026-03-02T17:25:00+00:00,315.79,315.79,315.39000000000004,315.63000000000005,922
2026-03-02T17:30:00+00:00,315.63000000000005,315.92,315.46000000000004,315.47,893
2026-03-02T17:35:00+00:00,315.47,315.73,315.36,315.48,799
2026-03-02T17:40:00+00:00,315.48,315.55,315.09000000000003,315.24,866
2026-03-02T17:45:00+00:00,315.24,315.6,315.1,315.25,756
2026-03-02T17:50:00+00:00,315.25,315.73,315.14000000000004,315.54,783
2026-03-02T17:55:00+00:00,315.54,316.23,315.45000000000005,316.03000000000003,895
2026-03-02T18:00:00+00:00,316.03000000000003,316.12,315.33000000000004,315.37,952
2026-03-02T18:05:00+00:00,315.37,315.47,314.79,314.91,826
2026-03-02T18:10:00+00:00,314.91,315.08000000000004,314.75,315.05,829
2026-03-02T18:15:00+00:00,315.05,315.05,314.34000000000003,314.41,734
2026-03-02T18:20:00+00:00,314.41,314.49,314.17,314.36,905
2026-03-02T18:25:00+00:00,314.36,314.81,314.28000000000003,314.65000000000003,813
2026-03-02T18:30:00+00:00,314.65000000000003,314.81,314.44000000000005,314.57000000000005,815
2026-03-02T18:35:00+00:00,314.57000000000005,314.6,313.92,314.02000000000004,741
2026-03-02T18:40:00+00:00,314.02000000000004,314.58000000000004,313.96000000000004,314.56,889
2026-03-02T18:45:00+00:00,314.56,314.59000000000003,313.90000000000003,314.01000000000005,919
2026-03-02T18:50:00+00:00,314.01000000000005,314.27000000000004,313.91,314.16,751
2026-03-02T18:55:00+00:00,314.16,314.16,313.68,313.71000000000004,799
2026-03-02T19:00:00+00:00,313.71000000000004,314.26000000000005,313.62,314.14000000000004,907
2026-03-02T19:05:00+00:00,314.14000000000004,314.42,313.86,314.28000000000003,857
2026-03-02T19:10:00+00:00,314.28000000000003,314.72,314.17,314.45000000000005,915
2026-03-02T19:15:00+00:00,314.45000000000005,315.11,314.45000000000005,315,1186
2026-03-02T19:20:00+00:00,315,315.27000000000004,314.90000000000003,314.94000000000005,777
2026-03-02T19:25:00+00:00,314.94000000000005,315.39000000000004,314.93,315.35,773
2026-03-02T19:30:00+00:00,315.35,315.39000000000004,315.1,315.35,830
2026-03-02T19:35:00+00:00,315.35,315.41,315.13000000000005,315.22,579
2026-03-02T19:40:00+00:00,315.22,315.32000000000005,314.94000000000005,315.1,643
2026-03-02T19:45:00+00:00,315.1,315.83000000000004,315.08000000000004,315.63000000000005,666
2026-03-02T19:50:00+00:00,315.63000000000005,315.68,315.28000000000003,315.31,654
2026-03-02T19:55:00+00:00,315.31,315.58000000000004,315.19000000000005,315.29,760
2026-03-02T20:00:00+00:00,315.29,315.38000000000005,314.47,314.87,868
2026-03-02T20:05:00+00:00,314.87,315.01000000000005,313.62,313.82000000000005,1353
2026-03-02T20:10:00+00:00,313.82000000000005,313.82000000000005,313.38000000000005,313.53000000000003,1497
2026-03-02T20:15:00+00:00,313.53000000000003,314.3,313.26000000000005,313.92,1557
2026-03-02T20:20:00+00:00,313.92,314.03000000000003,313.56,313.59000000000003,1180
2026-03-02T20:25:00+00:00,313.59000000000003,313.90000000000003,313.27000000000004,313.37,1096
2026-03-02T20:30:00+00:00,313.37,313.77000000000004,313.29,313.72,1016
2026-03-02T20:35:00+00:00,313.72,313.94000000000005,313.28000000000003,313.53000000000003,931
2026-03-02T20:40:00+00:00,313.53000000000003,313.71000000000004,313.01000000000005,313.43,1082
2026-03-02T20:45:00+00:00,313.43,313.90000000000003,313.33000000000004,313.63000000000005,1197
2026-03-02T20:50:00+00:00,313.63000000000005,314.55,313.62,314.51000000000005,1215
2026-03-02T20:55:00+00:00,314.51000000000005,314.97,313.93,314.19000000000005,2207
2026-03-03T14:30:00+00:00,314.19000000000005,314.19000000000005,304.73,306.42,1575
2026-03-03T14:35:00+00:00,306.42,309.70000000000005,305.99,308.74,1997
2026-03-03T14:40:00+00:00,308.74,309.04,308.14000000000004,308.33000000000004,1929
2026-03-03T14:45:00+00:00,308.33000000000004,309.33000000000004,307.05,307.07000000000005,2067
2026-03-03T14:50:00+00:00,307.07000000000005,308.08000000000004,306.78000000000003,307.8,1975
2026-03-03T14:55:00+00:00,307.8,308.21000000000004,306.98,307.32000000000005,1318
2026-03-03T15:00:00+00:00,307.32000000000005,308.41,307.17,307.57000000000005,1646
2026-03-03T15:05:00+00:00,307.57000000000005,308.51000000000005,307.18,308.16,1818
2026-03-03T15:10:00+00:00,308.16,308.54,307.20000000000005,307.26000000000005,2401
2026-03-03T15:15:00+00:00,307.26000000000005,307.58000000000004,306.25,306.63000000000005,1967
2026-03-03T15:20:00+00:00,306.63000000000005,306.89000000000004,306.11,306.18,1974
2026-03-03T15:25:00+00:00,306.18,306.18,305.16,305.41,2239
2026-03-03T15:30:00+00:00,305.41,306.46000000000004,305.41,305.89000000000004,2808
2026-03-03T15:35:00+00:00,305.89000000000004,307.07000000000005,305.5,305.5,2140
2026-03-03T15:40:00+00:00,305.5,306.36,305.25,305.36,2447
2026-03-03T15:45:00+00:00,305.36,306.21000000000004,305.28000000000003,306.09000000000003,2267
2026-03-03T15:50:00+00:00,306.09000000000003,306.55,305.33000000000004,305.44000000000005,1964
2026-03-03T15:55:00+00:00,305.44000000000005,306.97,305.43,306.82000000000005,2328
2026-03-03T16:00:00+00:00,306.82000000000005,307.94000000000005,306.42,307.87,2150
2026-03-03T16:05:00+00:00,307.87,308.53000000000003,307.83000000000004,308.03000000000003,1766
2026-03-03T16:10:00+00:00,308.03000000000003,308.68,307.74,308.56,1599
2026-03-03T16:15:00+00:00,308.56,309.28000000000003,308.53000000000003,309.20000000000005,1862
2026-03-03T16:20:00+00:00,309.20000000000005,309.35,308.81,309.26000000000005,1820
2026-03-03T16:25:00+00:00,309.26000000000005,309.61,309.04,309.11,1622
2026-03-03T16:30:00+00:00,309.11,309.15000000000003,308.11,308.63000000000005,1624
2026-03-03T16:35:00+00:00,308.63000000000005,309.68,308.59000000000003,309.37,1775
2026-03-03T16:40:00+00:00,309.37,309.61,308.70000000000005,309.51000000000005,1867
2026-03-03T16:45:00+00:00,309.51000000000005,310.26000000000005,309.12,309.44000000000005,1829
2026-03-03T16:50:00+00:00,309.44000000000005,309.56,308.94000000000005,309.56,1813
2026-03-03T16:55:00+00:00,309.56,309.86,309,309,1508
2026-03-03T17:00:00+00:00,309,309.63000000000005,308.86,309.58000000000004,1690
2026-03-03T17:05:00+00:00,309.58000000000004,309.87,308.85,308.88000000000005,1628
2026-03-03T17:10:00+00:00,308.88000000000005,309.1,308.67,309.07000000000005,1555
2026-03-03T17:15:00+00:00,309.07000000000005,309.43,308.85,309.24,1614
2026-03-03T17:20:00+00:00,309.24,309.61,308.87,309.40000000000003,1644
2026-03-03T17:25:00+00:00,309.40000000000003,309.59000000000003,309.05,309.52000000000004,1299
2026-03-03T17:30:00+00:00,309.52000000000004,309.54,308.5,308.6,1305
2026-03-03T17:35:00+00:00,308.6,309.14000000000004,308.44000000000005,308.81,1552
2026-03-03T17:40:00+00:00,308.81,309.37,308.66,309.3,1495
2026-03-03T17:45:00+00:00,309.3,309.36,308.91,309.3,1359
2026-03-03T17:50:00+00:00,309.3,309.44000000000005,308.63000000000005,308.68,1142
2026-03-03T17:55:00+00:00,308.68,308.96000000000004,308.49,308.51000000000005,1204
2026-03-03T18:00:00+00:00,308.51000000000005,309.16,308.5,308.98,1353
2026-03-03T18:05:00+00:00,308.98,309.19000000000005,308.8,309,1075
2026-03-03T18:10:00+00:00,309,309.06,308.32000000000005,308.55,1022
2026-03-03T18:15:00+00:00,308.55,308.96000000000004,308.49,308.88000000000005,1041
2026-03-03T18:20:00+00:00,308.88000000000005,309.58000000000004,308.87,309.54,1045
2026-03-03T18:25:00+00:00,309.54,309.57000000000005,308.75,308.92,1019
2026-03-03T18:30:00+00:00,308.92,309.92,308.86,309.84000000000003,1346
2026-03-03T18:35:00+00:00,309.84000000000003,310.85,309.65000000000003,310.70000000000005,1658
2026-03-03T18:40:00+00:00,310.70000000000005,311.15000000000003,310.24,310.32000000000005,1352
2026-03-03T18:45:00+00:00,310.32000000000005,310.48,309.86,310.37,1464
2026-03-03T18:50:00+00:00,310.37,310.69000000000005,310.25,310.39000000000004,1252
2026-03-03T18:55:00+00:00,310.39000000000004,310.65000000000003,310.11,310.52000000000004,1316
2026-03-03T19:00:00+00:00,310.52000000000004,310.8,310.23,310.63000000000005,1099
2026-03-03T19:05:00+00:00,310.63000000000005,310.70000000000005,309.86,309.88000000000005,1093
2026-03-03T19:10:00+00:00,309.88000000000005,309.92,309.22,309.8,1327
2026-03-03T19:15:00+00:00,309.8,310.31,309.78000000000003,310.06,1143
2026-03-03T19:20:00+00:00,310.06,310.37,309.85,309.87,1160
2026-03-03T19:25:00+00:00,309.87,309.88000000000005,309.21000000000004,309.22,1367
2026-03-03T19:30:00+00:00,309.22,309.39000000000004,308.76000000000005,308.90000000000003,1409
2026-03-03T19:35:00+00:00,308.90000000000003,310.27000000000004,308.81,310,1681
2026-03-03T19:40:00+00:00,310,310.85,309.87,310.82000000000005,1498
2026-03-03T19:45:00+00:00,310.82000000000005,311.31,310.65000000000003,310.66,1597
2026-03-03T19:50:00+00:00,310.66,310.73,309.95000000000005,310.51000000000005,1512
2026-03-03T19:55:00+00:00,310.51000000000005,310.66,310.11,310.53000000000003,1420
2026-03-03T20:00:00+00:00,310.53000000000003,310.92,309.92,310.01000000000005,1498
2026-03-03T20:05:00+00:00,310.01000000000005,310.55,309.8,310.53000000000003,1114
2026-03-03T20:10:00+00:00,310.53000000000003,311.17,310.31,310.86,1072
2026-03-03T20:15:00+00:00,310.86,311.25,310.64000000000004,310.90000000000003,1341
2026-03-03T20:20:00+00:00,310.90000000000003,311.12,310.6,310.71000000000004,966
2026-03-03T20:25:00+00:00,310.71000000000004,310.92,310.51000000000005,310.79,782
2026-03-03T20:30:00+00:00,310.79,310.99,310.66,310.69000000000005,1049
2026-03-03T20:35:00+00:00,310.69000000000005,311.16,310.53000000000003,310.53000000000003,951
2026-03-03T20:40:00+00:00,310.53000000000003,310.8,310.33000000000004,310.33000000000004,1033
2026-03-03T20:45:00+00:00,310.33000000000004,310.73,310.21000000000004,310.72,1085
2026-03-03T20:50:00+00:00,310.72,311.06,310.01000000000005,310.89000000000004,1221
2026-03-03T20:55:00+00:00,310.89000000000004,312.01000000000005,310.89000000000004,311.46000000000004,2004
2026-03-04T14:30:00+00:00,311.46000000000004,311.46000000000004,308.88000000000005,310.71000000000004,1983
2026-03-04T14:35:00+00:00,310.71000000000004,311.55,309.5,309.88000000000005,1783
2026-03-04T14:40:00+00:00,309.88000000000005,310.89000000000004,309.31,310.17,1304
2026-03-04T14:45:00+00:00,310.17,311.63000000000005,309.84000000000003,311.22,1356
2026-03-04T14:50:00+00:00,311.22,311.90000000000003,310.70000000000005,311.09000000000003,1679
2026-03-04T14:55:00+00:00,311.09000000000003,311.67,310.66,310.98,1488
2026-03-04T15:00:00+00:00,310.98,311.49,309.94000000000005,310.23,1658
2026-03-04T15:05:00+00:00,310.23,311.74,310.13000000000005,311.21000000000004,1836
2026-03-04T15:10:00+00:00,311.21000000000004,311.5,310.82000000000005,311.13000000000005,1817
2026-03-04T15:15:00+00:00,311.13000000000005,312.18,311.09000000000003,312.11,1471
2026-03-04T15:20:00+00:00,312.11,312.63000000000005,311.88000000000005,312.40000000000003,1543
2026-03-04T15:25:00+00:00,312.40000000000003,313.34000000000003,312.12,313.20000000000005,1426
2026-03-04T15:30:00+00:00,313.20000000000005,313.54,312.61,312.69000000000005,1358
2026-03-04T15:35:00+00:00,312.69000000000005,312.79,311.8,311.81,1491
2026-03-04T15:40:00+00:00,311.81,312.22,311.54,311.59000000000003,1558
2026-03-04T15:45:00+00:00,311.59000000000003,311.86,311.26000000000005,311.69000000000005,1746
2026-03-04T15:50:00+00:00,311.69000000000005,311.93,311.07000000000005,311.71000000000004,1692
2026-03-04T15:55:00+00:00,311.71000000000004,312.76000000000005,311.68,312.62,1549
2026-03-04T16:00:00+00:00,312.62,313.06,312.41,312.47,1442
2026-03-04T16:05:00+00:00,312.47,312.57000000000005,312.11,312.17,1507
2026-03-04T16:10:00+00:00,312.17,312.26000000000005,311.67,311.67,1639
2026-03-04T16:15:00+00:00,311.67,311.89000000000004,311.40000000000003,311.64000000000004,1486
2026-03-04T16:20:00+00:00,311.64000000000004,312.15000000000003,311.61,311.8,1833
2026-03-04T16:25:00+00:00,311.8,313.02000000000004,311.75,312.59000000000003,1417
2026-03-04T16:30:00+00:00,312.59000000000003,312.70000000000005,312.19000000000005,312.54,1210
2026-03-04T16:35:00+00:00,312.54,312.86,312.18,312.58000000000004,1207
2026-03-04T16:40:00+00:00,312.58000000000004,313.02000000000004,312.45000000000005,312.54,1039
2026-03-04T16:45:00+00:00,312.54,312.82000000000005,312.43,312.6,942
2026-03-04T16:50:00+00:00,312.6,312.75,312.28000000000003,312.53000000000003,953
2026-03-04T16:55:00+00:00,312.53000000000003,312.58000000000004,312.13000000000005,312.17,944
2026-03-04T17:00:00+00:00,312.17,312.54,311.81,312.38000000000005,952
2026-03-04T17:05:00+00:00,312.38000000000005,312.40000000000003,311.95000000000005,312.02000000000004,1022
2026-03-04T17:10:00+00:00,312.02000000000004,312.26000000000005,311.96000000000004,312.05,714
2026-03-04T17:15:00+00:00,312.05,312.24,312.01000000000005,312.07000000000005,789
2026-03-04T17:20:00+00:00,312.07000000000005,312.27000000000004,311.73,311.98,979
2026-03-04T17:25:00+00:00,311.98,312.3,311.85,311.86,849
2026-03-04T17:30:00+00:00,311.86,311.94000000000005,311.5,311.82000000000005,1059
2026-03-04T17:35:00+00:00,311.82000000000005,312.09000000000003,311.52000000000004,311.94000000000005,983
2026-03-04T17:40:00+00:00,311.94000000000005,312.01000000000005,311.61,311.83000000000004,835
2026-03-04T17:45:00+00:00,311.83000000000004,312.22,311.81,312.02000000000004,732
2026-03-04T17:50:00+00:00,312.02000000000004,312.39000000000004,311.91,312.35,852
2026-03-04T17:55:00+00:00,312.35,312.37,312.1,312.20000000000005,626
2026-03-04T18:00:00+00:00,312.20000000000005,312.27000000000004,311.90000000000003,311.95000000000005,686
2026-03-04T18:05:00+00:00,311.95000000000005,311.95000000000005,311.6,311.76000000000005,772
2026-03-04T18:10:00+00:00,311.76000000000005,311.83000000000004,311.5,311.63000000000005,753
2026-03-04T18:15:00+00:00,311.63000000000005,311.69000000000005,311.43,311.58000000000004,789
2026-03-04T18:20:00+00:00,311.58000000000004,311.72,311.41,311.52000000000004,725
2026-03-04T18:25:00+00:00,311.52000000000004,311.81,311.47,311.58000000000004,707
2026-03-04T18:30:00+00:00,311.58000000000004,311.93,311.32000000000005,311.38000000000005,660
2026-03-04T18:35:00+00:00,311.38000000000005,311.6,310.91,310.95000000000005,793
2026-03-04T18:40:00+00:00,310.95000000000005,311.65000000000003,310.90000000000003,311.5,661
2026-03-04T18:45:00+00:00,311.5,311.66,311.22,311.66,722
2026-03-04T18:50:00+00:00,311.66,311.73,311.43,311.45000000000005,564
2026-03-04T18:55:00+00:00,311.45000000000005,311.47,311.01000000000005,311.17,829
2026-03-04T19:00:00+00:00,311.17,311.44000000000005,311.12,311.38000000000005,759
2026-03-04T19:05:00+00:00,311.38000000000005,311.56,311.34000000000003,311.38000000000005,573
2026-03-04T19:10:00+00:00,311.38000000000005,311.63000000000005,311.14000000000004,311.18,595
2026-03-04T19:15:00+00:00,311.18,311.56,311.15000000000003,311.32000000000005,602
2026-03-04T19:20:00+00:00,311.32000000000005,311.41,311.21000000000004,311.29,570
2026-03-04T19:25:00+00:00,311.29,311.35,310.95000000000005,311.01000000000005,666
2026-03-04T19:30:00+00:00,311.01000000000005,311.20000000000005,310.95000000000005,311.11,549
2026-03-04T19:35:00+00:00,311.11,311.36,311.04,311.36,595
2026-03-04T19:40:00+00:00,311.36,311.47,311.11,311.22,559
2026-03-04T19:45:00+00:00,311.22,311.43,310.97,311.40000000000003,509
2026-03-04T19:50:00+00:00,311.40000000000003,311.47,311.02000000000004,311.02000000000004,672
2026-03-04T19:55:00+00:00,311.02000000000004,311.14000000000004,310.81,310.84000000000003,611
2026-03-04T20:00:00+00:00,310.84000000000003,310.97,310.61,310.71000000000004,575
2026-03-04T20:05:00+00:00,310.71000000000004,310.85,310.40000000000003,310.53000000000003,543
2026-03-04T20:10:00+00:00,310.53000000000003,310.55,310.18,310.48,661
2026-03-04T20:15:00+00:00,310.48,310.64000000000004,310.35,310.53000000000003,606
2026-03-04T20:20:00+00:00,310.53000000000003,310.69000000000005,310.32000000000005,310.58000000000004,661
2026-03-04T20:25:00+00:00,310.58000000000004,311.01000000000005,310.58000000000004,310.97,564
2026-03-04T20:30:00+00:00,310.97,311.32000000000005,310.90000000000003,311.06,655
2026-03-04T20:35:00+00:00,311.06,311.25,310.93,310.95000000000005,652
2026-03-04T20:40:00+00:00,310.95000000000005,311.26000000000005,310.69000000000005,311.16,654
2026-03-04T20:45:00+00:00,311.16,311.33000000000004,310.92,311.07000000000005,748
2026-03-04T20:50:00+00:00,311.07000000000005,311.72,310.67,311.67,1384
2026-03-04T20:55:00+00:00,311.67,311.67,311.04,311.32000000000005,1714
2026-03-05T14:30:00+00:00,311.32000000000005,311.32000000000005,307.22,309.28000000000003,1333
2026-03-05T14:35:00+00:00,309.28000000000003,309.56,308.20000000000005,308.92,2056
2026-03-05T14:40:00+00:00,308.92,309.09000000000003,307.56,307.68,2042
2026-03-05T14:45:00+00:00,307.68,308.96000000000004,307.47,308.70000000000005,2308
2026-03-05T14:50:00+00:00,308.70000000000005,309.1,308.1,308.74,2025
2026-03-05T14:55:00+00:00,308.74,309.95000000000005,308.25,309.59000000000003,1675
2026-03-05T15:00:00+00:00,309.59000000000003,310.12,308.79,308.84000000000003,1809
2026-03-05T15:05:00+00:00,308.84000000000003,309.33000000000004,308.40000000000003,308.44000000000005,1800
2026-03-05T15:10:00+00:00,308.44000000000005,309.99,308.38000000000005,309.90000000000003,1938
2026-03-05T15:15:00+00:00,309.90000000000003,309.92,308.77000000000004,308.86,1769
2026-03-05T15:20:00+00:00,308.86,308.93,307.38000000000005,307.38000000000005,1748
2026-03-05T15:25:00+00:00,307.38000000000005,308.09000000000003,307.31,307.83000000000004,1706
2026-03-05T15:30:00+00:00,307.83000000000004,308.23,307.02000000000004,308.12,1826
2026-03-05T15:35:00+00:00,308.12,308.90000000000003,307.71000000000004,308.83000000000004,1894
2026-03-05T15:40:00+00:00,308.83000000000004,309.13000000000005,308.25,308.91,1834
2026-03-05T15:45:00+00:00,308.91,309.07000000000005,308.21000000000004,308.21000000000004,1803
2026-03-05T15:50:00+00:00,308.21000000000004,308.71000000000004,308.21000000000004,308.5,1645
2026-03-05T15:55:00+00:00,308.5,308.66,308.25,308.43,1646
2026-03-05T16:00:00+00:00,308.43,308.67,307.86,307.94000000000005,1875
2026-03-05T16:05:00+00:00,307.94000000000005,308.12,307.37,307.40000000000003,1570
2026-03-05T16:10:00+00:00,307.40000000000003,307.43,306.83000000000004,307.34000000000003,1749
2026-03-05T16:15:00+00:00,307.34000000000003,307.53000000000003,306.43,306.43,1787
2026-03-05T16:20:00+00:00,306.43,307.12,306.43,306.72,1668
2026-03-05T16:25:00+00:00,306.72,307.11,306.53000000000003,306.97,1620
2026-03-05T16:30:00+00:00,306.97,307.87,306.97,307.77000000000004,1574
2026-03-05T16:35:00+00:00,307.77000000000004,308.26000000000005,307.70000000000005,308.13000000000005,1425
2026-03-05T16:40:00+00:00,308.13000000000005,308.35,307.34000000000003,307.39000000000004,1547
2026-03-05T16:45:00+00:00,307.39000000000004,308.17,307.36,308.02000000000004,1775
2026-03-05T16:50:00+00:00,308.02000000000004,308.33000000000004,307.83000000000004,308.03000000000003,1436
2026-03-05T16:55:00+00:00,308.03000000000003,308.31,307.77000000000004,307.87,1266
2026-03-05T17:00:00+00:00,307.87,308.35,307.66,308.29,1232
2026-03-05T17:05:00+00:00,308.29,308.55,307.51000000000005,307.64000000000004,1284
2026-03-05T17:10:00+00:00,307.64000000000004,307.85,307.17,307.22,1551
2026-03-05T17:15:00+00:00,307.22,307.28000000000003,306.6,306.8,1566
2026-03-05T17:20:00+00:00,306.8,307.14000000000004,306.61,307.02000000000004,1514
2026-03-05T17:25:00+00:00,307.02000000000004,307.28000000000003,306.74,306.74,1670
2026-03-05T17:30:00+00:00,306.74,306.93,306.33000000000004,306.42,1567
2026-03-05T17:35:00+00:00,306.42,307.44000000000005,306.42,307.11,1677
2026-03-05T17:40:00+00:00,307.11,307.29,306.77000000000004,307.29,1724
2026-03-05T17:45:00+00:00,307.29,307.45000000000005,306.93,306.98,1433
2026-03-05T17:50:00+00:00,306.98,307.57000000000005,306.86,307.34000000000003,1459
2026-03-05T17:55:00+00:00,307.34000000000003,307.65000000000003,307.07000000000005,307.48,1384
2026-03-05T18:00:00+00:00,307.48,307.78000000000003,307.27000000000004,307.52000000000004,1525
2026-03-05T18:05:00+00:00,307.52000000000004,308.43,307.26000000000005,308.11,1694
2026-03-05T18:10:00+00:00,308.11,308.40000000000003,307.86,308.21000000000004,1776
2026-03-05T18:15:00+00:00,308.21000000000004,308.32000000000005,307.18,307.25,1637
2026-03-05T18:20:00+00:00,307.25,307.44000000000005,307.01000000000005,307.19000000000005,1567
2026-03-05T18:25:00+00:00,307.19000000000005,307.19000000000005,306.35,306.45000000000005,1451
2026-03-05T18:30:00+00:00,306.45000000000005,306.66,306.3,306.42,1417
2026-03-05T18:35:00+00:00,306.42,306.78000000000003,306.37,306.57000000000005,1384
2026-03-05T18:40:00+00:00,306.57000000000005,306.72,306.42,306.57000000000005,1247
2026-03-05T18:45:00+00:00,306.57000000000005,306.91,306.20000000000005,306.73,1457
2026-03-05T18:50:00+00:00,306.73,306.89000000000004,306.27000000000004,306.32000000000005,1294
2026-03-05T18:55:00+00:00,306.32000000000005,306.89000000000004,306.27000000000004,306.69000000000005,1199
2026-03-05T19:00:00+00:00,306.69000000000005,307.16,306.54,306.96000000000004,1422
2026-03-05T19:05:00+00:00,306.96000000000004,307.16,306.72,306.89000000000004,1341
2026-03-05T19:10:00+00:00,306.89000000000004,307.37,306.72,307.09000000000003,1374
2026-03-05T19:15:00+00:00,307.09000000000003,307.35,306.91,307.26000000000005,1423
2026-03-05T19:20:00+00:00,307.26000000000005,307.6,307.19000000000005,307.6,1306
2026-03-05T19:25:00+00:00,307.6,307.74,307.13000000000005,307.45000000000005,1486
2026-03-05T19:30:00+00:00,307.45000000000005,307.45000000000005,306.91,307.19000000000005,1401
2026-03-05T19:35:00+00:00,307.19000000000005,308.04,307.06,307.75,1333
2026-03-05T19:40:00+00:00,307.75,308.01000000000005,307.55,307.87,1274
2026-03-05T19:45:00+00:00,307.87,307.94000000000005,307.55,307.76000000000005,1092
2026-03-05T19:50:00+00:00,307.76000000000005,307.94000000000005,307.51000000000005,307.51000000000005,1199
2026-03-05T19:55:00+00:00,307.51000000000005,307.64000000000004,307.3,307.32000000000005,1139
2026-03-05T20:00:00+00:00,307.32000000000005,307.6,306.90000000000003,307.53000000000003,1262
2026-03-05T20:05:00+00:00,307.53000000000003,307.61,306.85,307.21000000000004,1330
2026-03-05T20:10:00+00:00,307.21000000000004,308.07000000000005,307.21000000000004,308.05,1077
2026-03-05T20:15:00+00:00,308.05,308.55,308,308.29,1060
2026-03-05T20:20:00+00:00,308.29,308.54,308.11,308.45000000000005,1036
2026-03-05T20:25:00+00:00,308.45000000000005,308.83000000000004,307.90000000000003,308.07000000000005,1374
2026-03-05T20:30:00+00:00,308.07000000000005,308.25,307.67,307.99,1191
2026-03-05T20:35:00+00:00,307.99,308.16,307.72,307.81,1040
2026-03-05T20:40:00+00:00,307.81,307.84000000000003,307.11,307.31,1282
2026-03-05T20:45:00+00:00,307.31,307.73,307.19000000000005,307.73,1195
2026-03-05T20:50:00+00:00,307.73,308.88000000000005,307.73,308.74,1305
2026-03-05T20:55:00+00:00,308.74,309.47,308.70000000000005,309.17,2318
2026-03-06T14:30:00+00:00,309.17,309.17,303.14000000000004,305.8,947
2026-03-06T14:35:00+00:00,305.8,305.81,303.8,304.12,1316
2026-03-06T14:40:00+00:00,304.12,305.62,304.1,305.19000000000005,1690
2026-03-06T14:45:00+00:00,305.19000000000005,306.12,304.88000000000005,305.69000000000005,1770
2026-03-06T14:50:00+00:00,305.69000000000005,306.06,305.05,305.51000000000005,2377
2026-03-06T14:55:00+00:00,305.51000000000005,306.64000000000004,305.26000000000005,306.43,2116
2026-03-06T15:00:00+00:00,306.43,307.45000000000005,306.42,307.12,2068
2026-03-06T15:05:00+00:00,307.12,307.40000000000003,305.87,306.15000000000003,1859
2026-03-06T15:10:00+00:00,306.15000000000003,307.62,305.87,307.54,1816
2026-03-06T15:15:00+00:00,307.54,307.93,307.1,307.89000000000004,1748
2026-03-06T15:20:00+00:00,307.89000000000004,308.1,307.35,307.67,1558
2026-03-06T15:25:00+00:00,307.67,307.74,307.31,307.71000000000004,1779
2026-03-06T15:30:00+00:00,307.71000000000004,308.1,307.51000000000005,307.78000000000003,1657
2026-03-06T15:35:00+00:00,307.78000000000003,308.40000000000003,307.6,308.32000000000005,1461
2026-03-06T15:40:00+00:00,308.32000000000005,308.32000000000005,307.42,307.57000000000005,1601
2026-03-06T15:45:00+00:00,307.57000000000005,307.70000000000005,307.29,307.47,1612
2026-03-06T15:50:00+00:00,307.47,307.47,306.75,307.1,1497
2026-03-06T15:55:00+00:00,307.1,308.19000000000005,307.02000000000004,307.57000000000005,1548
2026-03-06T16:00:00+00:00,307.57000000000005,308.18,307.47,308.16,1567
2026-03-06T16:05:00+00:00,308.16,308.18,307.40000000000003,307.61,1418
2026-03-06T16:10:00+00:00,307.61,307.68,307.27000000000004,307.33000000000004,1337
2026-03-06T16:15:00+00:00,307.33000000000004,308.02000000000004,307.27000000000004,307.98,1264
2026-03-06T16:20:00+00:00,307.98,308.05,306.75,307.17,1346
2026-03-06T16:25:00+00:00,307.17,307.53000000000003,307.02000000000004,307.42,1558
2026-03-06T16:30:00+00:00,307.42,307.55,306.81,306.93,1469
2026-03-06T16:35:00+00:00,306.93,307.68,306.90000000000003,307.44000000000005,1699
2026-03-06T16:40:00+00:00,307.44000000000005,307.64000000000004,307.1,307.40000000000003,1834
2026-03-06T16:45:00+00:00,307.40000000000003,307.95000000000005,307.34000000000003,307.48,1717
2026-03-06T16:50:00+00:00,307.48,307.98,306.93,306.99,1968
2026-03-06T16:55:00+00:00,306.99,307.41,306.66,307.11,1899
2026-03-06T17:00:00+00:00,307.11,307.81,306.90000000000003,307.47,1966
2026-03-06T17:05:00+00:00,307.47,307.61,306.95000000000005,307.06,1777
2026-03-06T17:10:00+00:00,307.06,307.28000000000003,306.83000000000004,306.98,1534
2026-03-06T17:15:00+00:00,306.98,307.38000000000005,306.69000000000005,307.27000000000004,1679
2026-03-06T17:20:00+00:00,307.27000000000004,307.41,306.91,307.02000000000004,1605
2026-03-06T17:25:00+00:00,307.02000000000004,307.25,306.65000000000003,307.04,1445
2026-03-06T17:30:00+00:00,307.04,307.38000000000005,307.01000000000005,307.28000000000003,1458
2026-03-06T17:35:00+00:00,307.28000000000003,307.29,306.66,306.93,1505
2026-03-06T17:40:00+00:00,306.93,307.14000000000004,306.3,306.44000000000005,1402
2026-03-06T17:45:00+00:00,306.44000000000005,306.85,306.37,306.75,1376
2026-03-06T17:50:00+00:00,306.75,306.96000000000004,306.36,306.48,1356
2026-03-06T17:55:00+00:00,306.48,306.69000000000005,306.3,306.33000000000004,1181
2026-03-06T18:00:00+00:00,306.33000000000004,306.91,306.27000000000004,306.45000000000005,1449
2026-03-06T18:05:00+00:00,306.45000000000005,307.21000000000004,306.44000000000005,306.95000000000005,1371
2026-03-06T18:10:00+00:00,306.95000000000005,307.95000000000005,306.76000000000005,307.88000000000005,1418
2026-03-06T18:15:00+00:00,307.88000000000005,307.99,307.32000000000005,307.69000000000005,1439
2026-03-06T18:20:00+00:00,307.69000000000005,307.73,307.32000000000005,307.48,1415
2026-03-06T18:25:00+00:00,307.48,307.53000000000003,307.05,307.27000000000004,1411
2026-03-06T18:30:00+00:00,307.27000000000004,307.68,307.15000000000003,307.54,1509
2026-03-06T18:35:00+00:00,307.54,307.67,307.20000000000005,307.48,1628
2026-03-06T18:40:00+00:00,307.48,307.81,307.40000000000003,307.57000000000005,1299
2026-03-06T18:45:00+00:00,307.57000000000005,307.67,307.36,307.54,1302
2026-03-06T18:50:00+00:00,307.54,307.57000000000005,307.06,307.3,1309
2026-03-06T18:55:00+00:00,307.3,307.51000000000005,307.16,307.38000000000005,1229
2026-03-06T19:00:00+00:00,307.38000000000005,307.66,307.37,307.41,1173
2026-03-06T19:05:00+00:00,307.41,307.74,307.27000000000004,307.59000000000003,1225
2026-03-06T19:10:00+00:00,307.59000000000003,307.82000000000005,307.43,307.69000000000005,1107
2026-03-06T19:15:00+00:00,307.69000000000005,307.71000000000004,307.12,307.33000000000004,1229
2026-03-06T19:20:00+00:00,307.33000000000004,307.36,306.68,306.81,1325
2026-03-06T19:25:00+00:00,306.81,307.17,306.8,307.12,1517
2026-03-06T19:30:00+00:00,307.12,307.33000000000004,307,307.09000000000003,1454
2026-03-06T19:35:00+00:00,307.09000000000003,307.20000000000005,306.38000000000005,306.38000000000005,1256
2026-03-06T19:40:00+00:00,306.38000000000005,306.97,306.38000000000005,306.5,1236
2026-03-06T19:45:00+00:00,306.5,306.6,306.25,306.31,1203
2026-03-06T19:50:00+00:00,306.31,306.41,306.1,306.28000000000003,1213
2026-03-06T19:55:00+00:00,306.28000000000003,306.67,306.28000000000003,306.6,1239
2026-03-06T20:00:00+00:00,306.6,307.53000000000003,306.58000000000004,307.5,1011
2026-03-06T20:05:00+00:00,307.5,307.6,306.92,307.11,929
2026-03-06T20:10:00+00:00,307.11,307.26000000000005,306.63000000000005,307.1,1238
2026-03-06T20:15:00+00:00,307.1,307.20000000000005,306.68,306.8,1141
2026-03-06T20:20:00+00:00,306.8,306.89000000000004,306.3,306.46000000000004,942
2026-03-06T20:25:00+00:00,306.46000000000004,306.46000000000004,305.82000000000005,306.19000000000005,1016
2026-03-06T20:30:00+00:00,306.19000000000005,306.27000000000004,305.87,306.05,1272
2026-03-06T20:35:00+00:00,306.05,306.05,305.47,305.91,1552
2026-03-06T20:40:00+00:00,305.91,306.61,305.75,306.21000000000004,1711
2026-03-06T20:45:00+00:00,306.21000000000004,306.66,306.19000000000005,306.53000000000003,1593
2026-03-06T20:50:00+00:00,306.53000000000003,306.57000000000005,305.74,306.35,1574
2026-03-06T20:55:00+00:00,306.35,306.66,305.72,306.08000000000004,2268
2026-03-09T13:30:00+00:00,306.08000000000004,306.08000000000004,301.69000000000005,304.36,792
2026-03-09T13:35:00+00:00,304.36,304.71000000000004,303.35,303.90000000000003,1126
2026-03-09T13:40:00+00:00,303.90000000000003,304.27000000000004,303.05,303.51000000000005,1303
2026-03-09T13:45:00+00:00,303.51000000000005,304.3,303.1,303.12,1850
2026-03-09T13:50:00+00:00,303.12,303.98,302.51000000000005,302.79,2028
2026-03-09T13:55:00+00:00,302.79,303.88000000000005,302.46000000000004,302.95000000000005,2629
2026-03-09T14:00:00+00:00,302.95000000000005,304.95000000000005,302.90000000000003,304.83000000000004,2360
2026-03-09T14:05:00+00:00,304.83000000000004,305.03000000000003,303.39000000000004,303.92,2036
2026-03-09T14:10:00+00:00,303.92,304.23,303.11,303.93,1989
2026-03-09T14:15:00+00:00,303.93,305.45000000000005,303.62,305.38000000000005,1563
2026-03-09T14:20:00+00:00,305.38000000000005,306.31,304.62,305.88000000000005,1689
2026-03-09T14:25:00+00:00,305.88000000000005,306.13000000000005,304.52000000000004,304.83000000000004,1344
2026-03-09T14:30:00+00:00,304.83000000000004,305.62,304.71000000000004,305.57000000000005,1659
2026-03-09T14:35:00+00:00,305.57000000000005,306.3,305.42,305.91,1573
2026-03-09T14:40:00+00:00,305.91,306.61,305.89000000000004,306.57000000000005,1551
2026-03-09T14:45:00+00:00,306.57000000000005,307.26000000000005,306.48,307.24,1163
2026-03-09T14:50:00+00:00,307.24,307.36,306.75,307.33000000000004,1415
2026-03-09T14:55:00+00:00,307.33000000000004,307.66,306.88000000000005,306.88000000000005,1539
2026-03-09T15:00:00+00:00,306.88000000000005,307.69000000000005,306.88000000000005,307.53000000000003,1269
2026-03-09T15:05:00+00:00,307.53000000000003,307.58000000000004,306.31,306.44000000000005,1144
2026-03-09T15:10:00+00:00,306.44000000000005,307.41,306.40000000000003,307.29,1063
2026-03-09T15:15:00+00:00,307.29,307.70000000000005,307.01000000000005,307.34000000000003,871
2026-03-09T15:20:00+00:00,307.34000000000003,307.77000000000004,307.1,307.34000000000003,991
2026-03-09T15:25:00+00:00,307.34000000000003,307.61,307.16,307.19000000000005,820
2026-03-09T15:30:00+00:00,307.19000000000005,307.31,306.85,306.93,965
2026-03-09T15:35:00+00:00,306.93,307.49,306.70000000000005,307.15000000000003,1038
2026-03-09T15:40:00+00:00,307.15000000000003,307.27000000000004,306.95000000000005,307.18,1261
2026-03-09T15:45:00+00:00,307.18,307.69000000000005,307.1,307.49,868
2026-03-09T15:50:00+00:00,307.49,307.91,307.35,307.82000000000005,767
2026-03-09T15:55:00+00:00,307.82000000000005,307.99,307.36,307.63000000000005,808
2026-03-09T16:00:00+00:00,307.63000000000005,307.91,307.45000000000005,307.52000000000004,981
2026-03-09T16:05:00+00:00,307.52000000000004,307.93,307.5,307.85,843
2026-03-09T16:10:00+00:00,307.85,308.06,307.63000000000005,307.95000000000005,728
2026-03-09T16:15:00+00:00,307.95000000000005,308.01000000000005,307.52000000000004,307.86,758
2026-03-09T16:20:00+00:00,307.86,308.20000000000005,307.46000000000004,308.11,845
2026-03-09T16:25:00+00:00,308.11,309.17,308.09000000000003,308.54,936
2026-03-09T16:30:00+00:00,308.54,309.11,308.34000000000003,309.05,1344
2026-03-09T16:35:00+00:00,309.05,309.28000000000003,308.76000000000005,309.12,1008
2026-03-09T16:40:00+00:00,309.12,309.65000000000003,309.02000000000004,309.54,623
2026-03-09T16:45:00+00:00,309.54,309.73,309.41,309.49,791
2026-03-09T16:50:00+00:00,309.49,309.51000000000005,309.27000000000004,309.39000000000004,879
2026-03-09T16:55:00+00:00,309.39000000000004,309.59000000000003,309.20000000000005,309.37,924
2026-03-09T17:00:00+00:00,309.37,309.48,308.95000000000005,309.18,860
2026-03-09T17:05:00+00:00,309.18,309.25,308.76000000000005,309.01000000000005,849
2026-03-09T17:10:00+00:00,309.01000000000005,309.09000000000003,308.49,308.75,970
2026-03-09T17:15:00+00:00,308.75,308.78000000000003,308.26000000000005,308.37,818
2026-03-09T17:20:00+00:00,308.37,308.42,307.87,308.18,892
2026-03-09T17:25:00+00:00,308.18,308.6,308.05,308.51000000000005,842
2026-03-09T17:30:00+00:00,308.51000000000005,308.68,308.34000000000003,308.58000000000004,850
2026-03-09T17:35:00+00:00,308.58000000000004,308.82000000000005,308.46000000000004,308.63000000000005,855
2026-03-09T17:40:00+00:00,308.63000000000005,308.94000000000005,308.55,308.82000000000005,710
2026-03-09T17:45:00+00:00,308.82000000000005,309.47,308.81,309.31,730
2026-03-09T17:50:00+00:00,309.31,309.44000000000005,309.1,309.21000000000004,643
2026-03-09T17:55:00+00:00,309.21000000000004,309.31,309.03000000000003,309.16,666
2026-03-09T18:00:00+00:00,309.16,309.54,309.09000000000003,309.1,863
2026-03-09T18:05:00+00:00,309.1,309.39000000000004,308.92,309.12,749
2026-03-09T18:10:00+00:00,309.12,309.51000000000005,309.1,309.23,783
2026-03-09T18:15:00+00:00,309.23,309.48,309.18,309.40000000000003,657
2026-03-09T18:20:00+00:00,309.40000000000003,309.69000000000005,308.97,309.08000000000004,909
2026-03-09T18:25:00+00:00,309.08000000000004,309.15000000000003,308.85,308.91,655
2026-03-09T18:30:00+00:00,308.91,309.6,308.86,309.6,945
2026-03-09T18:35:00+00:00,309.6,309.74,309.41,309.67,953
2026-03-09T18:40:00+00:00,309.67,310.15000000000003,309.58000000000004,310.13000000000005,886
2026-03-09T18:45:00+00:00,310.13000000000005,310.64000000000004,310.11,310.47,838
2026-03-09T18:50:00+00:00,310.47,310.55,310.21000000000004,310.3,842
2026-03-09T18:55:00+00:00,310.3,310.34000000000003,309.79,309.84000000000003,982
2026-03-09T19:00:00+00:00,309.84000000000003,310.06,309.58000000000004,309.82000000000005,1045
2026-03-09T19:05:00+00:00,309.82000000000005,310.07000000000005,309.56,310.03000000000003,1144
2026-03-09T19:10:00+00:00,310.03000000000003,310.42,310,310.17,975
2026-03-09T19:15:00+00:00,310.17,311.97,310.12,311.89000000000004,1586
2026-03-09T19:20:00+00:00,311.89000000000004,312.70000000000005,311.25,311.8,2846
2026-03-09T19:25:00+00:00,311.8,312.91,311.59000000000003,312.85,2275
2026-03-09T19:30:00+00:00,312.85,313.28000000000003,312.27000000000004,313.20000000000005,1636
2026-03-09T19:35:00+00:00,313.20000000000005,314.03000000000003,312.61,313.99,2087
2026-03-09T19:40:00+00:00,313.99,313.99,312.32000000000005,312.98,1906
2026-03-09T19:45:00+00:00,312.98,313.31,312.57000000000005,313.14000000000004,1553
2026-03-09T19:50:00+00:00,313.14000000000004,313.31,312.57000000000005,313.04,2099
2026-03-09T19:55:00+00:00,313.04,314.58000000000004,313.02000000000004,314.32000000000005,2315
2026-03-10T13:30:00+00:00,314.32000000000005,316.21000000000004,313.06,314.94000000000005,891
2026-03-10T13:35:00+00:00,314.94000000000005,315.89000000000004,314.76000000000005,315.64000000000004,1551
2026-03-10T13:40:00+00:00,315.64000000000004,315.95000000000005,314.61,315.78000000000003,2033
2026-03-10T13:45:00+00:00,315.78000000000003,315.84000000000003,314.61,315.22,1808
2026-03-10T13:50:00+00:00,315.22,315.38000000000005,313.75,313.89000000000004,1680
2026-03-10T13:55:00+00:00,313.89000000000004,313.98,313.39000000000004,313.65000000000003,2303
2026-03-10T14:00:00+00:00,313.65000000000003,314.52000000000004,313.56,314.40000000000003,2184
2026-03-10T14:05:00+00:00,314.40000000000003,315.08000000000004,313.39000000000004,313.58000000000004,2027
2026-03-10T14:10:00+00:00,313.58000000000004,314.34000000000003,313.47,314.3,1730
2026-03-10T14:15:00+00:00,314.3,314.46000000000004,313.70000000000005,314.36,2032
2026-03-10T14:20:00+00:00,314.36,314.42,313.71000000000004,314.23,1641
2026-03-10T14:25:00+00:00,314.23,315.05,314.11,314.38000000000005,1479
2026-03-10T14:30:00+00:00,314.38000000000005,315.55,314.3,315.40000000000003,1112
2026-03-10T14:35:00+00:00,315.40000000000003,315.67,315.21000000000004,315.6,985
2026-03-10T14:40:00+00:00,315.6,315.99,315.37,315.61,1435
2026-03-10T14:45:00+00:00,315.61,315.99,315.34000000000003,315.85,1354
2026-03-10T14:50:00+00:00,315.85,316.31,315.64000000000004,316.19000000000005,1102
2026-03-10T14:55:00+00:00,316.19000000000005,316.76000000000005,316.12,316.76000000000005,1002
2026-03-10T15:00:00+00:00,316.76000000000005,317.22,316.40000000000003,316.59000000000003,1070
2026-03-10T15:05:00+00:00,316.59000000000003,316.68,316.1,316.18,961
2026-03-10T15:10:00+00:00,316.18,316.39000000000004,315.76000000000005,316.02000000000004,841
2026-03-10T15:15:00+00:00,316.02000000000004,316.43,315.8,316.40000000000003,852
2026-03-10T15:20:00+00:00,316.40000000000003,316.57000000000005,315.93,316.22,798
2026-03-10T15:25:00+00:00,316.22,316.32000000000005,315.92,316.1,906
2026-03-10T15:30:00+00:00,316.1,316.14000000000004,315.76000000000005,315.85,923
2026-03-10T15:35:00+00:00,315.85,316.38000000000005,315.85,316.33000000000004,792
2026-03-10T15:40:00+00:00,316.33000000000004,316.84000000000003,316.21000000000004,316.44000000000005,891
2026-03-10T15:45:00+00:00,316.44000000000005,316.62,316.11,316.61,1195
2026-03-10T15:50:00+00:00,316.61,317.02000000000004,316.51000000000005,316.59000000000003,867
2026-03-10T15:55:00+00:00,316.59000000000003,316.95000000000005,316.52000000000004,316.82000000000005,1296
2026-03-10T16:00:00+00:00,316.82000000000005,316.86,316.32000000000005,316.32000000000005,1125
2026-03-10T16:05:00+00:00,316.32000000000005,316.34000000000003,315.40000000000003,315.63000000000005,1339
2026-03-10T16:10:00+00:00,315.63000000000005,316.18,315.46000000000004,315.92,1412
2026-03-10T16:15:00+00:00,315.92,316.41,315.72,316.23,1198
2026-03-10T16:20:00+00:00,316.23,316.28000000000003,315.95000000000005,316.12,1203
2026-03-10T16:25:00+00:00,316.12,316.32000000000005,315.78000000000003,316.02000000000004,1151
2026-03-10T16:30:00+00:00,316.02000000000004,316.3,315.95000000000005,316.26000000000005,1125
2026-03-10T16:35:00+00:00,316.26000000000005,316.47,316.16,316.32000000000005,777
2026-03-10T16:40:00+00:00,316.32000000000005,316.5,316.18,316.37,817
2026-03-10T16:45:00+00:00,316.37,316.39000000000004,315.61,315.77000000000004,847
2026-03-10T16:50:00+00:00,315.77000000000004,316.15000000000003,315.68,316.15000000000003,869
2026-03-10T16:55:00+00:00,316.15000000000003,316.20000000000005,315.87,315.89000000000004,674
2026-03-10T17:00:00+00:00,315.89000000000004,316.22,315.8,316.09000000000003,825
2026-03-10T17:05:00+00:00,316.09000000000003,316.37,316.02000000000004,316.31,927
2026-03-10T17:10:00+00:00,316.31,316.52000000000004,316.17,316.39000000000004,1016
2026-03-10T17:15:00+00:00,316.39000000000004,316.87,316.29,316.8,1162
2026-03-10T17:20:00+00:00,316.8,316.81,316.44000000000005,316.51000000000005,1152
2026-03-10T17:25:00+00:00,316.51000000000005,316.82000000000005,316.44000000000005,316.76000000000005,689
2026-03-10T17:30:00+00:00,316.76000000000005,317.05,316.31,316.35,1543
2026-03-10T17:35:00+00:00,316.35,316.44000000000005,315.85,316.23,1772
2026-03-10T17:40:00+00:00,316.23,316.64000000000004,316.06,316.14000000000004,1787
2026-03-10T17:45:00+00:00,316.14000000000004,316.49,315.89000000000004,316.26000000000005,1458
2026-03-10T17:50:00+00:00,316.26000000000005,316.45000000000005,316.1,316.28000000000003,1218
2026-03-10T17:55:00+00:00,316.28000000000003,316.3,316.05,316.08000000000004,1010
2026-03-10T18:00:00+00:00,316.08000000000004,316.1,315.71000000000004,315.94000000000005,1104
2026-03-10T18:05:00+00:00,315.94000000000005,316.01000000000005,315.62,315.89000000000004,1177
2026-03-10T18:10:00+00:00,315.89000000000004,316.08000000000004,314.68,314.70000000000005,1533
2026-03-10T18:15:00+00:00,314.70000000000005,315.26000000000005,314.34000000000003,314.58000000000004,2407
2026-03-10T18:20:00+00:00,314.58000000000004,315.53000000000003,314.27000000000004,315.1,2106
2026-03-10T18:25:00+00:00,315.1,315.87,315.01000000000005,315.54,2048
2026-03-10T18:30:00+00:00,315.54,316.15000000000003,315.3,315.87,1606
2026-03-10T18:35:00+00:00,315.87,316.14000000000004,315.12,315.52000000000004,1785
2026-03-10T18:40:00+00:00,315.52000000000004,315.79,315.25,315.40000000000003,1493
2026-03-10T18:45:00+00:00,315.40000000000003,315.89000000000004,315.13000000000005,315.75,1377
2026-03-10T18:50:00+00:00,315.75,316.06,315.38000000000005,315.70000000000005,1360
2026-03-10T18:55:00+00:00,315.70000000000005,315.83000000000004,315.28000000000003,315.3,1126
2026-03-10T19:00:00+00:00,315.3,315.75,315.20000000000005,315.22,1133
2026-03-10T19:05:00+00:00,315.22,315.62,315.12,315.42,1213
2026-03-10T19:10:00+00:00,315.42,315.6,315.11,315.5,971
2026-03-10T19:15:00+00:00,315.5,315.68,315.35,315.5,974
2026-03-10T19:20:00+00:00,315.5,315.56,314.79,315.23,1191
2026-03-10T19:25:00+00:00,315.23,315.24,314.6,314.62,1164
2026-03-10T19:30:00+00:00,314.62,314.95000000000005,314.45000000000005,314.64000000000004,1282
2026-03-10T19:35:00+00:00,314.64000000000004,315.18,314.46000000000004,315.07000000000005,1411
2026-03-10T19:40:00+00:00,315.07000000000005,315.51000000000005,314.62,314.91,1592
2026-03-10T19:45:00+00:00,314.91,315.20000000000005,314.78000000000003,315,1148
2026-03-10T19:50:00+00:00,315,315.06,314.54,314.77000000000004,1526
2026-03-10T19:55:00+00:00,314.77000000000004,315.17,314.39000000000004,314.85,1699
2026-03-11T13:30:00+00:00,314.85,316.43,314.85,315.65000000000003,1090
2026-03-11T13:35:00+00:00,315.65000000000003,315.69,314.81,315.08000000000004,1485
2026-03-11T13:40:00+00:00,315.08000000000004,316.47,315.07,315.59000000000003,1687
2026-03-11T13:45:00+00:00,315.59000000000003,316.53000000000003,315.59000000000003,316.37,1995
2026-03-11T13:50:00+00:00,316.37,317.35,316.12,316.69,1867
2026-03-11T13:55:00+00:00,316.69,317.85,316.48,317.81,1802
2026-03-11T14:00:00+00:00,317.81,319.07,317.14000000000004,318.32,2961
2026-03-11T14:05:00+00:00,318.32,318.37,317.18,318.11,2323
2026-03-11T14:10:00+00:00,318.11,319.01,317.66,318.52000000000004,1998
2026-03-11T14:15:00+00:00,318.52000000000004,319.3,318.06,319.05,1797
2026-03-11T14:20:00+00:00,319.05,319.3,318.67,318.77000000000004,2343
2026-03-11T14:25:00+00:00,318.77000000000004,319.62,318.45,319.58000000000004,2039
2026-03-11T14:30:00+00:00,319.58000000000004,320.06,318.31,318.5,1742
2026-03-11T14:35:00+00:00,318.5,319.18,318.21000000000004,318.56,1634
2026-03-11T14:40:00+00:00,318.56,319.1,318.47,318.52000000000004,1579
2026-03-11T14:45:00+00:00,318.52000000000004,319.29,318.17,319.29,1479
2026-03-11T14:50:00+00:00,319.29,319.42,318.61,318.94,1257
2026-03-11T14:55:00+00:00,318.94,319.69,318.88,319.36,1240
2026-03-11T15:00:00+00:00,319.36,319.65000000000003,318.68,319.23,1561
2026-03-11T15:05:00+00:00,319.23,319.29,318.69,318.79,1582
2026-03-11T15:10:00+00:00,318.79,319.11,317.58000000000004,318.42,1600
2026-03-11T15:15:00+00:00,318.42,318.43,317.47,317.77000000000004,1510
2026-03-11T15:20:00+00:00,317.77000000000004,318.1,317.36,317.93,1507
2026-03-11T15:25:00+00:00,317.93,318.35,317.5,317.53000000000003,1419
2026-03-11T15:30:00+00:00,317.53000000000003,318.43,317.26,318.21000000000004,1559
2026-03-11T15:35:00+00:00,318.21000000000004,318.32,317.66,317.89000000000004,1463
2026-03-11T15:40:00+00:00,317.89000000000004,318.24,317.55,317.61,1385
2026-03-11T15:45:00+00:00,317.61,317.74,317.17,317.64000000000004,1185
2026-03-11T15:50:00+00:00,317.64000000000004,318.18,317.64000000000004,318.18,1316
2026-03-11T15:55:00+00:00,318.18,318.18,317.61,317.83000000000004,1304
2026-03-11T16:00:00+00:00,317.83000000000004,318.02000000000004,317.16,317.27000000000004,1404
2026-03-11T16:05:00+00:00,317.27000000000004,317.59000000000003,317.15000000000003,317.23,1033
2026-03-11T16:10:00+00:00,317.23,317.71000000000004,317.12,317.45,1162
2026-03-11T16:15:00+00:00,317.45,317.71000000000004,317.07,317.07,1256
2026-03-11T16:20:00+00:00,317.07,317.53000000000003,317,317.48,1069
2026-03-11T16:25:00+00:00,317.48,317.65000000000003,317.3,317.42,1088
2026-03-11T16:30:00+00:00,317.42,317.84000000000003,317.41,317.7,1124
2026-03-11T16:35:00+00:00,317.7,317.87,317.42,317.5,1144
2026-03-11T16:40:00+00:00,317.5,317.93,317.34000000000003,317.59000000000003,1107
2026-03-11T16:45:00+00:00,317.59000000000003,317.82,317.44,317.58000000000004,1298
2026-03-11T16:50:00+00:00,317.58000000000004,317.83000000000004,317.45,317.64000000000004,1133
2026-03-11T16:55:00+00:00,317.64000000000004,317.97,317.61,317.88,946
2026-03-11T17:00:00+00:00,317.88,318.3,317.82,317.99,1000
2026-03-11T17:05:00+00:00,317.99,318.31,317.92,318.12,814
2026-03-11T17:10:00+00:00,318.12,318.18,317.59000000000003,317.78000000000003,1021
2026-03-11T17:15:00+00:00,317.78000000000003,317.93,317.39000000000004,317.68,1003
2026-03-11T17:20:00+00:00,317.68,317.82,317.36,317.82,1344
2026-03-11T17:25:00+00:00,317.82,318.13,317.6,318.07,1101
2026-03-11T17:30:00+00:00,318.07,318.15000000000003,317.81,317.94,1055
2026-03-11T17:35:00+00:00,317.94,318.06,316.47,317.23,1847
2026-03-11T17:40:00+00:00,317.23,317.54,316.88,317.44,1890
2026-03-11T17:45:00+00:00,317.44,317.53000000000003,317.2,317.37,1813
2026-03-11T17:50:00+00:00,317.37,317.82,317.2,317.35,1571
2026-03-11T17:55:00+00:00,317.35,317.38,316.89000000000004,317.27000000000004,1294
2026-03-11T18:00:00+00:00,317.27000000000004,317.35,316.89000000000004,317.03000000000003,1057
2026-03-11T18:05:00+00:00,317.03000000000003,317.07,316.73,316.93,837
2026-03-11T18:10:00+00:00,316.93,316.96000000000004,316.31,316.73,1112
2026-03-11T18:15:00+00:00,316.73,316.79,316.47,316.63,1116
2026-03-11T18:20:00+00:00,316.63,317.06,316.63,316.87,1144
2026-03-11T18:25:00+00:00,316.87,317.19,316.77000000000004,317.09000000000003,953
2026-03-11T18:30:00+00:00,317.09000000000003,317.51,317.06,317.46000000000004,968
2026-03-11T18:35:00+00:00,317.46000000000004,317.55,317.15000000000003,317.21000000000004,1101
2026-03-11T18:40:00+00:00,317.21000000000004,317.41,316.81,316.93,944
2026-03-11T18:45:00+00:00,316.93,317.1,316.67,316.7,765
2026-03-11T18:50:00+00:00,316.7,317.21000000000004,316.55,316.67,869
2026-03-11T18:55:00+00:00,316.67,316.8,316.46000000000004,316.57,768
2026-03-11T19:00:00+00:00,316.57,316.89000000000004,316.08000000000004,316.8,749
2026-03-11T19:05:00+00:00,316.8,317,316.42,316.53000000000003,854
2026-03-11T19:10:00+00:00,316.53000000000003,316.67,316.24,316.39000000000004,577
2026-03-11T19:15:00+00:00,316.39000000000004,316.59000000000003,316.16,316.47,786
2026-03-11T19:20:00+00:00,316.47,316.64000000000004,316.18,316.38,785
2026-03-11T19:25:00+00:00,316.38,316.87,316.31,316.78000000000003,974
2026-03-11T19:30:00+00:00,316.78000000000003,317.13,316.58000000000004,317.02000000000004,1015
2026-03-11T19:35:00+00:00,317.02000000000004,317.15000000000003,316.82,316.95,823
2026-03-11T19:40:00+00:00,316.95,317.19,316.71000000000004,316.87,905
2026-03-11T19:45:00+00:00,316.87,317.04,316.55,316.73,907
2026-03-11T19:50:00+00:00,316.73,317.40000000000003,316.56,317.31,1114
2026-03-11T19:55:00+00:00,317.31,317.68,317.03000000000003,317.38,1601
2026-03-12T13:30:00+00:00,317.38,317.61,314.25,316.18,1199
2026-03-12T13:35:00+00:00,316.18,316.27000000000004,315.06,315.24,1661
2026-03-12T13:40:00+00:00,315.24,315.36,313.99,314.65000000000003,1685
2026-03-12T13:45:00+00:00,314.65000000000003,314.7,313.32,314.17,1873
2026-03-12T13:50:00+00:00,314.17,314.53000000000003,313.05,313.3,2108
2026-03-12T13:55:00+00:00,313.3,313.46000000000004,312.55,312.98,2310
2026-03-12T14:00:00+00:00,312.98,313.78000000000003,312.74,312.81,2320
2026-03-12T14:05:00+00:00,312.81,313.79,312.8,313.40000000000003,2024
2026-03-12T14:10:00+00:00,313.40000000000003,313.48,312.61,312.89000000000004,2092
2026-03-12T14:15:00+00:00,312.89000000000004,312.97,312.07,312.28000000000003,2036
2026-03-12T14:20:00+00:00,312.28000000000003,312.68,312.1,312.26,1663
2026-03-12T14:25:00+00:00,312.26,312.6,311.49,311.49,1633
2026-03-12T14:30:00+00:00,311.49,312.13,311.3,312.08000000000004,1127
2026-03-12T14:35:00+00:00,312.08000000000004,312.27000000000004,311.01,311.09000000000003,1455
2026-03-12T14:40:00+00:00,311.09000000000003,311.61,311.05,311.46000000000004,1402
2026-03-12T14:45:00+00:00,311.46000000000004,312.04,310.65000000000003,310.99,1779
2026-03-12T14:50:00+00:00,310.99,311.31,310.8,311.11,1552
2026-03-12T14:55:00+00:00,311.11,311.31,310.59000000000003,310.77000000000004,1145
2026-03-12T15:00:00+00:00,310.77000000000004,310.84000000000003,310.25,310.77000000000004,1623
2026-03-12T15:05:00+00:00,310.77000000000004,310.86,310.3,310.5,1554
2026-03-12T15:10:00+00:00,310.5,310.57,309.99,310.5,1514
2026-03-12T15:15:00+00:00,310.5,310.63,310.07,310.2,1618
2026-03-12T15:20:00+00:00,310.2,310.46000000000004,309.85,310.2,1356
2026-03-12T15:25:00+00:00,310.2,311.14000000000004,310.08000000000004,311.11,1383
2026-03-12T15:30:00+00:00,311.11,311.6,310.75,310.93,1320
2026-03-12T15:35:00+00:00,310.93,312.17,310.8,312.15000000000003,1508
2026-03-12T15:40:00+00:00,312.15000000000003,312.26,311.43,311.97,1926
2026-03-12T15:45:00+00:00,311.97,312.12,311.31,311.81,1604
2026-03-12T15:50:00+00:00,311.81,312.11,311.59000000000003,312.05,1343
2026-03-12T15:55:00+00:00,312.05,312.13,311.69,311.96000000000004,1180
2026-03-12T16:00:00+00:00,311.96000000000004,312.39000000000004,311.56,312.31,1229
2026-03-12T16:05:00+00:00,312.31,312.63,311.06,311.3,1380
2026-03-12T16:10:00+00:00,311.3,312.23,311.06,312.21000000000004,1238
2026-03-12T16:15:00+00:00,312.21000000000004,312.61,312.06,312.2,1190
2026-03-12T16:20:00+00:00,312.2,312.76,311.95,311.96000000000004,1367
2026-03-12T16:25:00+00:00,311.96000000000004,312.02000000000004,311.46000000000004,311.83000000000004,1195
2026-03-12T16:30:00+00:00,311.83000000000004,312.32,311.61,312.17,1112
2026-03-12T16:35:00+00:00,312.17,312.57,311.94,312.44,1314
2026-03-12T16:40:00+00:00,312.44,312.58000000000004,312.27000000000004,312.48,911
2026-03-12T16:45:00+00:00,312.48,312.53000000000003,311.71000000000004,312.08000000000004,1208
2026-03-12T16:50:00+00:00,312.08000000000004,312.22,311.73,311.87,1053
2026-03-12T16:55:00+00:00,311.87,312.24,311.85,312.23,1034
2026-03-12T17:00:00+00:00,312.23,312.73,312.13,312.68,1049
2026-03-12T17:05:00+00:00,312.68,313.04,312.45,312.48,1020
2026-03-12T17:10:00+00:00,312.48,312.81,312.44,312.49,865
2026-03-12T17:15:00+00:00,312.49,312.65000000000003,312.3,312.47,861
2026-03-12T17:20:00+00:00,312.47,313.02000000000004,312.38,312.88,987
2026-03-12T17:25:00+00:00,312.88,313.01,312.53000000000003,312.62,903
2026-03-12T17:30:00+00:00,312.62,312.88,312.51,312.71000000000004,1006
2026-03-12T17:35:00+00:00,312.71000000000004,313.04,312.45,312.71000000000004,1034
2026-03-12T17:40:00+00:00,312.71000000000004,312.91,312.41,312.53000000000003,822
2026-03-12T17:45:00+00:00,312.53000000000003,312.67,312.29,312.31,1063
2026-03-12T17:50:00+00:00,312.31,312.66,312.23,312.23,1011
2026-03-12T17:55:00+00:00,312.23,312.5,311.83000000000004,312.46000000000004,1177
2026-03-12T18:00:00+00:00,312.46000000000004,313.31,312.44,313.02000000000004,1058
2026-03-12T18:05:00+00:00,313.02000000000004,313.52000000000004,312.91,313.32,921
2026-03-12T18:10:00+00:00,313.32,313.49,312.91,313.14000000000004,919
2026-03-12T18:15:00+00:00,313.14000000000004,313.28000000000003,312.83000000000004,312.92,978
2026-03-12T18:20:00+00:00,312.92,313.21000000000004,312.72,313.1,1047
2026-03-12T18:25:00+00:00,313.1,313.43,313.1,313.37,1048
2026-03-12T18:30:00+00:00,313.37,313.37,313.02000000000004,313.12,891
2026-03-12T18:35:00+00:00,313.12,313.21000000000004,312.94,313.06,874
2026-03-12T18:40:00+00:00,313.06,313.15000000000003,312.89000000000004,312.92,826
2026-03-12T18:45:00+00:00,312.92,313.02000000000004,312.81,312.88,850
2026-03-12T18:50:00+00:00,312.88,313.16,312.78000000000003,313.12,871
2026-03-12T18:55:00+00:00,313.12,313.21000000000004,312.96000000000004,313.13,843
2026-03-12T19:00:00+00:00,313.13,313.32,312.7,312.86,1145
2026-03-12T19:05:00+00:00,312.86,313.38,312.83000000000004,313.34000000000003,992
2026-03-12T19:10:00+00:00,313.34000000000003,313.55,312.86,313.33000000000004,740
2026-03-12T19:15:00+00:00,313.33000000000004,313.67,313.24,313.59000000000003,795
2026-03-12T19:20:00+00:00,313.59000000000003,313.82,313.37,313.64000000000004,876
2026-03-12T19:25:00+00:00,313.64000000000004,313.83000000000004,313.41,313.56,842
2026-03-12T19:30:00+00:00,313.56,313.79,313.49,313.6,835
2026-03-12T19:35:00+00:00,313.6,313.75,313.26,313.47,975
2026-03-12T19:40:00+00:00,313.47,313.54,312.98,313.2,1051
2026-03-12T19:45:00+00:00,313.2,313.29,312.86,313.21000000000004,1179
2026-03-12T19:50:00+00:00,313.21000000000004,313.31,312.5,312.8,1173
2026-03-12T19:55:00+00:00,312.8,312.8,311.95,312.24,1617
2026-03-13T13:30:00+00:00,312.24,316.22,312.24,314.13,1490
2026-03-13T13:35:00+00:00,314.13,314.29,313.04,313.25,1891
2026-03-13T13:40:00+00:00,313.25,314.82,313.05,314.53000000000003,1683
2026-03-13T13:45:00+00:00,314.53000000000003,315.63,314.51,315.08000000000004,1899
2026-03-13T13:50:00+00:00,315.08000000000004,315.52000000000004,314.66,315.51,2045
2026-03-13T13:55:00+00:00,315.51,315.51,314.45,314.5,1921
2026-03-13T14:00:00+00:00,314.5,314.97,313.96000000000004,314.41,2060
2026-03-13T14:05:00+00:00,314.41,314.8,313.89000000000004,314.08000000000004,2097
2026-03-13T14:10:00+00:00,314.08000000000004,314.94,314.03000000000003,314.71000000000004,2088
2026-03-13T14:15:00+00:00,314.71000000000004,315.04,314.34000000000003,314.48,2042
2026-03-13T14:20:00+00:00,314.48,315.35,314.46000000000004,315.14000000000004,1993
2026-03-13T14:25:00+00:00,315.14000000000004,315.49,314.90000000000003,315.28000000000003,1942
2026-03-13T14:30:00+00:00,315.28000000000003,316.18,315.24,315.63,1579
2026-03-13T14:35:00+00:00,315.63,315.72,314.76,315.26,1689
2026-03-13T14:40:00+00:00,315.26,315.27000000000004,314.26,314.32,1625
2026-03-13T14:45:00+00:00,314.32,314.57,313.91,314.27000000000004,2173
2026-03-13T14:50:00+00:00,314.27000000000004,314.57,313.92,313.99,2138
2026-03-13T14:55:00+00:00,313.99,314.15000000000003,313.06,313.45,1804
2026-03-13T15:00:00+00:00,313.45,313.72,313.06,313.48,2006
2026-03-13T15:05:00+00:00,313.48,313.98,313.3,313.92,1888
2026-03-13T15:10:00+00:00,313.92,314.73,313.91,314.55,1278
2026-03-13T15:15:00+00:00,314.55,314.63,313.46000000000004,313.47,1605
2026-03-13T15:20:00+00:00,313.47,313.79,313.06,313.18,1684
2026-03-13T15:25:00+00:00,313.18,313.19,312.57,312.69,1565
2026-03-13T15:30:00+00:00,312.69,312.91,312.34000000000003,312.73,1725
2026-03-13T15:35:00+00:00,312.73,312.8,311.77000000000004,312.36,1802
2026-03-13T15:40:00+00:00,312.36,312.51,311.69,311.8,1447
2026-03-13T15:45:00+00:00,311.8,312.40000000000003,311.55,311.76,2053
2026-03-13T15:50:00+00:00,311.76,311.81,311.07,311.26,1559
2026-03-13T15:55:00+00:00,311.26,311.58000000000004,310.99,311.37,1491
2026-03-13T16:00:00+00:00,311.37,311.93,311.26,311.68,1418
2026-03-13T16:05:00+00:00,311.68,311.83000000000004,311.46000000000004,311.64000000000004,1316
2026-03-13T16:10:00+00:00,311.64000000000004,311.75,310.76,311.13,1524
2026-03-13T16:15:00+00:00,311.13,311.36,310.88,311.07,1594
2026-03-13T16:20:00+00:00,311.07,311.31,310.90000000000003,311.11,1310
2026-03-13T16:25:00+00:00,311.11,311.26,310.79,311.11,1271
2026-03-13T16:30:00+00:00,311.11,311.36,310.89000000000004,310.91,1132
2026-03-13T16:35:00+00:00,310.91,311.58000000000004,310.65000000000003,310.76,1347
2026-03-13T16:40:00+00:00,310.76,310.83000000000004,309.96000000000004,309.98,1299
2026-03-13T16:45:00+00:00,309.98,310.13,309.72,310,1214
2026-03-13T16:50:00+00:00,310,310.13,309.74,310.02000000000004,1215
2026-03-13T16:55:00+00:00,310.02000000000004,310.09000000000003,309.05,309.17,1417
2026-03-13T17:00:00+00:00,309.17,309.91,309.17,309.59000000000003,1347
2026-03-13T17:05:00+00:00,309.59000000000003,310.53000000000003,309.49,310.44,1132
2026-03-13T17:10:00+00:00,310.44,310.98,310.18,310.98,1006
2026-03-13T17:15:00+00:00,310.98,311.06,310.23,310.52000000000004,997
2026-03-13T17:20:00+00:00,310.52000000000004,310.6,310.17,310.36,1106
2026-03-13T17:25:00+00:00,310.36,310.41,310.06,310.3,1185
2026-03-13T17:30:00+00:00,310.3,310.44,309.65000000000003,309.81,1097
2026-03-13T17:35:00+00:00,309.81,309.85,309.42,309.67,1046
2026-03-13T17:40:00+00:00,309.67,309.71000000000004,308.82,309.17,1183
2026-03-13T17:45:00+00:00,309.17,309.25,308.82,308.85,1121
2026-03-13T17:50:00+00:00,308.85,309.31,308.82,309.13,1209
2026-03-13T17:55:00+00:00,309.13,309.32,308.83000000000004,308.97,1157
2026-03-13T18:00:00+00:00,308.97,309.31,308.85,309.27000000000004,1111
2026-03-13T18:05:00+00:00,309.27000000000004,309.72,309.13,309.7,1155
2026-03-13T18:10:00+00:00,309.7,310.07,309.61,309.87,1140
2026-03-13T18:15:00+00:00,309.87,310,309.58000000000004,309.95,1040
2026-03-13T18:20:00+00:00,309.95,310.36,309.56,309.85,998
2026-03-13T18:25:00+00:00,309.85,310.43,309.81,310.36,972
2026-03-13T18:30:00+00:00,310.36,310.71000000000004,310.06,310.38,1081
2026-03-13T18:35:00+00:00,310.38,310.79,310.25,310.74,967
2026-03-13T18:40:00+00:00,310.74,310.84000000000003,310.54,310.69,843
2026-03-13T18:45:00+00:00,310.69,310.97,310.62,310.93,942
2026-03-13T18:50:00+00:00,310.93,311.04,310.55,310.96000000000004,710
2026-03-13T18:55:00+00:00,310.96000000000004,310.96000000000004,310.47,310.61,821
2026-03-13T19:00:00+00:00,310.61,310.76,310.41,310.56,919
2026-03-13T19:05:00+00:00,310.56,310.57,310.18,310.38,848
2026-03-13T19:10:00+00:00,310.38,310.58000000000004,310.28000000000003,310.37,708
2026-03-13T19:15:00+00:00,310.37,310.54,310.19,310.26,809
2026-03-13T19:20:00+00:00,310.26,310.29,309.74,309.83000000000004,1052
2026-03-13T19:25:00+00:00,309.83000000000004,309.90000000000003,309.48,309.85,1011
2026-03-13T19:30:00+00:00,309.85,310.07,309.68,309.91,949
2026-03-13T19:35:00+00:00,309.91,310.07,309.67,309.72,917
2026-03-13T19:40:00+00:00,309.72,309.75,309.35,309.7,1014
2026-03-13T19:45:00+00:00,309.7,310.12,309.61,310.03000000000003,901
2026-03-13T19:50:00+00:00,310.03000000000003,310.62,309.78000000000003,310.42,1224
2026-03-13T19:55:00+00:00,310.42,310.8,310.2,310.64000000000004,1633
2026-03-16T13:30:00+00:00,310.64000000000004,313.6,310.64000000000004,312.13,1808
2026-03-16T13:35:00+00:00,312.13,312.93,311.78000000000003,312.23,1867
2026-03-16T13:40:00+00:00,312.23,312.75,311.97,312.56,1702
2026-03-16T13:45:00+00:00,312.56,313.55,312.49,313.34000000000003,1955
2026-03-16T13:50:00+00:00,313.34000000000003,313.54,312.81,313.15000000000003,2003
2026-03-16T13:55:00+00:00,313.15000000000003,313.71000000000004,312.55,313.54,2191
2026-03-16T14:00:00+00:00,313.54,313.62,312.89000000000004,313.6,2086
2026-03-16T14:05:00+00:00,313.6,314.63,313.44,314.40000000000003,1950
2026-03-16T14:10:00+00:00,314.40000000000003,314.5,313.82,314.13,2124
2026-03-16T14:15:00+00:00,314.13,314.5,313.90000000000003,314.23,1948
2026-03-16T14:20:00+00:00,314.23,314.34000000000003,313.68,313.85,1756
2026-03-16T14:25:00+00:00,313.85,314.21000000000004,313.32,313.37,1650
2026-03-16T14:30:00+00:00,313.37,313.37,312.26,312.44,1683
2026-03-16T14:35:00+00:00,312.44,312.73,312.08000000000004,312.24,1754
2026-03-16T14:40:00+00:00,312.24,312.39000000000004,311.88,311.99,1678
2026-03-16T14:45:00+00:00,311.99,312.54,311.88,312.11,1709
2026-03-16T14:50:00+00:00,312.11,312.29,311.61,312.15000000000003,1621
2026-03-16T14:55:00+00:00,312.15000000000003,312.28000000000003,311.75,312.08000000000004,1245
2026-03-16T15:00:00+00:00,312.08000000000004,312.1,311.26,311.51,1314
2026-03-16T15:05:00+00:00,311.51,311.8,311.25,311.72,1445
2026-03-16T15:10:00+00:00,311.72,312.1,311.42,312.02000000000004,1422
2026-03-16T15:15:00+00:00,312.02000000000004,312.05,311.66,312.02000000000004,1368
2026-03-16T15:20:00+00:00,312.02000000000004,312.23,311.8,312.15000000000003,814
2026-03-16T15:25:00+00:00,312.15000000000003,312.21000000000004,311.90000000000003,312,981
2026-03-16T15:30:00+00:00,312,312.39000000000004,311.98,312.18,822
2026-03-16T15:35:00+00:00,312.18,312.29,311.95,311.96000000000004,735
2026-03-16T15:40:00+00:00,311.96000000000004,312.23,311.90000000000003,312.06,911
2026-03-16T15:45:00+00:00,312.06,312.13,311.75,312.09000000000003,919
2026-03-16T15:50:00+00:00,312.09000000000003,312.1,311.49,311.63,1397
2026-03-16T15:55:00+00:00,311.63,311.83000000000004,311.3,311.52000000000004,1269
2026-03-16T16:00:00+00:00,311.52000000000004,311.98,311.45,311.7,1235
2026-03-16T16:05:00+00:00,311.7,312.1,311.63,311.74,1112
2026-03-16T16:10:00+00:00,311.74,312.17,311.58000000000004,311.71000000000004,1142
2026-03-16T16:15:00+00:00,311.71000000000004,311.91,311.49,311.57,1246
2026-03-16T16:20:00+00:00,311.57,311.64000000000004,311.07,311.12,1257
2026-03-16T16:25:00+00:00,311.12,311.22,310.85,311,1271
2026-03-16T16:30:00+00:00,311,311.39000000000004,310.89000000000004,311.36,1353
2026-03-16T16:35:00+00:00,311.36,311.71000000000004,311.33000000000004,311.63,1325
2026-03-16T16:40:00+00:00,311.63,311.94,311.49,311.93,1110
2026-03-16T16:45:00+00:00,311.93,312.19,311.68,311.77000000000004,1168
2026-03-16T16:50:00+00:00,311.77000000000004,312.15000000000003,311.68,312.07,900
2026-03-16T16:55:00+00:00,312.07,312.32,311.93,312.17,1045
2026-03-16T17:00:00+00:00,312.17,312.73,312.11,312.26,1730
2026-03-16T17:05:00+00:00,312.26,312.6,312.17,312.33000000000004,920
2026-03-16T17:10:00+00:00,312.33000000000004,312.58000000000004,312.31,312.38,804
2026-03-16T17:15:00+00:00,312.38,312.55,312.31,312.49,816
2026-03-16T17:20:00+00:00,312.49,312.68,312.35,312.39000000000004,729
2026-03-16T17:25:00+00:00,312.39000000000004,312.66,312.3,312.34000000000003,839
2026-03-16T17:30:00+00:00,312.34000000000003,312.52000000000004,312.22,312.37,756
2026-03-16T17:35:00+00:00,312.37,312.51,312.25,312.35,843
2026-03-16T17:40:00+00:00,312.35,312.54,312.22,312.27000000000004,728
2026-03-16T17:45:00+00:00,312.27000000000004,312.48,312.14000000000004,312.39000000000004,774
2026-03-16T17:50:00+00:00,312.39000000000004,312.47,312.2,312.45,974
2026-03-16T17:55:00+00:00,312.45,312.61,312.32,312.37,798
2026-03-16T18:00:00+00:00,312.37,312.71000000000004,312.07,312.68,782
2026-03-16T18:05:00+00:00,312.68,312.89000000000004,312.51,312.78000000000003,1025
2026-03-16T18:10:00+00:00,312.78000000000003,312.90000000000003,312.57,312.72,836
2026-03-16T18:15:00+00:00,312.72,313,312.62,312.74,931
2026-03-16T18:20:00+00:00,312.74,312.79,312.27000000000004,312.68,867
2026-03-16T18:25:00+00:00,312.68,312.84000000000003,312.47,312.71000000000004,771
2026-03-16T18:30:00+00:00,312.71000000000004,313.12,312.61,313.07,685
2026-03-16T18:35:00+00:00,313.07,313.35,312.91,313.01,763
2026-03-16T18:40:00+00:00,313.01,313.37,313,313.33000000000004,685
2026-03-16T18:45:00+00:00,313.33000000000004,313.51,313.3,313.42,569
2026-03-16T18:50:00+00:00,313.42,313.45,313.24,313.41,677
2026-03-16T18:55:00+00:00,313.41,313.63,313.27000000000004,313.42,728
2026-03-16T19:00:00+00:00,313.42,313.59000000000003,313.14000000000004,313.32,721
2026-03-16T19:05:00+00:00,313.32,313.56,312.93,313.56,1139
2026-03-16T19:10:00+00:00,313.56,313.90000000000003,312.33000000000004,312.97,1268
2026-03-16T19:15:00+00:00,312.97,313.69,312.97,313.40000000000003,1508
2026-03-16T19:20:00+00:00,313.40000000000003,313.56,313.22,313.43,1201
2026-03-16T19:25:00+00:00,313.43,314.08000000000004,313.34000000000003,313.95,1357
2026-03-16T19:30:00+00:00,313.95,314.1,313.26,313.28000000000003,1069
2026-03-16T19:35:00+00:00,313.28000000000003,313.61,312.97,313.26,795
2026-03-16T19:40:00+00:00,313.26,313.40000000000003,313,313.12,949
2026-03-16T19:45:00+00:00,313.12,313.53000000000003,313.12,313.35,1241
2026-03-16T19:50:00+00:00,313.35,313.58000000000004,312.69,313.28000000000003,1442
2026-03-16T19:55:00+00:00,313.28000000000003,313.65000000000003,313.08000000000004,313.64000000000004,1513
2026-03-17T13:30:00+00:00,313.64000000000004,315.34000000000003,313.17,314.63,1077
2026-03-17T13:35:00+00:00,314.63,314.93,314.2,314.52000000000004,1216
2026-03-17T13:40:00+00:00,314.52000000000004,314.52000000000004,313.6,313.91,1354
2026-03-17T13:45:00+00:00,313.91,315.21000000000004,313.89000000000004,315.18,1898
2026-03-17T13:50:00+00:00,315.18,315.27000000000004,314.66,314.71000000000004,1805
2026-03-17T13:55:00+00:00,314.71000000000004,314.74,314.17,314.26,1489
2026-03-17T14:00:00+00:00,314.26,314.96000000000004,314.24,314.59000000000003,1730
2026-03-17T14:05:00+00:00,314.59000000000003,315.01,314.35,314.59000000000003,1344
2026-03-17T14:10:00+00:00,314.59000000000003,314.66,314.21000000000004,314.33000000000004,1513
2026-03-17T14:15:00+00:00,314.33000000000004,314.62,313.87,314.6,1837
2026-03-17T14:20:00+00:00,314.6,314.95,314.46000000000004,314.88,1524
2026-03-17T14:25:00+00:00,314.88,315.29,314.71000000000004,314.97,1642
2026-03-17T14:30:00+00:00,314.97,315.51,314.90000000000003,315.45,1206
2026-03-17T14:35:00+00:00,315.45,315.73,314.89000000000004,314.99,1286
2026-03-17T14:40:00+00:00,314.99,315.38,314.68,315.24,1257
2026-03-17T14:45:00+00:00,315.24,315.39000000000004,314.98,315.15000000000003,1105
2026-03-17T14:50:00+00:00,315.15000000000003,315.18,314.63,314.87,1092
2026-03-17T14:55:00+00:00,314.87,315.03000000000003,314.62,314.69,929
2026-03-17T15:00:00+00:00,314.69,314.96000000000004,314.57,314.59000000000003,969
2026-03-17T15:05:00+00:00,314.59000000000003,314.8,314.36,314.40000000000003,1075
2026-03-17T15:10:00+00:00,314.40000000000003,314.77000000000004,314.3,314.53000000000003,1280
2026-03-17T15:15:00+00:00,314.53000000000003,315.09000000000003,314.51,314.98,1181
2026-03-17T15:20:00+00:00,314.98,315.05,314.61,314.76,1187
2026-03-17T15:25:00+00:00,314.76,314.95,314.32,314.34000000000003,1080
2026-03-17T15:30:00+00:00,314.34000000000003,314.7,314.34000000000003,314.47,1120
2026-03-17T15:35:00+00:00,314.47,314.62,314.09000000000003,314.47,1356
2026-03-17T15:40:00+00:00,314.47,314.91,314.3,314.8,1190
2026-03-17T15:45:00+00:00,314.8,315.29,314.79,315.13,1040
2026-03-17T15:50:00+00:00,315.13,315.72,315.09000000000003,315.55,1075
2026-03-17T15:55:00+00:00,315.55,315.86,315.43,315.71000000000004,1133
2026-03-17T16:00:00+00:00,315.71000000000004,316.19,315.67,315.89000000000004,1161
2026-03-17T16:05:00+00:00,315.89000000000004,316.06,315.54,316.03000000000003,1239
2026-03-17T16:10:00+00:00,316.03000000000003,316.53000000000003,315.87,316.2,1285
2026-03-17T16:15:00+00:00,316.2,316.27000000000004,315.83000000000004,316.14000000000004,1123
2026-03-17T16:20:00+00:00,316.14000000000004,316.36,315.73,316.22,941
2026-03-17T16:25:00+00:00,316.22,316.25,315.93,316.09000000000003,965
2026-03-17T16:30:00+00:00,316.09000000000003,316.35,315.98,316.19,1187
2026-03-17T16:35:00+00:00,316.19,316.34000000000003,315.84000000000003,315.93,1035
2026-03-17T16:40:00+00:00,315.93,316.36,315.8,316.3,1021
2026-03-17T16:45:00+00:00,316.3,316.34000000000003,315.98,316.05,887
2026-03-17T16:50:00+00:00,316.05,316.05,315.73,315.85,710
2026-03-17T16:55:00+00:00,315.85,315.97,315.61,315.68,719
2026-03-17T17:00:00+00:00,315.68,316.08000000000004,315.68,315.98,883
2026-03-17T17:05:00+00:00,315.98,316.02000000000004,315.76,315.82,710
2026-03-17T17:10:00+00:00,315.82,315.97,315.53000000000003,315.92,706
2026-03-17T17:15:00+00:00,315.92,315.95,315.72,315.85,577
2026-03-17T17:20:00+00:00,315.85,316.02000000000004,315.6,315.79,566
2026-03-17T17:25:00+00:00,315.79,315.85,315.63,315.77000000000004,561
2026-03-17T17:30:00+00:00,315.77000000000004,315.97,315.64000000000004,315.82,583
2026-03-17T17:35:00+00:00,315.82,316.25,315.76,316.14000000000004,659
2026-03-17T17:40:00+00:00,316.14000000000004,316.53000000000003,315.88,315.92,642
2026-03-17T17:45:00+00:00,315.92,316.15000000000003,315.91,316,607
2026-03-17T17:50:00+00:00,316,316.45,315.77000000000004,316.43,717
2026-03-17T17:55:00+00:00,316.43,316.59000000000003,316.35,316.56,509
2026-03-17T18:00:00+00:00,316.56,316.88,316.34000000000003,316.8,667
2026-03-17T18:05:00+00:00,316.8,317.14000000000004,316.6,317.11,632
2026-03-17T18:10:00+00:00,317.11,317.18,316.95,316.95,652
2026-03-17T18:15:00+00:00,316.95,317.44,316.85,317.34000000000003,623
2026-03-17T18:20:00+00:00,317.34000000000003,317.35,316.83000000000004,317.03000000000003,774
2026-03-17T18:25:00+00:00,317.03000000000003,317.3,316.91,317.12,754
2026-03-17T18:30:00+00:00,317.12,317.28000000000003,316.83000000000004,317.28000000000003,672
2026-03-17T18:35:00+00:00,317.28000000000003,317.40000000000003,317.14000000000004,317.24,595
2026-03-17T18:40:00+00:00,317.24,317.3,317.04,317.17,685
2026-03-17T18:45:00+00:00,317.17,317.40000000000003,317.12,317.33000000000004,524
2026-03-17T18:50:00+00:00,317.33000000000004,317.78000000000003,317.25,317.7,691
2026-03-17T18:55:00+00:00,317.7,317.72,317.55,317.68,563
2026-03-17T19:00:00+00:00,317.68,317.93,317.54,317.93,828
2026-03-17T19:05:00+00:00,317.93,318.02000000000004,317.64000000000004,317.97,740
2026-03-17T19:10:00+00:00,317.97,318.22,317.75,318.17,584
2026-03-17T19:15:00+00:00,318.17,318.35,318.04,318.3,697
2026-03-17T19:20:00+00:00,318.3,318.37,318.13,318.34000000000003,550
2026-03-17T19:25:00+00:00,318.34000000000003,318.53000000000003,318.15000000000003,318.42,593
2026-03-17T19:30:00+00:00,318.42,318.72,318.18,318.54,561
2026-03-17T19:35:00+00:00,318.54,318.57,318.28000000000003,318.43,536
2026-03-17T19:40:00+00:00,318.43,318.6,318.33000000000004,318.36,683
2026-03-17T19:45:00+00:00,318.36,318.78000000000003,318.36,318.75,842
2026-03-17T19:50:00+00:00,318.75,319.04,318.05,319.02000000000004,1759
2026-03-17T19:55:00+00:00,319.02000000000004,319.02000000000004,318,318.49,2014
2026-03-18T13:30:00+00:00,318.49,319.49,316.46000000000004,319.21000000000004,1793
2026-03-18T13:35:00+00:00,319.21000000000004,319.78000000000003,318.66,319.12,1822
2026-03-18T13:40:00+00:00,319.12,319.67,317.67,318.25,1854
2026-03-18T13:45:00+00:00,318.25,318.37,317.57,317.75,2438
2026-03-18T13:50:00+00:00,317.75,318.28000000000003,317.31,317.72,2642
2026-03-18T13:55:00+00:00,317.72,318.04,317.47,317.93,2023
2026-03-18T14:00:00+00:00,317.93,318.29,317.45,317.95,2000
2026-03-18T14:05:00+00:00,317.95,318.72,317.56,318.36,2034
2026-03-18T14:10:00+00:00,318.36,318.37,317.2,317.40000000000003,2225
2026-03-18T14:15:00+00:00,317.40000000000003,317.72,317.23,317.39000000000004,2070
2026-03-18T14:20:00+00:00,317.39000000000004,317.58000000000004,317.16,317.42,1981
2026-03-18T14:25:00+00:00,317.42,317.59000000000003,316.3,316.69,2098
2026-03-18T14:30:00+00:00,316.69,317.76,316.58000000000004,317.31,1630
2026-03-18T14:35:00+00:00,317.31,317.89000000000004,317.06,317.62,1518
2026-03-18T14:40:00+00:00,317.62,318.08000000000004,317.47,317.85,1284
2026-03-18T14:45:00+00:00,317.85,318.38,317.76,318.33000000000004,1354
2026-03-18T14:50:00+00:00,318.33000000000004,318.87,318.11,318.36,1329
2026-03-18T14:55:00+00:00,318.36,318.58000000000004,317.98,318.24,1095
2026-03-18T15:00:00+00:00,318.24,318.51,317.55,318.05,1225
2026-03-18T15:05:00+00:00,318.05,318.41,317.71000000000004,318.34000000000003,1449
2026-03-18T15:10:00+00:00,318.34000000000003,318.42,317.95,317.97,1059
2026-03-18T15:15:00+00:00,317.97,318.1,317.47,317.66,1033
2026-03-18T15:20:00+00:00,317.66,318.14000000000004,317.52000000000004,318.13,1240
2026-03-18T15:25:00+00:00,318.13,318.45,318.06,318.19,1048
2026-03-18T15:30:00+00:00,318.19,318.63,318.16,318.33000000000004,1091
2026-03-18T15:35:00+00:00,318.33000000000004,318.73,318.17,318.39000000000004,1066
2026-03-18T15:40:00+00:00,318.39000000000004,318.40000000000003,317.77000000000004,318.03000000000003,953
2026-03-18T15:45:00+00:00,318.03000000000003,318.23,317.76,317.89000000000004,910
2026-03-18T15:50:00+00:00,317.89000000000004,318.2,317.7,318.19,866
2026-03-18T15:55:00+00:00,318.19,318.29,317.86,318.06,944
2026-03-18T16:00:00+00:00,318.06,318.1,317.65000000000003,317.92,970
2026-03-18T16:05:00+00:00,317.92,317.99,317.69,317.90000000000003,883
2026-03-18T16:10:00+00:00,317.90000000000003,318.28000000000003,317.75,318.11,882
2026-03-18T16:15:00+00:00,318.11,318.14000000000004,317.76,318.14000000000004,727
2026-03-18T16:20:00+00:00,318.14000000000004,318.3,318.05,318.11,711
2026-03-18T16:25:00+00:00,318.11,318.16,317.61,317.7,772
2026-03-18T16:30:00+00:00,317.7,317.85,317.14000000000004,317.21000000000004,1204
2026-03-18T16:35:00+00:00,317.21000000000004,317.42,316.81,317.32,1066
2026-03-18T16:40:00+00:00,317.32,317.57,317.25,317.25,803
2026-03-18T16:45:00+00:00,317.25,317.59000000000003,317.1,317.54,668
2026-03-18T16:50:00+00:00,317.54,317.85,317.43,317.71000000000004,751
2026-03-18T16:55:00+00:00,317.71000000000004,317.8,317.05,317.15000000000003,532
2026-03-18T17:00:00+00:00,317.15000000000003,317.15000000000003,316.66,316.79,798
2026-03-18T17:05:00+00:00,316.79,316.87,316.36,316.37,759
2026-03-18T17:10:00+00:00,316.37,316.56,316.35,316.44,779
2026-03-18T17:15:00+00:00,316.44,316.5,316.2,316.38,881
2026-03-18T17:20:00+00:00,316.38,316.71000000000004,316.37,316.66,666
2026-03-18T17:25:00+00:00,316.66,316.8,316.43,316.43,719
2026-03-18T17:30:00+00:00,316.43,316.62,316.12,316.2,872
2026-03-18T17:35:00+00:00,316.2,316.66,316.2,316.56,676
2026-03-18T17:40:00+00:00,316.56,316.68,316.41,316.6,712
2026-03-18T17:45:00+00:00,316.6,317.16,316.57,316.93,822
2026-03-18T17:50:00+00:00,316.93,317.11,316.8,317.02000000000004,655
2026-03-18T17:55:00+00:00,317.02000000000004,317.06,316.82,316.90000000000003,782
2026-03-18T18:00:00+00:00,316.90000000000003,317.53000000000003,316.88,317.42,1622
2026-03-18T18:05:00+00:00,317.42,317.45,316.98,317.01,1263
2026-03-18T18:10:00+00:00,317.01,317.1,316.64000000000004,316.75,820
2026-03-18T18:15:00+00:00,316.75,316.78000000000003,316.24,316.39000000000004,1257
2026-03-18T18:20:00+00:00,316.39000000000004,316.56,316.16,316.37,808
2026-03-18T18:25:00+00:00,316.37,316.47,316.14000000000004,316.31,1039
2026-03-18T18:30:00+00:00,316.31,316.42,315.53000000000003,315.55,1326
2026-03-18T18:35:00+00:00,315.55,316.3,315.47,315.83000000000004,2061
2026-03-18T18:40:00+00:00,315.83000000000004,316.44,315.67,316.12,1275
2026-03-18T18:45:00+00:00,316.12,316.21000000000004,315.95,316,1129
2026-03-18T18:50:00+00:00,316,316.11,315.56,315.71000000000004,1304
2026-03-18T18:55:00+00:00,315.71000000000004,315.99,315.40000000000003,315.46000000000004,1046
2026-03-18T19:00:00+00:00,315.46000000000004,316.27000000000004,315.37,316.25,1115
2026-03-18T19:05:00+00:00,316.25,316.46000000000004,315.92,316.34000000000003,1222
2026-03-18T19:10:00+00:00,316.34000000000003,316.46000000000004,316.08000000000004,316.22,1038
2026-03-18T19:15:00+00:00,316.22,316.26,315.95,316.02000000000004,992
2026-03-18T19:20:00+00:00,316.02000000000004,316.11,315.61,315.67,954
2026-03-18T19:25:00+00:00,315.67,315.81,315.48,315.61,773
2026-03-18T19:30:00+00:00,315.61,315.81,315.31,315.75,962
2026-03-18T19:35:00+00:00,315.75,315.75,315.26,315.38,902
2026-03-18T19:40:00+00:00,315.38,315.47,314.79,314.96000000000004,971
2026-03-18T19:45:00+00:00,314.96000000000004,315.23,314.81,315.11,1068
2026-03-18T19:50:00+00:00,315.11,315.29,314.57,315.08000000000004,1078
2026-03-18T19:55:00+00:00,315.08000000000004,315.86,314.85,315.47,1576
2026-03-19T13:30:00+00:00,315.47,315.47,310.01,310.79,1437
2026-03-19T13:35:00+00:00,310.79,311.25,310.27000000000004,310.52000000000004,1552
2026-03-19T13:40:00+00:00,310.52000000000004,311.61,310.12,311.33000000000004,1878
2026-03-19T13:45:00+00:00,311.33000000000004,312.17,310.65000000000003,312.08000000000004,2007
2026-03-19T13:50:00+00:00,312.08000000000004,312.96000000000004,311.49,312.91,2465
2026-03-19T13:55:00+00:00,312.91,312.91,312.16,312.51,2266
2026-03-19T14:00:00+00:00,312.51,313.25,312.17,312.34000000000003,2249
2026-03-19T14:05:00+00:00,312.34000000000003,313.3,312.33000000000004,313.06,2123
2026-03-19T14:10:00+00:00,313.06,313.42,312.40000000000003,312.99,2052
2026-03-19T14:15:00+00:00,312.99,313.19,311.96000000000004,312.33000000000004,2005
2026-03-19T14:20:00+00:00,312.33000000000004,312.42,311.16,311.81,1899
2026-03-19T14:25:00+00:00,311.81,312,311.25,311.38,1516
2026-03-19T14:30:00+00:00,311.38,312.39000000000004,311.33000000000004,312.24,1792
2026-03-19T14:35:00+00:00,312.24,312.39000000000004,311.14000000000004,311.72,1361
2026-03-19T14:40:00+00:00,311.72,312.2,311.58000000000004,311.76,1506
2026-03-19T14:45:00+00:00,311.76,312.39000000000004,311.51,312.37,1385
2026-03-19T14:50:00+00:00,312.37,312.86,312.06,312.46000000000004,1453
2026-03-19T14:55:00+00:00,312.46000000000004,313.22,312.37,312.69,1306
2026-03-19T15:00:00+00:00,312.69,313.27000000000004,312.67,313.08000000000004,1392
2026-03-19T15:05:00+00:00,313.08000000000004,313.6,312.8,313.2,1546
2026-03-19T15:10:00+00:00,313.2,313.37,312.93,313.26,1167
2026-03-19T15:15:00+00:00,313.26,313.32,312.16,312.17,1110
2026-03-19T15:20:00+00:00,312.17,312.41,311.79,311.94,1216
2026-03-19T15:25:00+00:00,311.94,312.18,311.68,311.7,1415
2026-03-19T15:30:00+00:00,311.7,311.71000000000004,311.08000000000004,311.46000000000004,1519
2026-03-19T15:35:00+00:00,311.46000000000004,311.63,311.3,311.47,1091
2026-03-19T15:40:00+00:00,311.47,311.73,311.29,311.47,1308
2026-03-19T15:45:00+00:00,311.47,311.89000000000004,311.07,311.76,1293
2026-03-19T15:50:00+00:00,311.76,311.95,311.24,311.56,1424
2026-03-19T15:55:00+00:00,311.56,312.78000000000003,311.56,312.77000000000004,1497
2026-03-19T16:00:00+00:00,312.77000000000004,313.36,312.44,313.05,1157
2026-03-19T16:05:00+00:00,313.05,313.37,312.94,313.2,1078
2026-03-19T16:10:00+00:00,313.2,313.61,312.94,313.16,1305
2026-03-19T16:15:00+00:00,313.16,313.41,312.67,312.84000000000003,1130
2026-03-19T16:20:00+00:00,312.84000000000003,313.21000000000004,312.69,312.78000000000003,1134
2026-03-19T16:25:00+00:00,312.78000000000003,313.3,312.74,313.13,944
2026-03-19T16:30:00+00:00,313.13,313.3,312.62,312.7,1042
2026-03-19T16:35:00+00:00,312.7,313.05,312.44,312.99,866
2026-03-19T16:40:00+00:00,312.99,313.55,312.95,313.34000000000003,876
2026-03-19T16:45:00+00:00,313.34000000000003,313.48,313,313.28000000000003,761
2026-03-19T16:50:00+00:00,313.28000000000003,313.41,312.76,313.37,930
2026-03-19T16:55:00+00:00,313.37,313.72,313.2,313.59000000000003,879
2026-03-19T17:00:00+00:00,313.59000000000003,313.65000000000003,312.95,312.97,1078
2026-03-19T17:05:00+00:00,312.97,313.25,312.44,312.81,987
2026-03-19T17:10:00+00:00,312.81,313.1,312.72,312.93,788
2026-03-19T17:15:00+00:00,312.93,313.06,312.56,312.98,889
2026-03-19T17:20:00+00:00,312.98,313.39000000000004,312.76,313.15000000000003,884
2026-03-19T17:25:00+00:00,313.15000000000003,313.45,313.01,313.22,775
2026-03-19T17:30:00+00:00,313.22,313.47,312.88,312.97,743
2026-03-19T17:35:00+00:00,312.97,313.16,312.57,312.79,655
2026-03-19T17:40:00+00:00,312.79,313.3,312.56,313.15000000000003,733
2026-03-19T17:45:00+00:00,313.15000000000003,313.22,312.94,313.17,522
2026-03-19T17:50:00+00:00,313.17,313.76,313.15000000000003,313.65000000000003,706
2026-03-19T17:55:00+00:00,313.65000000000003,313.66,313.27000000000004,313.32,642
2026-03-19T18:00:00+00:00,313.32,313.32,312.68,312.75,719
2026-03-19T18:05:00+00:00,312.75,313.16,312.67,312.96000000000004,590
2026-03-19T18:10:00+00:00,312.96000000000004,313.72,312.95,313.52000000000004,798
2026-03-19T18:15:00+00:00,313.52000000000004,313.7,313.18,313.47,557
2026-03-19T18:20:00+00:00,313.47,313.61,313.35,313.40000000000003,563
2026-03-19T18:25:00+00:00,313.40000000000003,313.53000000000003,313.05,313.06,504
2026-03-19T18:30:00+00:00,313.06,313.07,312.68,313.05,530
2026-03-19T18:35:00+00:00,313.05,313.26,312.87,313.08000000000004,612
2026-03-19T18:40:00+00:00,313.08000000000004,313.18,312.77000000000004,312.81,593
2026-03-19T18:45:00+00:00,312.81,313.01,312.79,312.91,541
2026-03-19T18:50:00+00:00,312.91,313.18,312.76,313.1,584
2026-03-19T18:55:00+00:00,313.1,314.25,313,313.92,926
2026-03-19T19:00:00+00:00,313.92,314.78000000000003,313.81,314.44,1580
2026-03-19T19:05:00+00:00,314.44,315.44,314.05,315.16,2444
2026-03-19T19:10:00+00:00,315.16,315.49,314.06,315.02000000000004,2108
2026-03-19T19:15:00+00:00,315.02000000000004,315.67,314.42,315.1,2156
2026-03-19T19:20:00+00:00,315.1,315.14000000000004,314.22,314.58000000000004,1445
2026-03-19T19:25:00+00:00,314.58000000000004,314.63,314.06,314.5,1501
2026-03-19T19:30:00+00:00,314.5,314.89000000000004,314.35,314.49,1419
2026-03-19T19:35:00+00:00,314.49,314.75,313.68,314.68,1291
2026-03-19T19:40:00+00:00,314.68,315.01,314.53000000000003,314.69,1140
2026-03-19T19:45:00+00:00,314.69,314.88,314.19,314.72,1222
2026-03-19T19:50:00+00:00,314.72,314.96000000000004,314.22,314.53000000000003,1446
2026-03-19T19:55:00+00:00,314.53000000000003,315.17,314.38,314.72,2151
2026-03-20T13:30:00+00:00,314.72,314.72,310.38,311.02000000000004,1256
2026-03-20T13:35:00+00:00,311.02000000000004,311.98,310.58000000000004,311.75,1488
2026-03-20T13:40:00+00:00,311.75,311.93,311,311.67,1774
2026-03-20T13:45:00+00:00,311.67,312.03000000000003,310.85,310.88,1838
2026-03-20T13:50:00+00:00,310.88,311.03000000000003,309.78000000000003,310.2,1785
2026-03-20T13:55:00+00:00,310.2,310.31,309.49,309.77000000000004,1964
2026-03-20T14:00:00+00:00,309.77000000000004,309.91,309,309.49,2423
2026-03-20T14:05:00+00:00,309.49,310.01,309.3,309.61,1914
2026-03-20T14:10:00+00:00,309.61,310.25,309.31,309.59000000000003,1842
2026-03-20T14:15:00+00:00,309.59000000000003,310.36,309.54,310.12,1738
2026-03-20T14:20:00+00:00,310.12,310.63,309.77000000000004,310.44,1586
2026-03-20T14:25:00+00:00,310.44,310.52000000000004,309.76,309.84000000000003,1481
2026-03-20T14:30:00+00:00,309.84000000000003,310.26,309.83000000000004,310.06,1545
2026-03-20T14:35:00+00:00,310.06,310.31,309.56,309.7,1378
2026-03-20T14:40:00+00:00,309.7,309.96000000000004,309.45,309.65000000000003,1340
2026-03-20T14:45:00+00:00,309.65000000000003,310.51,309.56,310.45,1253
2026-03-20T14:50:00+00:00,310.45,310.45,309.21000000000004,309.56,1358
2026-03-20T14:55:00+00:00,309.56,310.06,309.5,309.54,1363
2026-03-20T15:00:00+00:00,309.54,310,308.56,308.92,1673
2026-03-20T15:05:00+00:00,308.92,309.35,308.62,308.71000000000004,1573
2026-03-20T15:10:00+00:00,308.71000000000004,309.48,308.63,309.28000000000003,1298
2026-03-20T15:15:00+00:00,309.28000000000003,309.32,308.66,308.71000000000004,1324
2026-03-20T15:20:00+00:00,308.71000000000004,309.76,308.69,309.18,2021
2026-03-20T15:25:00+00:00,309.18,309.33000000000004,308.81,309.09000000000003,1554
2026-03-20T15:30:00+00:00,309.09000000000003,309.46000000000004,308.91,309.28000000000003,1322
2026-03-20T15:35:00+00:00,309.28000000000003,309.46000000000004,308.89000000000004,309.28000000000003,1064
2026-03-20T15:40:00+00:00,309.28000000000003,309.69,309.24,309.69,1159
2026-03-20T15:45:00+00:00,309.69,309.82,309.36,309.66,993
2026-03-20T15:50:00+00:00,309.66,309.94,309.42,309.64000000000004,1098
2026-03-20T15:55:00+00:00,309.64000000000004,309.97,309.61,309.81,968
2026-03-20T16:00:00+00:00,309.81,310.34000000000003,309.62,310.21000000000004,1015
2026-03-20T16:05:00+00:00,310.21000000000004,310.5,310.08000000000004,310.09000000000003,1124
2026-03-20T16:10:00+00:00,310.09000000000003,310.22,309.95,310.17,884
2026-03-20T16:15:00+00:00,310.17,310.44,309.84000000000003,310.35,1030
2026-03-20T16:20:00+00:00,310.35,310.6,310.13,310.21000000000004,983
2026-03-20T16:25:00+00:00,310.21000000000004,310.35,309.79,309.79,986
2026-03-20T16:30:00+00:00,309.79,309.86,309.45,309.6,1165
2026-03-20T16:35:00+00:00,309.6,309.82,309.37,309.46000000000004,959
2026-03-20T16:40:00+00:00,309.46000000000004,309.56,309.25,309.32,783
2026-03-20T16:45:00+00:00,309.32,309.47,308.96000000000004,309.06,896
2026-03-20T16:50:00+00:00,309.06,309.07,308.36,308.67,1027
2026-03-20T16:55:00+00:00,308.67,309.02000000000004,308.45,308.46000000000004,755
2026-03-20T17:00:00+00:00,308.46000000000004,308.90000000000003,308.45,308.81,956
2026-03-20T17:05:00+00:00,308.81,308.86,308.2,308.47,1458
2026-03-20T17:10:00+00:00,308.47,308.55,308.07,308.29,865
2026-03-20T17:15:00+00:00,308.29,308.43,307.87,307.93,894
2026-03-20T17:20:00+00:00,307.93,308.54,307.88,308.26,850
2026-03-20T17:25:00+00:00,308.26,308.39000000000004,308.06,308.24,627
2026-03-20T17:30:00+00:00,308.24,308.38,307.87,308.03000000000003,592
2026-03-20T17:35:00+00:00,308.03000000000003,308.28000000000003,307.77000000000004,308.18,815
2026-03-20T17:40:00+00:00,308.18,308.37,307.56,307.64000000000004,762
2026-03-20T17:45:00+00:00,307.64000000000004,307.90000000000003,307.46000000000004,307.73,738
2026-03-20T17:50:00+00:00,307.73,308.18,307.68,308.11,781
2026-03-20T17:55:00+00:00,308.11,308.38,307.99,308.13,820
2026-03-20T18:00:00+00:00,308.13,308.24,307.66,307.67,720
2026-03-20T18:05:00+00:00,307.67,307.8,307.3,307.68,855
2026-03-20T18:10:00+00:00,307.68,307.77000000000004,307.42,307.61,896
2026-03-20T18:15:00+00:00,307.61,308.04,307.36,307.92,947
2026-03-20T18:20:00+00:00,307.92,308.07,307.27000000000004,307.43,1595
2026-03-20T18:25:00+00:00,307.43,307.79,307.40000000000003,307.53000000000003,1709
2026-03-20T18:30:00+00:00,307.53000000000003,307.62,307.06,307.1,1290
2026-03-20T18:35:00+00:00,307.1,307.28000000000003,306.82,306.90000000000003,787
2026-03-20T18:40:00+00:00,306.90000000000003,307.09000000000003,306.55,306.63,946
2026-03-20T18:45:00+00:00,306.63,306.95,306.5,306.65000000000003,910
2026-03-20T18:50:00+00:00,306.65000000000003,306.8,306.45,306.51,903
2026-03-20T18:55:00+00:00,306.51,306.88,306.45,306.73,903
2026-03-20T19:00:00+00:00,306.73,307.05,306.59000000000003,306.63,795
2026-03-20T19:05:00+00:00,306.63,307.13,306.63,306.81,851
2026-03-20T19:10:00+00:00,306.81,306.94,306.6,306.82,822
2026-03-20T19:15:00+00:00,306.82,307.08000000000004,306.77000000000004,307.08000000000004,658
2026-03-20T19:20:00+00:00,307.08000000000004,307.16,306.65000000000003,306.76,777
2026-03-20T19:25:00+00:00,306.76,307.22,306.72,307.01,1065
2026-03-20T19:30:00+00:00,307.01,307.16,306.41,306.42,925
2026-03-20T19:35:00+00:00,306.42,306.52000000000004,305.76,306.19,1118
2026-03-20T19:40:00+00:00,306.19,306.93,305.93,306.77000000000004,1295
2026-03-20T19:45:00+00:00,306.77000000000004,306.87,306.26,306.71000000000004,1360
2026-03-20T19:50:00+00:00,306.71000000000004,308.65000000000003,306.67,308.05,1932
2026-03-20T19:55:00+00:00,308.05,308.5,307.47,308.01,2073
2026-03-23T13:30:00+00:00,308.01,311.91,308.01,310.34000000000003,2040
2026-03-23T13:35:00+00:00,310.34000000000003,310.43,309.45,310.2,2170
2026-03-23T13:40:00+00:00,310.2,311.34000000000003,309.61,310.57,2494
2026-03-23T13:45:00+00:00,310.57,310.89000000000004,309.97,310.79,2473
2026-03-23T13:50:00+00:00,310.79,311.41,310.63,311.14000000000004,2257
2026-03-23T13:55:00+00:00,311.14000000000004,311.19,309.97,310.84000000000003,2494
2026-03-23T14:00:00+00:00,310.84000000000003,311.23,310.46000000000004,310.96000000000004,1995
2026-03-23T14:05:00+00:00,310.96000000000004,311.66,310.65000000000003,311.25,2314
2026-03-23T14:10:00+00:00,311.25,312.40000000000003,311.12,311.54,2261
2026-03-23T14:15:00+00:00,311.54,312.24,311.21000000000004,312.17,1655
2026-03-23T14:20:00+00:00,312.17,312.22,311.63,311.8,1509
2026-03-23T14:25:00+00:00,311.8,311.83000000000004,311.25,311.47,1645
2026-03-23T14:30:00+00:00,311.47,311.47,310.83000000000004,311.23,1568
2026-03-23T14:35:00+00:00,311.23,311.51,310.82,310.85,1578
2026-03-23T14:40:00+00:00,310.85,311.1,309.97,310.23,1651
2026-03-23T14:45:00+00:00,310.23,310.77000000000004,310.12,310.62,1599
2026-03-23T14:50:00+00:00,310.62,310.65000000000003,309.44,309.56,1490
2026-03-23T14:55:00+00:00,309.56,309.92,309.40000000000003,309.69,1491
2026-03-23T15:00:00+00:00,309.69,310.36,309.53000000000003,310.2,1297
2026-03-23T15:05:00+00:00,310.2,310.48,309.46000000000004,310.11,1331
2026-03-23T15:10:00+00:00,310.11,310.32,309.86,310.17,1225
2026-03-23T15:15:00+00:00,310.17,310.49,309.81,310.09000000000003,1348
2026-03-23T15:20:00+00:00,310.09000000000003,311.16,309.75,310.89000000000004,1530
2026-03-23T15:25:00+00:00,310.89000000000004,310.89000000000004,310.15000000000003,310.45,1809
2026-03-23T15:30:00+00:00,310.45,310.58000000000004,309.65000000000003,309.67,1813
2026-03-23T15:35:00+00:00,309.67,309.67,308.2,308.87,1287
2026-03-23T15:40:00+00:00,308.87,309.90000000000003,308.82,309.85,1719
2026-03-23T15:45:00+00:00,309.85,310.1,309.28000000000003,309.77000000000004,1654
2026-03-23T15:50:00+00:00,309.77000000000004,310.22,309.21000000000004,309.46000000000004,1434
2026-03-23T15:55:00+00:00,309.46000000000004,309.67,308.6,308.98,1901
2026-03-23T16:00:00+00:00,308.98,309.49,308.61,308.77000000000004,1932
2026-03-23T16:05:00+00:00,308.77000000000004,309.32,308.14000000000004,309.05,1982
2026-03-23T16:10:00+00:00,309.05,309.11,308.14000000000004,308.66,2010
2026-03-23T16:15:00+00:00,308.66,308.97,308.06,308.48,1405
2026-03-23T16:20:00+00:00,308.48,308.55,308.06,308.11,1706
2026-03-23T16:25:00+00:00,308.11,308.17,307.06,307.08000000000004,1492
2026-03-23T16:30:00+00:00,307.08000000000004,307.77000000000004,307.06,307.66,1677
2026-03-23T16:35:00+00:00,307.66,307.97,307.21000000000004,307.55,1540
2026-03-23T16:40:00+00:00,307.55,307.84000000000003,307.2,307.5,1468
2026-03-23T16:45:00+00:00,307.5,308.07,307.46000000000004,307.91,1517
2026-03-23T16:50:00+00:00,307.91,308.09000000000003,307.56,307.92,1230
2026-03-23T16:55:00+00:00,307.92,308.25,307.65000000000003,307.93,1321
2026-03-23T17:00:00+00:00,307.93,308.13,307.49,307.49,1455
2026-03-23T17:05:00+00:00,307.49,308.15000000000003,307.31,308.06,1270
2026-03-23T17:10:00+00:00,308.06,308.23,307.76,307.76,991
2026-03-23T17:15:00+00:00,307.76,307.89000000000004,307.43,307.57,1085
2026-03-23T17:20:00+00:00,307.57,307.6,307.18,307.23,1077
2026-03-23T17:25:00+00:00,307.23,307.75,307.21000000000004,307.55,1101
2026-03-23T17:30:00+00:00,307.55,308.45,307.52000000000004,308.12,987
2026-03-23T17:35:00+00:00,308.12,308.57,307.83000000000004,307.90000000000003,1448
2026-03-23T17:40:00+00:00,307.90000000000003,307.96000000000004,307.36,307.42,1032
2026-03-23T17:45:00+00:00,307.42,307.64000000000004,307.27000000000004,307.49,1051
2026-03-23T17:50:00+00:00,307.49,307.81,307.40000000000003,307.67,1250
2026-03-23T17:55:00+00:00,307.67,308.14000000000004,307.65000000000003,307.95,1073
2026-03-23T18:00:00+00:00,307.95,308.44,307.85,308.25,1187
2026-03-23T18:05:00+00:00,308.25,308.42,307.65000000000003,307.81,1511
2026-03-23T18:10:00+00:00,307.81,308.12,307.75,307.96000000000004,1262
2026-03-23T18:15:00+00:00,307.96000000000004,308.15000000000003,307.55,307.77000000000004,1032
2026-03-23T18:20:00+00:00,307.77000000000004,308.08000000000004,307.65000000000003,308,853
2026-03-23T18:25:00+00:00,308,308.32,307.99,308.13,1002
2026-03-23T18:30:00+00:00,308.13,309.1,308.12,309.03000000000003,862
2026-03-23T18:35:00+00:00,309.03000000000003,309.23,308.5,308.57,1159
2026-03-23T18:40:00+00:00,308.57,308.65000000000003,308.37,308.47,924
2026-03-23T18:45:00+00:00,308.47,309.02000000000004,308.43,308.88,678
2026-03-23T18:50:00+00:00,308.88,309.15000000000003,308.76,309.02000000000004,654
2026-03-23T18:55:00+00:00,309.02000000000004,309.39000000000004,308.95,309.21000000000004,609
2026-03-23T19:00:00+00:00,309.21000000000004,309.24,308.77000000000004,308.82,621
2026-03-23T19:05:00+00:00,308.82,309.3,308.78000000000003,309.19,579
2026-03-23T19:10:00+00:00,309.19,309.21000000000004,308.58000000000004,308.62,663
2026-03-23T19:15:00+00:00,308.62,308.84000000000003,308.16,308.67,734
2026-03-23T19:20:00+00:00,308.67,308.84000000000003,308.46000000000004,308.81,771
2026-03-23T19:25:00+00:00,308.81,308.97,308.56,308.72,766
2026-03-23T19:30:00+00:00,308.72,308.96000000000004,308.65000000000003,308.72,746
2026-03-23T19:35:00+00:00,308.72,309.22,308.66,309.09000000000003,1075
2026-03-23T19:40:00+00:00,309.09000000000003,309.25,308.92,309.21000000000004,937
2026-03-23T19:45:00+00:00,309.21000000000004,309.38,309.02000000000004,309.12,1048
2026-03-23T19:50:00+00:00,309.12,309.12,308.56,308.6,1658
2026-03-23T19:55:00+00:00,308.6,308.65000000000003,307.55,307.96000000000004,1909
2026-03-24T13:30:00+00:00,307.96000000000004,307.96000000000004,303.55,306.06,1227
2026-03-24T13:35:00+00:00,306.06,306.13,305.14000000000004,305.14000000000004,1339
2026-03-24T13:40:00+00:00,305.14000000000004,305.23,303.67,303.91,1441
2026-03-24T13:45:00+00:00,303.91,304.56,303.62,303.66,1523
2026-03-24T13:50:00+00:00,303.66,304.3,303.25,303.86,2326
2026-03-24T13:55:00+00:00,303.86,304.55,303.55,304.27000000000004,2415
2026-03-24T14:00:00+00:00,304.27000000000004,304.92,304.06,304.3,1782
2026-03-24T14:05:00+00:00,304.3,304.44,303.71000000000004,304.34000000000003,1789
2026-03-24T14:10:00+00:00,304.34000000000003,304.39000000000004,302.95,303.1,1987
2026-03-24T14:15:00+00:00,303.1,303.37,302.76,303.21000000000004,1947
2026-03-24T14:20:00+00:00,303.21000000000004,303.44,302.25,302.32,1966
2026-03-24T14:25:00+00:00,302.32,302.81,301.98,302.07,1691
2026-03-24T14:30:00+00:00,302.07,302.52000000000004,301.75,302.46000000000004,1690
2026-03-24T14:35:00+00:00,302.46000000000004,302.46000000000004,301.82,302.1,1895
2026-03-24T14:40:00+00:00,302.1,302.72,301.99,302.56,1531
2026-03-24T14:45:00+00:00,302.56,302.82,302.17,302.40000000000003,1703
2026-03-24T14:50:00+00:00,302.40000000000003,303.43,302.27000000000004,302.66,2138
2026-03-24T14:55:00+00:00,302.66,303.38,301.63,301.98,1910
2026-03-24T15:00:00+00:00,301.98,303.01,301.94,302.58000000000004,1808
2026-03-24T15:05:00+00:00,302.58000000000004,302.86,302.09000000000003,302.31,1624
2026-03-24T15:10:00+00:00,302.31,302.64000000000004,302.05,302.48,1399
2026-03-24T15:15:00+00:00,302.48,302.86,302.13,302.13,1282
2026-03-24T15:20:00+00:00,302.13,302.51,301.67,302.36,1238
2026-03-24T15:25:00+00:00,302.36,302.67,301.77000000000004,301.96000000000004,829
2026-03-24T15:30:00+00:00,301.96000000000004,302,300.90000000000003,301.41,1075
2026-03-24T15:35:00+00:00,301.41,302.34000000000003,301.37,302.06,904
2026-03-24T15:40:00+00:00,302.06,302.35,302.01,302.2,851
2026-03-24T15:45:00+00:00,302.2,302.8,302.11,302.52000000000004,859
2026-03-24T15:50:00+00:00,302.52000000000004,302.63,302.2,302.27000000000004,860
2026-03-24T15:55:00+00:00,302.27000000000004,302.29,301.56,301.72,1128
2026-03-24T16:00:00+00:00,301.72,301.8,300.77000000000004,300.82,1201
2026-03-24T16:05:00+00:00,300.82,300.85,300.18,300.39000000000004,1126
2026-03-24T16:10:00+00:00,300.39000000000004,300.43,299.05,299.57,1372
2026-03-24T16:15:00+00:00,299.57,300.3,299.45,299.91,1152
2026-03-24T16:20:00+00:00,299.91,300.21000000000004,299.68,299.85,1093
2026-03-24T16:25:00+00:00,299.85,300.53000000000003,299.58000000000004,300.37,1303
2026-03-24T16:30:00+00:00,300.37,300.48,300.12,300.2,976
2026-03-24T16:35:00+00:00,300.2,300.25,299.45,299.46000000000004,1097
2026-03-24T16:40:00+00:00,299.46000000000004,300.03000000000003,299.45,299.99,1150
2026-03-24T16:45:00+00:00,299.99,300.38,299.89000000000004,299.94,836
2026-03-24T16:50:00+00:00,299.94,300.29,299.89000000000004,299.90000000000003,798
2026-03-24T16:55:00+00:00,299.90000000000003,300.3,299.66,300.13,1082
2026-03-24T17:00:00+00:00,300.13,300.31,299.35,299.35,1025
2026-03-24T17:05:00+00:00,299.35,299.38,298.76,299.06,1503
2026-03-24T17:10:00+00:00,299.06,299.31,298.81,299.22,1129
2026-03-24T17:15:00+00:00,299.22,299.34000000000003,298.96000000000004,299.18,1100
2026-03-24T17:20:00+00:00,299.18,299.27000000000004,298.96000000000004,299,927
2026-03-24T17:25:00+00:00,299,299.28000000000003,298.65000000000003,299.26,1042
2026-03-24T17:30:00+00:00,299.26,299.52000000000004,299.1,299.21000000000004,956
2026-03-24T17:35:00+00:00,299.21000000000004,299.43,299.05,299.26,782
2026-03-24T17:40:00+00:00,299.26,299.6,299.05,299.14000000000004,776
2026-03-24T17:45:00+00:00,299.14000000000004,299.27000000000004,298.97,299.13,771
2026-03-24T17:50:00+00:00,299.13,299.7,298.99,299.64000000000004,993
2026-03-24T17:55:00+00:00,299.64000000000004,300.15000000000003,299.47,300.02000000000004,1644
2026-03-24T18:00:00+00:00,300.02000000000004,300.55,299.72,299.81,1239
2026-03-24T18:05:00+00:00,299.81,300,299.65000000000003,299.81,989
2026-03-24T18:10:00+00:00,299.81,300.04,299.78000000000003,299.91,802
2026-03-24T18:15:00+00:00,299.91,300.01,299.45,299.89000000000004,1070
2026-03-24T18:20:00+00:00,299.89000000000004,300.1,299.55,299.78000000000003,1086
2026-03-24T18:25:00+00:00,299.78000000000003,300.21000000000004,299.72,300.05,1056
2026-03-24T18:30:00+00:00,300.05,300.46000000000004,299.79,300.32,955
2026-03-24T18:35:00+00:00,300.32,300.89000000000004,300.27000000000004,300.85,1054
2026-03-24T18:40:00+00:00,300.85,300.85,300.06,300.44,1167
2026-03-24T18:45:00+00:00,300.44,300.54,299.56,299.64000000000004,951
2026-03-24T18:50:00+00:00,299.64000000000004,300.05,299.52000000000004,299.87,1028
2026-03-24T18:55:00+00:00,299.87,299.95,299.57,299.82,788
2026-03-24T19:00:00+00:00,299.82,300.40000000000003,299.79,300.16,892
2026-03-24T19:05:00+00:00,300.16,300.16,299.85,300.01,669
2026-03-24T19:10:00+00:00,300.01,300.18,299.95,300.07,725
2026-03-24T19:15:00+00:00,300.07,300.24,299.64000000000004,299.65000000000003,648
2026-03-24T19:20:00+00:00,299.65000000000003,299.90000000000003,299.62,299.82,902
2026-03-24T19:25:00+00:00,299.82,299.87,298.71000000000004,298.72,755
2026-03-24T19:30:00+00:00,298.72,298.86,298.31,298.42,889
2026-03-24T19:35:00+00:00,298.42,298.58000000000004,298.06,298.39000000000004,962
2026-03-24T19:40:00+00:00,298.39000000000004,298.65000000000003,298.3,298.35,864
2026-03-24T19:45:00+00:00,298.35,298.39000000000004,297.89000000000004,298,986
2026-03-24T19:50:00+00:00,298,298.62,297.98,298.37,1488
2026-03-24T19:55:00+00:00,298.37,298.8,298.01,298.21000000000004,1853
2026-03-25T13:30:00+00:00,298.21000000000004,302.54,298.21000000000004,302.12,1343
2026-03-25T13:35:00+00:00,302.12,303.68,302.12,302.57,1883
2026-03-25T13:40:00+00:00,302.57,302.7,301.19,301.24,1947
2026-03-25T13:45:00+00:00,301.24,301.37,300.55,300.57,2395
2026-03-25T13:50:00+00:00,300.57,300.85,299.96000000000004,300.06,2311
2026-03-25T13:55:00+00:00,300.06,300.40000000000003,299.15000000000003,299.29,2247
2026-03-25T14:00:00+00:00,299.29,299.48,298.46000000000004,298.6,2318
2026-03-25T14:05:00+00:00,298.6,299.2,298.06,298.33000000000004,2148
2026-03-25T14:10:00+00:00,298.33000000000004,299.18,297.88,299.15000000000003,1948
2026-03-25T14:15:00+00:00,299.15000000000003,299.23,298.31,298.37,1583
2026-03-25T14:20:00+00:00,298.37,299.17,298.06,298.75,1961
2026-03-25T14:25:00+00:00,298.75,299.14000000000004,298.16,298.64000000000004,2151
2026-03-25T14:30:00+00:00,298.64000000000004,298.95,298.31,298.82,1722
2026-03-25T14:35:00+00:00,298.82,299.06,298.53000000000003,298.78000000000003,1628
2026-03-25T14:40:00+00:00,298.78000000000003,299.71000000000004,298.65000000000003,299.49,1628
2026-03-25T14:45:00+00:00,299.49,299.91,299.16,299.48,1452
2026-03-25T14:50:00+00:00,299.48,299.67,298.99,299.13,1463
2026-03-25T14:55:00+00:00,299.13,299.32,298.76,299.07,1361
2026-03-25T15:00:00+00:00,299.07,299.56,298.8,299.49,1281
2026-03-25T15:05:00+00:00,299.49,299.54,298.94,299,1396
2026-03-25T15:10:00+00:00,299,299.44,298.55,298.63,1364
2026-03-25T15:15:00+00:00,298.63,298.64000000000004,297.08000000000004,297.68,2415
2026-03-25T15:20:00+00:00,297.68,298.61,297.46000000000004,298.34000000000003,1732
2026-03-25T15:25:00+00:00,298.34000000000003,298.85,297.97,298.78000000000003,1574
2026-03-25T15:30:00+00:00,298.78000000000003,299.02000000000004,298.46000000000004,298.59000000000003,1254
2026-03-25T15:35:00+00:00,298.59000000000003,298.6,297.59000000000003,297.71000000000004,1389
2026-03-25T15:40:00+00:00,297.71000000000004,297.89000000000004,297.2,297.44,1343
2026-03-25T15:45:00+00:00,297.44,297.6,297.16,297.46000000000004,1072
2026-03-25T15:50:00+00:00,297.46000000000004,297.86,297.29,297.81,1165
2026-03-25T15:55:00+00:00,297.81,298.21000000000004,297.71000000000004,298.11,1438
2026-03-25T16:00:00+00:00,298.11,298.18,297.76,297.84000000000003,1449
2026-03-25T16:05:00+00:00,297.84000000000003,298.26,297.59000000000003,298.14000000000004,1368
2026-03-25T16:10:00+00:00,298.14000000000004,298.18,297.86,298.13,1089
2026-03-25T16:15:00+00:00,298.13,298.25,297.8,297.96000000000004,1032
2026-03-25T16:20:00+00:00,297.96000000000004,298.53000000000003,297.82,298.51,1269
2026-03-25T16:25:00+00:00,298.51,298.83000000000004,298.3,298.7,1625
2026-03-25T16:30:00+00:00,298.7,299.01,298.49,298.8,1244
2026-03-25T16:35:00+00:00,298.8,298.84000000000003,298.32,298.51,1052
2026-03-25T16:40:00+00:00,298.51,298.55,298.09000000000003,298.23,977
2026-03-25T16:45:00+00:00,298.23,298.52000000000004,298.14000000000004,298.23,863
2026-03-25T16:50:00+00:00,298.23,298.35,297.99,298.27000000000004,1017
2026-03-25T16:55:00+00:00,298.27000000000004,298.36,298.06,298.21000000000004,791
2026-03-25T17:00:00+00:00,298.21000000000004,298.52000000000004,298.15000000000003,298.39000000000004,1061
2026-03-25T17:05:00+00:00,298.39000000000004,298.43,297.72,297.84000000000003,1056
2026-03-25T17:10:00+00:00,297.84000000000003,298.40000000000003,297.83000000000004,298.07,1027
2026-03-25T17:15:00+00:00,298.07,298.15000000000003,297.63,297.93,1061
2026-03-25T17:20:00+00:00,297.93,298.37,297.81,298.17,1008
2026-03-25T17:25:00+00:00,298.17,298.51,298.09000000000003,298.22,859
2026-03-25T17:30:00+00:00,298.22,298.7,298.05,298.67,874
2026-03-25T17:35:00+00:00,298.67,298.83000000000004,298.49,298.73,893
2026-03-25T17:40:00+00:00,298.73,299.07,298.53000000000003,298.75,1107
2026-03-25T17:45:00+00:00,298.75,298.81,298.03000000000003,298.06,1120
2026-03-25T17:50:00+00:00,298.06,298.16,297.8,297.87,1098
2026-03-25T17:55:00+00:00,297.87,298.45,297.8,298.29,1149
2026-03-25T18:00:00+00:00,298.29,298.47,297.8,297.91,987
2026-03-25T18:05:00+00:00,297.91,298.14000000000004,297.43,297.52000000000004,977
2026-03-25T18:10:00+00:00,297.52000000000004,297.75,297.41,297.44,845
2026-03-25T18:15:00+00:00,297.44,297.67,297.32,297.41,835
2026-03-25T18:20:00+00:00,297.41,297.64000000000004,297.3,297.42,749
2026-03-25T18:25:00+00:00,297.42,297.43,297.08000000000004,297.21000000000004,930
2026-03-25T18:30:00+00:00,297.21000000000004,297.38,297.08000000000004,297.25,793
2026-03-25T18:35:00+00:00,297.25,297.37,297.1,297.23,707
2026-03-25T18:40:00+00:00,297.23,297.45,297.03000000000003,297.33000000000004,794
2026-03-25T18:45:00+00:00,297.33000000000004,297.46000000000004,297.15000000000003,297.19,729
2026-03-25T18:50:00+00:00,297.19,297.25,296.95,297,735
2026-03-25T18:55:00+00:00,297,297.03000000000003,296.38,296.96000000000004,1381
2026-03-25T19:00:00+00:00,296.96000000000004,296.97,296.59000000000003,296.79,1082
2026-03-25T19:05:00+00:00,296.79,297.06,296.72,297.02000000000004,849
2026-03-25T19:10:00+00:00,297.02000000000004,297.40000000000003,296.72,297.35,933
2026-03-25T19:15:00+00:00,297.35,297.62,297.13,297.27000000000004,898
2026-03-25T19:20:00+00:00,297.27000000000004,297.61,297.25,297.49,670
2026-03-25T19:25:00+00:00,297.49,297.58000000000004,297.24,297.43,678
2026-03-25T19:30:00+00:00,297.43,297.49,297.19,297.44,734
2026-03-25T19:35:00+00:00,297.44,297.66,297.23,297.27000000000004,656
2026-03-25T19:40:00+00:00,297.27000000000004,297.59000000000003,297.27000000000004,297.46000000000004,833
2026-03-25T19:45:00+00:00,297.46000000000004,297.61,297.3,297.44,770
2026-03-25T19:50:00+00:00,297.44,298.37,297.35,298.15000000000003,1276
2026-03-25T19:55:00+00:00,298.15000000000003,298.72,298.13,298.59000000000003,1783
2026-03-26T13:30:00+00:00,298.59000000000003,298.59000000000003,292.27000000000004,293.44,1217
2026-03-26T13:35:00+00:00,293.44,293.54,291.99,291.99,2204
2026-03-26T13:40:00+00:00,291.99,293.89000000000004,291.97,293.84000000000003,2546
2026-03-26T13:45:00+00:00,293.84000000000003,294.84000000000003,293.49,294.22,2482
2026-03-26T13:50:00+00:00,294.22,294.86,294.1,294.76,2026
2026-03-26T13:55:00+00:00,294.76,294.76,293.56,294.31,1964
2026-03-26T14:00:00+00:00,294.31,294.82,293.81,293.81,1795
2026-03-26T14:05:00+00:00,293.81,295.29,293.8,294.45,1904
2026-03-26T14:10:00+00:00,294.45,294.84000000000003,294.18,294.78000000000003,1488
2026-03-26T14:15:00+00:00,294.78000000000003,295.18,294.43,294.5,1766
2026-03-26T14:20:00+00:00,294.5,294.64000000000004,294.05,294.09000000000003,1610
2026-03-26T14:25:00+00:00,294.09000000000003,294.51,293.90000000000003,293.91,1463
2026-03-26T14:30:00+00:00,293.91,295.01,293.86,294.53000000000003,1559
2026-03-26T14:35:00+00:00,294.53000000000003,295.14000000000004,294.53000000000003,295.11,1559
2026-03-26T14:40:00+00:00,295.11,295.55,294.23,294.52000000000004,2076
2026-03-26T14:45:00+00:00,294.52000000000004,294.66,294.04,294.48,2077
2026-03-26T14:50:00+00:00,294.48,294.91,293.95,293.97,1646
2026-03-26T14:55:00+00:00,293.97,294.45,293.63,294.17,1751
2026-03-26T15:00:00+00:00,294.17,294.36,293.66,293.89000000000004,1517
2026-03-26T15:05:00+00:00,293.89000000000004,294.27000000000004,293.51,293.84000000000003,1589
2026-03-26T15:10:00+00:00,293.84000000000003,294.03000000000003,293.6,293.73,1195
2026-03-26T15:15:00+00:00,293.73,293.82,293.11,293.27000000000004,1096
2026-03-26T15:20:00+00:00,293.27000000000004,293.64000000000004,293.15000000000003,293.44,1040
2026-03-26T15:25:00+00:00,293.44,293.7,293.16,293.59000000000003,1163
2026-03-26T15:30:00+00:00,293.59000000000003,293.59000000000003,293.01,293.09000000000003,1010
2026-03-26T15:35:00+00:00,293.09000000000003,293.23,292.71000000000004,292.73,1015
2026-03-26T15:40:00+00:00,292.73,293.23,292.65000000000003,293.08000000000004,1062
2026-03-26T15:45:00+00:00,293.08000000000004,293.68,292.93,293.47,1494
2026-03-26T15:50:00+00:00,293.47,293.53000000000003,292.92,293.18,1182
2026-03-26T15:55:00+00:00,293.18,293.18,292.71000000000004,292.92,1140
2026-03-26T16:00:00+00:00,292.92,293.2,292.52000000000004,292.69,1004
2026-03-26T16:05:00+00:00,292.69,292.8,292.48,292.55,983
2026-03-26T16:10:00+00:00,292.55,292.95,292.3,292.79,963
2026-03-26T16:15:00+00:00,292.79,292.86,292.24,292.77000000000004,1231
2026-03-26T16:20:00+00:00,292.77000000000004,292.84000000000003,292.3,292.67,1075
2026-03-26T16:25:00+00:00,292.67,292.8,292.3,292.35,1238
2026-03-26T16:30:00+00:00,292.35,292.51,292.01,292.36,1140
2026-03-26T16:35:00+00:00,292.36,292.78000000000003,292.15000000000003,292.33000000000004,1111
2026-03-26T16:40:00+00:00,292.33000000000004,292.54,292.14000000000004,292.27000000000004,1125
2026-03-26T16:45:00+00:00,292.27000000000004,292.38,291.63,291.72,1338
2026-03-26T16:50:00+00:00,291.72,292.36,291.71000000000004,292.35,1040
2026-03-26T16:55:00+00:00,292.35,292.61,292.13,292.26,983
2026-03-26T17:00:00+00:00,292.26,292.52000000000004,291.82,291.86,1033
2026-03-26T17:05:00+00:00,291.86,292.11,291.71000000000004,292.01,948
2026-03-26T17:10:00+00:00,292.01,292.02000000000004,291.41,291.48,952
2026-03-26T17:15:00+00:00,291.48,291.85,291.36,291.77000000000004,985
2026-03-26T17:20:00+00:00,291.77000000000004,291.83000000000004,291.23,291.36,1043
2026-03-26T17:25:00+00:00,291.36,291.39000000000004,290.95,291.18,1023
2026-03-26T17:30:00+00:00,291.18,291.48,291.02000000000004,291.35,966
2026-03-26T17:35:00+00:00,291.35,291.59000000000003,291.16,291.35,1066
2026-03-26T17:40:00+00:00,291.35,291.39000000000004,291.06,291.15000000000003,1276
2026-03-26T17:45:00+00:00,291.15000000000003,291.17,290.8,290.84000000000003,1289
2026-03-26T17:50:00+00:00,290.84000000000003,291.19,290.8,290.85,1204
2026-03-26T17:55:00+00:00,290.85,290.85,290.40000000000003,290.52000000000004,1230
2026-03-26T18:00:00+00:00,290.52000000000004,290.89000000000004,290.24,290.35,1346
2026-03-26T18:05:00+00:00,290.35,290.61,288.15000000000003,289.66,1725
2026-03-26T18:10:00+00:00,289.66,289.93,288.1,288.36,1687
2026-03-26T18:15:00+00:00,288.36,289.32,288.25,289.14000000000004,1446
2026-03-26T18:20:00+00:00,289.14000000000004,289.81,289.1,289.34000000000003,1258
2026-03-26T18:25:00+00:00,289.34000000000003,289.55,288.90000000000003,289.44,1118
2026-03-26T18:30:00+00:00,289.44,290.21000000000004,289.41,290.04,1048
2026-03-26T18:35:00+00:00,290.04,290.31,289.77000000000004,289.87,992
2026-03-26T18:40:00+00:00,289.87,290.01,289.32,289.76,825
2026-03-26T18:45:00+00:00,289.76,290.40000000000003,289.63,289.90000000000003,865
2026-03-26T18:50:00+00:00,289.90000000000003,290.53000000000003,289.73,290.38,911
2026-03-26T18:55:00+00:00,290.38,290.43,290.05,290.23,697
2026-03-26T19:00:00+00:00,290.23,290.26,289.29,289.36,849
2026-03-26T19:05:00+00:00,289.36,289.42,289.05,289.35,830
2026-03-26T19:10:00+00:00,289.35,289.90000000000003,289.17,289.87,728
2026-03-26T19:15:00+00:00,289.87,289.99,289.66,289.94,642
2026-03-26T19:20:00+00:00,289.94,290.25,289.76,290.19,585
2026-03-26T19:25:00+00:00,290.19,290.29,289.88,290.15000000000003,656
2026-03-26T19:30:00+00:00,290.15000000000003,290.18,289.27000000000004,289.64000000000004,782
2026-03-26T19:35:00+00:00,289.64000000000004,289.95,289.52000000000004,289.67,977
2026-03-26T19:40:00+00:00,289.67,289.82,289.02000000000004,289.1,1066
2026-03-26T19:45:00+00:00,289.1,289.34000000000003,288.87,289.29,1130
2026-03-26T19:50:00+00:00,289.29,290.09000000000003,289.21000000000004,289.32,1797
2026-03-26T19:55:00+00:00,289.32,290.45,289.32,289.81,2096
2026-03-27T13:30:00+00:00,289.81,289.81,285.27000000000004,285.36,1158
2026-03-27T13:35:00+00:00,285.36,285.45,283.97,283.97,1607
2026-03-27T13:40:00+00:00,283.97,286.12,283.93,285.99,2154
2026-03-27T13:45:00+00:00,285.99,286.74,285.92,286.42,2499
2026-03-27T13:50:00+00:00,286.42,286.73,285.57,285.86,2165
2026-03-27T13:55:00+00:00,285.86,286.01,285.3,285.42,1975
2026-03-27T14:00:00+00:00,285.42,286.38,285.25,286.15000000000003,2206
2026-03-27T14:05:00+00:00,286.15000000000003,286.53000000000003,285.95,286.07,2040
2026-03-27T14:10:00+00:00,286.07,287.18,285.94,286.69,1964
2026-03-27T14:15:00+00:00,286.69,287.71000000000004,286.65000000000003,287.22,1674
2026-03-27T14:20:00+00:00,287.22,287.6,286.69,286.79,1711
2026-03-27T14:25:00+00:00,286.79,287.21000000000004,286.58000000000004,286.69,1587
2026-03-27T14:30:00+00:00,286.69,287.09000000000003,286.16,286.59000000000003,1590
2026-03-27T14:35:00+00:00,286.59000000000003,287.06,286.36,286.74,1531
2026-03-27T14:40:00+00:00,286.74,287.66,286.7,287.59000000000003,1364
2026-03-27T14:45:00+00:00,287.59000000000003,287.85,287.28000000000003,287.79,1597
2026-03-27T14:50:00+00:00,287.79,288.11,287.28000000000003,287.41,1582
2026-03-27T14:55:00+00:00,287.41,287.7,287.25,287.6,1413
2026-03-27T15:00:00+00:00,287.6,287.86,287.45,287.56,1391
2026-03-27T15:05:00+00:00,287.56,287.7,287.12,287.25,1450
2026-03-27T15:10:00+00:00,287.25,287.48,286.46000000000004,286.48,1334
2026-03-27T15:15:00+00:00,286.48,286.85,286.41,286.62,1435
2026-03-27T15:20:00+00:00,286.62,287.19,286.25,286.90000000000003,1503
2026-03-27T15:25:00+00:00,286.90000000000003,287.23,286.78000000000003,286.98,1519
2026-03-27T15:30:00+00:00,286.98,287.46000000000004,286.90000000000003,287.19,1551
2026-03-27T15:35:00+00:00,287.19,287.25,286.45,286.54,1406
2026-03-27T15:40:00+00:00,286.54,286.87,286.17,286.6,1225
2026-03-27T15:45:00+00:00,286.6,286.69,286.19,286.36,1131
2026-03-27T15:50:00+00:00,286.36,286.53000000000003,286.26,286.45,1110
2026-03-27T15:55:00+00:00,286.45,286.58000000000004,286.34000000000003,286.47,1074
2026-03-27T16:00:00+00:00,286.47,286.52000000000004,285.88,285.92,1077
2026-03-27T16:05:00+00:00,285.92,286.03000000000003,285.49,285.56,1051
2026-03-27T16:10:00+00:00,285.56,285.83000000000004,285.37,285.63,1094
2026-03-27T16:15:00+00:00,285.63,285.67,285.33000000000004,285.42,894
2026-03-27T16:20:00+00:00,285.42,285.65000000000003,285.17,285.23,1175
2026-03-27T16:25:00+00:00,285.23,285.38,284.99,285.2,1001
2026-03-27T16:30:00+00:00,285.2,285.40000000000003,285.05,285.13,807
2026-03-27T16:35:00+00:00,285.13,285.21000000000004,284.72,284.76,881
2026-03-27T16:40:00+00:00,284.76,285.33000000000004,284.7,285.19,1000
2026-03-27T16:45:00+00:00,285.19,285.61,285.09000000000003,285.32,1021
2026-03-27T16:50:00+00:00,285.32,285.58000000000004,285.12,285.29,883
2026-03-27T16:55:00+00:00,285.29,285.29,284.95,285.06,716
2026-03-27T17:00:00+00:00,285.06,285.16,284.5,284.7,831
2026-03-27T17:05:00+00:00,284.7,285.33000000000004,284.61,285.04,1095
2026-03-27T17:10:00+00:00,285.04,285.28000000000003,284.8,284.89000000000004,802
2026-03-27T17:15:00+00:00,284.89000000000004,284.98,284.19,284.33000000000004,859
2026-03-27T17:20:00+00:00,284.33000000000004,284.37,283.56,283.77000000000004,1136
2026-03-27T17:25:00+00:00,283.77000000000004,283.78000000000003,283.31,283.41,1034
2026-03-27T17:30:00+00:00,283.41,283.79,283.38,283.57,1159
2026-03-27T17:35:00+00:00,283.57,283.72,283.31,283.33000000000004,872
2026-03-27T17:40:00+00:00,283.33000000000004,283.38,282.71000000000004,282.95,965
2026-03-27T17:45:00+00:00,282.95,283.13,-1510.12,273.9,1033.6485142654196
2026-03-27T17:50:00+00:00,273.9,274.13,273.75,273.87,820
2026-03-27T17:55:00+00:00,273.87,274.21,273.81,273.98,943
2026-03-27T18:00:00+00:00,273.98,274.15,273.79,273.88,853
2026-03-27T18:05:00+00:00,273.88,273.96,273.65,273.66,825
2026-03-27T18:10:00+00:00,273.66,273.97,273.59,273.93,839
2026-03-27T18:15:00+00:00,273.93,274.4,273.88,274.33,992
2026-03-27T18:20:00+00:00,274.33,274.69,274.2,274.55,898
2026-03-27T18:25:00+00:00,274.55,275.06,274.51,274.84,848
2026-03-27T18:30:00+00:00,274.84,275.27,274.82,275,945
2026-03-27T18:35:00+00:00,275,275.11,274.63,275.08,704
2026-03-27T18:40:00+00:00,275.08,275.29,274.84,275,949
2026-03-27T18:45:00+00:00,275,275.1,274.81,274.94,822
2026-03-27T18:50:00+00:00,274.94,275.28,274.79,274.89,731
2026-03-27T18:55:00+00:00,274.89,274.98,274.55,274.62,665
2026-03-27T19:00:00+00:00,274.62,274.7,274.41,274.55,756
2026-03-27T19:05:00+00:00,274.55,274.84,274.51,274.77,755
2026-03-27T19:10:00+00:00,274.77,274.93,274.6,274.9,673
2026-03-27T19:15:00+00:00,274.9,275.22,274.87,275.14,602
2026-03-27T19:20:00+00:00,275.14,275.16,274.58,274.8,686
2026-03-27T19:25:00+00:00,274.8,274.81,274.3,274.42,655
2026-03-27T19:30:00+00:00,274.42,274.64,274.09,274.64,802
2026-03-27T19:35:00+00:00,274.64,274.8,274.16,274.34,722
2026-03-27T19:40:00+00:00,274.34,274.38,273.93,274.24,796
2026-03-27T19:45:00+00:00,274.24,274.25,273.8,274.15,1122
2026-03-27T19:50:00+00:00,274.15,274.17,273.33,273.72,1559
2026-03-27T19:55:00+00:00,273.72,273.99,273.33,273.66,1826
2026-03-30T13:30:00+00:00,273.66,276.01,273.66,274.07,1406
2026-03-30T13:35:00+00:00,274.07,274.31,273.17,273.67,1802
2026-03-30T13:40:00+00:00,273.67,274.54,273.29,273.92,2189
2026-03-30T13:45:00+00:00,273.92,274.33,273.29,273.72,2587
2026-03-30T13:50:00+00:00,273.72,274.09,273.47,273.61,2364
2026-03-30T13:55:00+00:00,273.61,273.74,272.88,272.93,2346
2026-03-30T14:00:00+00:00,272.93,274.11,272.92,273.32,2274
2026-03-30T14:05:00+00:00,273.32,273.36,272.38,273.08,2032
2026-03-30T14:10:00+00:00,273.08,273.41,272.87,273.26,2375
2026-03-30T14:15:00+00:00,273.26,273.39,272.53,272.75,2214
2026-03-30T14:20:00+00:00,272.75,273.02,272.38,272.79,1999
2026-03-30T14:25:00+00:00,272.79,273.36,272.73,273.17,2038
2026-03-30T14:30:00+00:00,273.17,273.55,272.92,273.35,1685
2026-03-30T14:35:00+00:00,273.35,273.39,272.49,272.64,1688
2026-03-30T14:40:00+00:00,272.64,272.81,272.32,272.55,1626
2026-03-30T14:45:00+00:00,272.55,273.67,272.48,272.77,2143
2026-03-30T14:50:00+00:00,272.77,273.48,272.63,273.43,1700
2026-03-30T14:55:00+00:00,273.43,273.82,273.27,273.8,1674
2026-03-30T15:00:00+00:00,273.8,274.06,273.68,273.83,1611
2026-03-30T15:05:00+00:00,273.83,274.04,273.24,273.24,1437
2026-03-30T15:10:00+00:00,273.24,273.36,272.57,272.85,1390
2026-03-30T15:15:00+00:00,272.85,273.23,272.53,273.01,1562
2026-03-30T15:20:00+00:00,273.01,273.3,272.59,273.18,1375
2026-03-30T15:25:00+00:00,273.18,273.59,273.13,273.26,1211
2026-03-30T15:30:00+00:00,273.26,273.92,273.21,273.84,1444
2026-03-30T15:35:00+00:00,273.84,274.23,273.78,273.86,1346
2026-03-30T15:40:00+00:00,273.86,274.5,273.68,274.46,1243
2026-03-30T15:45:00+00:00,274.46,274.82,274.28,274.7,1339
2026-03-30T15:50:00+00:00,274.7,275.09,274.68,274.73,1333
2026-03-30T15:55:00+00:00,274.73,274.73,274.43,274.43,1268
2026-03-30T16:00:00+00:00,274.43,274.55,274.23,274.42,1331
2026-03-30T16:05:00+00:00,274.42,274.45,273.98,273.99,1272
2026-03-30T16:10:00+00:00,273.99,274.19,273.93,274.06,1155
2026-03-30T16:15:00+00:00,274.06,274.18,273.66,273.7,1102
2026-03-30T16:20:00+00:00,273.7,273.87,273.44,273.7,1097
2026-03-30T16:25:00+00:00,273.7,273.76,273.43,273.45,1091
2026-03-30T16:30:00+00:00,273.45,273.65,273.28,273.5,1176
2026-03-30T16:35:00+00:00,273.5,273.76,273.34,273.73,1266
2026-03-30T16:40:00+00:00,273.73,273.92,273.62,273.73,983
2026-03-30T16:45:00+00:00,273.73,273.73,273.33,273.38,991
2026-03-30T16:50:00+00:00,273.38,273.75,273.34,273.46,1032
2026-03-30T16:55:00+00:00,273.46,273.62,273.29,273.41,1074
2026-03-30T17:00:00+00:00,273.41,273.61,273.1,273.1,1208
2026-03-30T17:05:00+00:00,273.1,273.58,273.07,273.38,998
2026-03-30T17:10:00+00:00,273.38,273.45,273,273.02,1156
2026-03-30T17:15:00+00:00,273.02,273.55,272.89,273.53,1178
2026-03-30T17:20:00+00:00,273.53,273.81,273.28,273.38,1307
2026-03-30T17:25:00+00:00,273.38,273.46,273.05,273.27,1140
2026-03-30T17:30:00+00:00,273.27,273.32,272.9,273.2,1343
2026-03-30T17:35:00+00:00,273.2,273.32,272.85,273.11,1306
2026-03-30T17:40:00+00:00,273.11,273.43,272.93,273.36,1394
2026-03-30T17:45:00+00:00,273.36,273.59,273.16,273.19,1324
2026-03-30T17:50:00+00:00,273.19,273.38,273.05,273.12,1029
2026-03-30T17:55:00+00:00,273.12,273.29,272.92,273.21,964
2026-03-30T18:00:00+00:00,273.21,273.27,272.88,272.92,958
2026-03-30T18:05:00+00:00,272.92,273.26,272.88,273.05,1150
2026-03-30T18:10:00+00:00,273.05,273.41,273.02,273.26,1059
2026-03-30T18:15:00+00:00,273.26,273.34,272.83,273.11,1019
2026-03-30T18:20:00+00:00,273.11,273.23,272.98,273.01,845
2026-03-30T18:25:00+00:00,273.01,273.01,272.39,272.42,897
2026-03-30T18:30:00+00:00,272.42,272.62,272.27,272.33,908
2026-03-30T18:35:00+00:00,272.33,272.69,272.28,272.31,972
2026-03-30T18:40:00+00:00,272.31,272.57,272.24,272.4,807
2026-03-30T18:45:00+00:00,272.4,272.51,272.22,272.36,917
2026-03-30T18:50:00+00:00,272.36,272.49,272.06,272.28,977
2026-03-30T18:55:00+00:00,272.28,272.37,272.04,272.09,968
2026-03-30T19:00:00+00:00,272.09,272.29,271.95,272.16,1015
2026-03-30T19:05:00+00:00,272.16,272.16,271.84,271.91,1204
2026-03-30T19:10:00+00:00,271.91,271.95,271.64,271.66,1255
2026-03-30T19:15:00+00:00,271.66,271.94,271.55,271.79,999
2026-03-30T19:20:00+00:00,271.79,272.06,271.68,271.74,1067
2026-03-30T19:25:00+00:00,271.74,271.85,271.54,271.67,1194
2026-03-30T19:30:00+00:00,271.67,271.82,271.4,271.46,1340
2026-03-30T19:35:00+00:00,271.46,272,271.42,271.91,1444
2026-03-30T19:40:00+00:00,271.91,272.13,271.74,271.98,1303
2026-03-30T19:45:00+00:00,271.98,272.55,271.97,272.46,1463
2026-03-30T19:50:00+00:00,272.46,273,272.08,272.94,1518
2026-03-30T19:55:00+00:00,272.94,273.37,272.68,272.87,1829
2026-03-31T13:30:00+00:00,272.87,278.54,272.87,278.04,1216
2026-03-31T13:35:00+00:00,278.04,278.34,277.33,278.17,2171
2026-03-31T13:40:00+00:00,278.17,278.52,276.71,276.76,2342
2026-03-31T13:45:00+00:00,276.76,278.32,276.76,278.27,2252
2026-03-31T13:50:00+00:00,278.27,279.33,278,279.1,2218
2026-03-31T13:55:00+00:00,279.1,279.64,278.63,279.51,2244
2026-03-31T14:00:00+00:00,279.51,280.11,279.4,280.07,2166
2026-03-31T14:05:00+00:00,280.07,280.13,279.69,279.95,1936
2026-03-31T14:10:00+00:00,279.95,280.32,279.75,280.2,2000
2026-03-31T14:15:00+00:00,280.2,281.12,280.09,280.81,2091
2026-03-31T14:20:00+00:00,280.81,281.42,280.18,281.2,2110
2026-03-31T14:25:00+00:00,281.2,281.48,280.79,281.26,2028
2026-03-31T14:30:00+00:00,281.26,281.66,281.15,281.29,1554
2026-03-31T14:35:00+00:00,281.29,281.62,280.77,281.25,1853
2026-03-31T14:40:00+00:00,281.25,281.47,280.42,280.47,1618
2026-03-31T14:45:00+00:00,280.47,280.93,280.22,280.23,1797
2026-03-31T14:50:00+00:00,280.23,280.35,279.89,279.94,1699
2026-03-31T14:55:00+00:00,279.94,280.15,279.6,279.93,1677
2026-03-31T15:00:00+00:00,279.93,280.71,279.93,280.64,1573
2026-03-31T15:05:00+00:00,280.64,281.39,280.53,280.81,1757
2026-03-31T15:10:00+00:00,280.81,281.45,280.63,281.43,1440
2026-03-31T15:15:00+00:00,281.43,281.61,281.22,281.37,1503
2026-03-31T15:20:00+00:00,281.37,281.37,281.06,281.23,1374
2026-03-31T15:25:00+00:00,281.23,281.57,280.59,280.63,1692
2026-03-31T15:30:00+00:00,280.63,280.86,280.24,280.77,1487
2026-03-31T15:35:00+00:00,280.77,281.03,280.71,280.8,1530
2026-03-31T15:40:00+00:00,280.8,280.92,280.34,280.45,1487
2026-03-31T15:45:00+00:00,280.45,280.62,280.28,280.45,1396
2026-03-31T15:50:00+00:00,280.45,280.92,280.33,280.63,1451
2026-03-31T15:55:00+00:00,280.63,280.74,280.21,280.27,1356
2026-03-31T16:00:00+00:00,280.27,280.86,280.09,280.64,1361
2026-03-31T16:05:00+00:00,280.64,281.31,280.64,281.09,1411
2026-03-31T16:10:00+00:00,281.09,281.25,280.88,281.05,1371
2026-03-31T16:15:00+00:00,281.05,281.4,280.89,280.98,1336
2026-03-31T16:20:00+00:00,280.98,281.4,280.9,281.4,1278
2026-03-31T16:25:00+00:00,281.4,281.5,281.18,281.28,1240
2026-03-31T16:30:00+00:00,281.28,281.3,280.89,280.98,1202
2026-03-31T16:35:00+00:00,280.98,282.45,280.81,282.39,1567
2026-03-31T16:40:00+00:00,282.39,283.75,282.34,283.24,2320
2026-03-31T16:45:00+00:00,283.24,284.08,283,283.77,2539
2026-03-31T16:50:00+00:00,283.77,284.44,283.07,284.14,2352
2026-03-31T16:55:00+00:00,284.14,284.17,283.43,283.89,2346
2026-03-31T17:00:00+00:00,283.89,285.43,283.85,285.19,2283
2026-03-31T17:05:00+00:00,285.19,285.6,284.71,284.9,2093
2026-03-31T17:10:00+00:00,284.9,285.92,284.77,285.88,2400
2026-03-31T17:15:00+00:00,285.88,286.55,285.74,286.45,2100
2026-03-31T17:20:00+00:00,286.45,286.82,286.2,286.48,1889
2026-03-31T17:25:00+00:00,286.48,286.82,285.58,285.71,2122
2026-03-31T17:30:00+00:00,285.71,286.75,285.58,286.64,2009
2026-03-31T17:35:00+00:00,286.64,286.89,285.44,285.99,2568
2026-03-31T17:40:00+00:00,285.99,286.29,285.12,285.48,1974
2026-03-31T17:45:00+00:00,285.48,285.71,285.24,285.58,1687
2026-03-31T17:50:00+00:00,285.58,285.66,285.28,285.5,1403
2026-03-31T17:55:00+00:00,285.5,285.52,284.97,285.42,1498
2026-03-31T18:00:00+00:00,285.42,286.11,285.4,285.74,1497
2026-03-31T18:05:00+00:00,285.74,286.07,285.65,286,1355
2026-03-31T18:10:00+00:00,286,286.05,285.59,285.85,1558
2026-03-31T18:15:00+00:00,285.85,286.16,285.6,285.88,1444
2026-03-31T18:20:00+00:00,285.88,286.07,285.57,285.68,1224
2026-03-31T18:25:00+00:00,285.68,286.22,285.5,285.94,1433
2026-03-31T18:30:00+00:00,285.94,286.01,285.54,285.74,1412
2026-03-31T18:35:00+00:00,285.74,286.06,285.55,285.96,1154
2026-03-31T18:40:00+00:00,285.96,286.08,285.5,285.62,1370
2026-03-31T18:45:00+00:00,285.62,286.02,285.59,286,1255
2026-03-31T18:50:00+00:00,286,286.12,285.6,285.88,1184
2026-03-31T18:55:00+00:00,285.88,286.02,285.7,285.85,910
2026-03-31T19:00:00+00:00,285.85,286.15,285.74,285.92,816
2026-03-31T19:05:00+00:00,285.92,285.99,285.59,285.71,1020
2026-03-31T19:10:00+00:00,285.71,286.23,285.71,286.12,1165
2026-03-31T19:15:00+00:00,286.12,286.38,285.69,285.78,1154
2026-03-31T19:20:00+00:00,285.78,285.86,285.54,285.79,1064
2026-03-31T19:25:00+00:00,285.79,285.81,285.34,285.52,1205
2026-03-31T19:30:00+00:00,285.52,285.97,285.35,285.71,1217
2026-03-31T19:35:00+00:00,285.71,286.21,285.5,286.04,1149
2026-03-31T19:40:00+00:00,286.04,286.04,285.5,285.81,1381
2026-03-31T19:45:00+00:00,285.81,286.52,285.7,286.42,1290
2026-03-31T19:50:00+00:00,286.42,286.85,285.63,286.49,1997
2026-03-31T19:55:00+00:00,286.49,286.94,286.19,286.84,2527
2026-04-01T13:30:00+00:00,286.84,292.79,286.84,292.76,2103
2026-04-01T13:35:00+00:00,292.76,294.12,292.39,293.99,2330
2026-04-01T13:40:00+00:00,293.99,294.13,292.35,292.69,2829
2026-04-01T13:45:00+00:00,292.69,293.38,291.98,292.7,3223
2026-04-01T13:50:00+00:00,292.7,294,292.63,293.34,3032
2026-04-01T13:55:00+00:00,293.34,294.26,293.31,293.5,2633
2026-04-01T14:00:00+00:00,293.5,294.37,293.5,294.05,2922
2026-04-01T14:05:00+00:00,294.05,294.24,293.35,293.52,2447
2026-04-01T14:10:00+00:00,293.52,293.78,293.07,293.74,2618
2026-04-01T14:15:00+00:00,293.74,294.03,293.4,293.8,2180
2026-04-01T14:20:00+00:00,293.8,294.44,293.44,293.94,2622
2026-04-01T14:25:00+00:00,293.94,294.49,293.92,294.05,2173
2026-04-01T14:30:00+00:00,294.05,294.33,293.35,293.38,1782
2026-04-01T14:35:00+00:00,293.38,293.88,292.99,293.63,2103
2026-04-01T14:40:00+00:00,293.63,293.63,292.94,293.13,2018
2026-04-01T14:45:00+00:00,293.13,293.25,292.48,293.18,1648
2026-04-01T14:50:00+00:00,293.18,294.08,292.9,293.73,1684
2026-04-01T14:55:00+00:00,293.73,294.62,293.61,294.39,1384
2026-04-01T15:00:00+00:00,294.39,294.46,294.08,294.13,1477
2026-04-01T15:05:00+00:00,294.13,294.99,294.02,294.95,1580
2026-04-01T15:10:00+00:00,294.95,295,294.48,294.62,1492
2026-04-01T15:15:00+00:00,294.62,294.95,294.43,294.81,1317
2026-04-01T15:20:00+00:00,294.81,294.92,294.43,294.85,1102
2026-04-01T15:25:00+00:00,294.85,295,294.3,294.3,1377
2026-04-01T15:30:00+00:00,294.3,294.34,293.91,294.14,1481
2026-04-01T15:35:00+00:00,294.14,294.5,293.98,294.4,1486
2026-04-01T15:40:00+00:00,294.4,294.97,294.3,294.84,1116
2026-04-01T15:45:00+00:00,294.84,295.3,294.82,295.18,970
2026-04-01T15:50:00+00:00,295.18,295.28,294.99,295.05,973
2026-04-01T15:55:00+00:00,295.05,295.47,295,295.29,1068
2026-04-01T16:00:00+00:00,295.29,295.29,294.88,295.05,1018
2026-04-01T16:05:00+00:00,295.05,295.59,294.82,295.52,1001
2026-04-01T16:10:00+00:00,295.52,295.6,295.15,295.32,1101
2026-04-01T16:15:00+00:00,295.32,295.98,295.21,295.82,1049
2026-04-01T16:20:00+00:00,295.82,295.87,295.43,295.51,984
2026-04-01T16:25:00+00:00,295.51,295.69,295.38,295.45,887
2026-04-01T16:30:00+00:00,295.45,295.76,295.38,295.55,954
2026-04-01T16:35:00+00:00,295.55,296.13,295.36,296.13,640
2026-04-01T16:40:00+00:00,296.13,296.68,295.89,296.66,840
2026-04-01T16:45:00+00:00,296.66,296.98,296.48,296.77,1007
2026-04-01T16:50:00+00:00,296.77,297.22,296.76,297.07,721
2026-04-01T16:55:00+00:00,297.07,297.4,296.85,297.12,896
2026-04-01T17:00:00+00:00,297.12,297.6,297.03,297.5,985
2026-04-01T17:05:00+00:00,297.5,297.64,297.28,297.4,1029
2026-04-01T17:10:00+00:00,297.4,297.72,297.38,297.41,1030
2026-04-01T17:15:00+00:00,297.41,297.85,297.38,297.4,1008
2026-04-01T17:20:00+00:00,297.4,297.52,297.23,297.32,843
2026-04-01T17:25:00+00:00,297.32,297.42,297.23,297.27,758
2026-04-01T17:30:00+00:00,297.27,297.45,296.99,297.02,779
2026-04-01T17:35:00+00:00,297.02,297.5,296.93,297.4,891
2026-04-01T17:40:00+00:00,297.4,297.65,297.28,297.46,1090
2026-04-01T17:45:00+00:00,297.46,297.51,297.02,297.06,1072
2026-04-01T17:50:00+00:00,297.06,297.08,296.54,296.87,960
2026-04-01T17:55:00+00:00,296.87,297.11,296.29,296.31,1071
2026-04-01T18:00:00+00:00,296.31,296.33,295.69,295.86,1767
2026-04-01T18:05:00+00:00,295.86,296.16,295.7,296.02,1533
2026-04-01T18:10:00+00:00,296.02,296.08,295.6,295.63,1171
2026-04-01T18:15:00+00:00,295.63,295.68,294.69,294.84,1570
2026-04-01T18:20:00+00:00,294.84,295.14,294.24,294.44,1669
2026-04-01T18:25:00+00:00,294.44,294.79,294.3,294.52,1645
2026-04-01T18:30:00+00:00,294.52,294.58,293.89,293.94,1448
2026-04-01T18:35:00+00:00,293.94,294.22,293.63,294.14,1626
2026-04-01T18:40:00+00:00,294.14,294.67,294.09,294.34,1408
2026-04-01T18:45:00+00:00,294.34,294.56,294.04,294.29,1573
2026-04-01T18:50:00+00:00,294.29,294.61,293.93,294.41,1367
2026-04-01T18:55:00+00:00,294.41,294.47,294.1,294.25,959
2026-04-01T19:00:00+00:00,294.25,294.65,294.01,294.62,1015
2026-04-01T19:05:00+00:00,294.62,295.18,294.58,295.1,892
2026-04-01T19:10:00+00:00,295.1,295.12,294.81,295.01,1069
2026-04-01T19:15:00+00:00,295.01,295.29,294.79,295.15,1135
2026-04-01T19:20:00+00:00,295.15,295.41,294.95,295.3,934
2026-04-01T19:25:00+00:00,295.3,295.58,295.18,295.3,1062
2026-04-01T19:30:00+00:00,295.3,295.47,294.73,294.82,851
2026-04-01T19:35:00+00:00,294.82,295.29,294.58,295.24,1192
2026-04-01T19:40:00+00:00,295.24,295.33,294.95,295.06,1300
2026-04-01T19:45:00+00:00,295.06,295.46,294.93,295.29,1388
2026-04-01T19:50:00+00:00,295.29,295.35,294.29,294.32,1703
2026-04-01T19:55:00+00:00,294.32,294.93,293.89,294.86,2267
2026-04-02T13:30:00+00:00,294.86,294.86,287.88,288.55,1706
2026-04-02T13:35:00+00:00,288.55,288.55,287.46,287.74,2563
2026-04-02T13:40:00+00:00,287.74,288.65,287.41,288.62,3129
2026-04-02T13:45:00+00:00,288.62,290.52,288.3,290.32,3261
2026-04-02T13:50:00+00:00,290.32,291.14,290.11,291,3186
2026-04-02T13:55:00+00:00,291,291.76,290.82,291.72,2953
2026-04-02T14:00:00+00:00,291.72,292.17,291.57,291.94,3193
2026-04-02T14:05:00+00:00,291.94,292.65,291.64,292.33,3248
2026-04-02T14:10:00+00:00,292.33,292.88,291.97,292.33,2918
2026-04-02T14:15:00+00:00,292.33,293.18,292.31,292.62,3024
2026-04-02T14:20:00+00:00,292.62,292.99,292.44,292.78,3028
2026-04-02T14:25:00+00:00,292.78,292.82,291.95,291.98,3089
2026-04-02T14:30:00+00:00,291.98,293.15,291.89,292.97,2261
2026-04-02T14:35:00+00:00,292.97,295.62,292.9,295.46,2549
2026-04-02T14:40:00+00:00,295.46,295.73,294.63,295.16,2141
2026-04-02T14:45:00+00:00,295.16,295.34,293.7,293.81,2574
2026-04-02T14:50:00+00:00,293.81,293.96,293.1,293.83,2621
2026-04-02T14:55:00+00:00,293.83,294.38,-1489.9199999999998,-1489.83,2358.7468772095217
2026-04-02T15:00:00+00:00,293.94,293.97,293.09,293.77,2222
2026-04-02T15:05:00+00:00,293.77,293.96,293.42,293.89,2288
2026-04-02T15:10:00+00:00,293.89,294.29,293.6,293.75,2286
2026-04-02T15:15:00+00:00,293.75,293.86,293.41,293.53,1991
2026-04-02T15:20:00+00:00,293.53,293.54,292.95,293.39,2172
2026-04-02T15:25:00+00:00,293.39,293.98,293.17,293.79,1506
2026-04-02T15:30:00+00:00,293.79,293.82,293.26,293.6,1630
2026-04-02T15:35:00+00:00,293.6,294.08,293.5,294.04,1793
2026-04-02T15:40:00+00:00,294.04,294.1,293.48,293.75,1685
2026-04-02T15:45:00+00:00,293.75,293.76,293.19,293.3,1639
2026-04-02T15:50:00+00:00,293.3,293.59,292.82,293.44,1893
2026-04-02T15:55:00+00:00,293.44,293.64,293.05,293.29,1750
2026-04-02T16:00:00+00:00,293.29,293.53,293.08,293.17,1785
2026-04-02T16:05:00+00:00,293.17,293.32,292.8,293.1,1398
2026-04-02T16:10:00+00:00,293.1,293.36,292.9,293.15,1361
2026-04-02T16:15:00+00:00,293.15,293.4,292.9,292.94,1305
2026-04-02T16:20:00+00:00,292.94,293.44,292.81,293.08,1477
2026-04-02T16:25:00+00:00,293.08,293.46,292.97,293.23,1219
2026-04-02T16:30:00+00:00,293.23,293.76,293.14,293.62,1414
2026-04-02T16:35:00+00:00,293.62,293.74,292.89,293.47,1554
2026-04-02T16:40:00+00:00,293.47,294.27,293.45,294.17,1451
2026-04-02T16:45:00+00:00,294.17,294.35,293.91,294,1238
2026-04-02T16:50:00+00:00,294,294.27,293.84,294.15,1231
2026-04-02T16:55:00+00:00,294.15,294.18,293.93,293.96,1059
2026-04-02T17:00:00+00:00,293.96,294.01,293.61,293.72,1392
2026-04-02T17:05:00+00:00,293.72,293.77,293.46,293.65,1134
2026-04-02T17:10:00+00:00,293.65,294.11,293.55,293.95,1229
2026-04-02T17:15:00+00:00,293.95,294.39,293.94,294.08,1374
2026-04-02T17:20:00+00:00,294.08,294.37,294.03,294.21,1118
2026-04-02T17:25:00+00:00,294.21,294.35,294.09,294.18,1036
2026-04-02T17:30:00+00:00,294.18,294.38,294.02,294.18,1323
2026-04-02T17:35:00+00:00,294.18,294.19,293.92,294.08,1195
2026-04-02T17:40:00+00:00,294.08,294.22,293.93,294.06,1173
2026-04-02T17:45:00+00:00,294.06,294.14,293.27,293.39,1364
2026-04-02T17:50:00+00:00,293.39,293.63,293.11,293.57,1513
2026-04-02T17:55:00+00:00,293.57,293.71,293.36,293.62,1166
2026-04-02T18:00:00+00:00,293.62,293.94,293.62,293.91,1231
2026-04-02T18:05:00+00:00,293.91,294.18,293.8,293.97,1480
2026-04-02T18:10:00+00:00,293.97,294.09,293.76,293.83,1120
2026-04-02T18:15:00+00:00,293.83,294.07,293.81,293.91,1058
2026-04-02T18:20:00+00:00,293.91,293.94,293.59,293.6,996
2026-04-02T18:25:00+00:00,293.6,293.63,293.31,293.33,1429
2026-04-02T18:30:00+00:00,293.33,293.48,293.12,293.4,1119
2026-04-02T18:35:00+00:00,293.4,293.46,293.19,293.34,980
2026-04-02T18:40:00+00:00,293.34,293.77,293.32,293.54,1031
2026-04-02T18:45:00+00:00,293.54,293.8,293.49,293.65,925
2026-04-02T18:50:00+00:00,293.65,293.88,293.6,293.79,1019
2026-04-02T18:55:00+00:00,293.79,293.81,293.49,293.55,707
2026-04-02T19:00:00+00:00,293.55,293.71,293.49,293.58,874
2026-04-02T19:05:00+00:00,293.58,293.93,293.55,293.82,768
2026-04-02T19:10:00+00:00,293.82,294.22,293.77,293.8,979
2026-04-02T19:15:00+00:00,293.8,293.89,293.47,293.55,800
2026-04-02T19:20:00+00:00,293.55,293.57,293.15,293.22,1057
2026-04-02T19:25:00+00:00,293.22,293.35,293.1,293.19,1066
2026-04-02T19:30:00+00:00,293.19,293.36,293.11,293.24,786
2026-04-02T19:35:00+00:00,293.24,293.42,293.18,293.3,835
2026-04-02T19:40:00+00:00,293.3,293.56,293.21,293.34,859
2026-04-02T19:45:00+00:00,293.34,293.62,293.28,293.57,991
2026-04-02T19:50:00+00:00,293.57,294.23,293.57,294.05,984
2026-04-02T19:55:00+00:00,294.05,294.35,293.89,294.28,1718
2026-04-06T13:30:00+00:00,294.28,296.1,293.63,295.99,984
2026-04-06T13:35:00+00:00,295.99,296.19,294.49,294.95,2316
2026-04-06T13:40:00+00:00,294.95,296.22,294.68,296.01,2936
2026-04-06T13:45:00+00:00,296.01,297.06,295.9,296.17,2807
2026-04-06T13:50:00+00:00,296.17,296.86,295.94,296.54,2564
2026-04-06T13:55:00+00:00,296.54,296.68,295.96,296.36,2023
2026-04-06T14:00:00+00:00,296.36,296.6,294.89,294.97,2434
2026-04-06T14:05:00+00:00,294.97,295.54,294.88,295.42,2321
2026-04-06T14:10:00+00:00,295.42,296.16,295.19,296.1,2237
2026-04-06T14:15:00+00:00,296.1,296.44,295.89,296.38,2050
2026-04-06T14:20:00+00:00,296.38,296.58,296.14,296.39,1927
2026-04-06T14:25:00+00:00,296.39,296.81,295.94,296.59,1800
2026-04-06T14:30:00+00:00,296.59,296.78,296.18,296.58,1847
2026-04-06T14:35:00+00:00,296.58,296.75,295.64,295.83,2594
2026-04-06T14:40:00+00:00,295.83,296.38,295.7,295.86,2609
2026-04-06T14:45:00+00:00,295.86,295.87,294.89,294.99,2307
2026-04-06T14:50:00+00:00,294.99,295.57,294.99,295.37,2028
2026-04-06T14:55:00+00:00,295.37,295.81,295.23,295.57,1816
2026-04-06T15:00:00+00:00,295.57,296.03,295.5,295.81,1878
2026-04-06T15:05:00+00:00,295.81,296.18,295.66,296.1,1665
2026-04-06T15:10:00+00:00,296.1,296.2,295.73,296.08,1536
2026-04-06T15:15:00+00:00,296.08,296.51,295.87,296.26,1446
2026-04-06T15:20:00+00:00,296.26,296.3,295.68,295.7,1495
2026-04-06T15:25:00+00:00,295.7,295.8,295.3,295.42,1473
2026-04-06T15:30:00+00:00,295.42,295.53,295.18,295.23,1532
2026-04-06T15:35:00+00:00,295.23,295.5,294.99,295.33,1456
2026-04-06T15:40:00+00:00,295.33,295.72,295.3,295.68,1402
2026-04-06T15:45:00+00:00,295.68,295.89,295.51,295.8,1303
2026-04-06T15:50:00+00:00,295.8,295.88,295.6,295.69,1305
2026-04-06T15:55:00+00:00,295.69,295.85,295.46,295.69,1142
2026-04-06T16:00:00+00:00,295.69,295.91,295.58,295.6,1319
2026-04-06T16:05:00+00:00,295.6,296.14,295.59,295.8,1176
2026-04-06T16:10:00+00:00,295.8,296.19,295.78,296.07,1010
2026-04-06T16:15:00+00:00,296.07,296.36,296.04,296.25,1096
2026-04-06T16:20:00+00:00,296.25,296.53,296.18,296.45,978
2026-04-06T16:25:00+00:00,296.45,296.73,296.43,296.62,825
2026-04-06T16:30:00+00:00,296.62,296.8,296.48,296.63,775
2026-04-06T16:35:00+00:00,296.63,296.99,296.58,296.73,815
2026-04-06T16:40:00+00:00,296.73,297.04,296.56,296.95,747
2026-04-06T16:45:00+00:00,296.95,297.36,296.88,297.21,815
2026-04-06T16:50:00+00:00,297.21,297.44,297.1,297.1,910
2026-04-06T16:55:00+00:00,297.1,297.22,296.82,296.94,1056
2026-04-06T17:00:00+00:00,296.94,296.98,296.38,296.74,1042
2026-04-06T17:05:00+00:00,296.74,296.74,296.42,296.59,916
2026-04-06T17:10:00+00:00,296.59,296.66,295.8,296.02,1878
2026-04-06T17:15:00+00:00,296.02,296.42,295.89,296.39,1858
2026-04-06T17:20:00+00:00,296.39,296.78,296.07,296.77,1595
2026-04-06T17:25:00+00:00,296.77,297.15,296.6,297.06,1246
2026-04-06T17:30:00+00:00,297.06,297.33,296.96,297.13,1280
2026-04-06T17:35:00+00:00,297.13,297.42,297.06,297.1,1345
2026-04-06T17:40:00+00:00,297.1,297.16,296.81,297.01,1329
2026-04-06T17:45:00+00:00,297.01,297.01,296.76,296.91,910
2026-04-06T17:50:00+00:00,296.91,296.94,296.6,296.65,1178
2026-04-06T17:55:00+00:00,296.65,296.84,296.59,296.65,1074
2026-04-06T18:00:00+00:00,296.65,296.73,296.31,296.35,1050
2026-04-06T18:05:00+00:00,296.35,296.89,296.34,296.82,1110
2026-04-06T18:10:00+00:00,296.82,297.44,296.8,297.19,1566
2026-04-06T18:15:00+00:00,297.19,297.77,297.15,297.71,1398
2026-04-06T18:20:00+00:00,297.71,298.27,297.61,298.23,1328
2026-04-06T18:25:00+00:00,298.23,298.28,297.88,298,1348
2026-04-06T18:30:00+00:00,298,298.17,297.7,297.89,1186
2026-04-06T18:35:00+00:00,297.89,298.09,297.85,297.86,925
2026-04-06T18:40:00+00:00,297.86,298.01,297.8,297.92,697
2026-04-06T18:45:00+00:00,297.92,298.13,297.88,298.07,871
2026-04-06T18:50:00+00:00,298.07,298.11,297.88,297.94,748
2026-04-06T18:55:00+00:00,297.94,298.06,297.88,297.94,680
2026-04-06T19:00:00+00:00,297.94,298.2,297.71,298.05,669
2026-04-06T19:05:00+00:00,298.05,298.24,297.9,297.97,619
2026-04-06T19:10:00+00:00,297.97,298.04,297.72,298,546
2026-04-06T19:15:00+00:00,298,298.04,297.75,297.87,622
2026-04-06T19:20:00+00:00,297.87,298.04,297.74,297.78,832
2026-04-06T19:25:00+00:00,297.78,297.94,297.63,297.73,428
2026-04-06T19:30:00+00:00,297.73,297.86,297.58,297.62,417
2026-04-06T19:35:00+00:00,297.62,297.7,297.54,297.6,437
2026-04-06T19:40:00+00:00,297.6,297.63,297.22,297.3,517
2026-04-06T19:45:00+00:00,297.3,297.73,297.23,297.73,802
2026-04-06T19:50:00+00:00,297.73,297.87,297.14,297.24,939
2026-04-06T19:55:00+00:00,297.24,297.61,296.94,297.42,1244
2026-04-07T13:30:00+00:00,297.42,300.63,297.42,298.45,1285
2026-04-07T13:35:00+00:00,298.45,300.11,298.16,298.89,2265
2026-04-07T13:40:00+00:00,298.89,299.64,298.49,299.36,2461
2026-04-07T13:45:00+00:00,299.36,299.39,297.62,297.64,2306
2026-04-07T13:50:00+00:00,297.64,298.06,297.24,297.54,2238
2026-04-07T13:55:00+00:00,297.54,297.65,296.49,296.49,2224
2026-04-07T14:00:00+00:00,296.49,296.6,295.76,296,2044
2026-04-07T14:05:00+00:00,296,296.19,295.29,295.47,2078
2026-04-07T14:10:00+00:00,295.47,296.14,295.29,295.97,1810
2026-04-07T14:15:00+00:00,295.97,296.77,295.97,296.5,1779
2026-04-07T14:20:00+00:00,296.5,297.97,296.5,297.86,1934
2026-04-07T14:25:00+00:00,297.86,298.3,297.68,298.27,1353
2026-04-07T14:30:00+00:00,298.27,298.53,297.88,298.37,1953
2026-04-07T14:35:00+00:00,298.37,299.09,298.01,298.6,1984
2026-04-07T14:40:00+00:00,298.6,298.72,297.92,298.17,1963
2026-04-07T14:45:00+00:00,298.17,298.86,297.93,298.71,2232
2026-04-07T14:50:00+00:00,298.71,298.75,298.09,298.52,1811
2026-04-07T14:55:00+00:00,298.52,298.69,297.69,297.79,2051
2026-04-07T15:00:00+00:00,297.79,297.88,297.2,297.28,2468
2026-04-07T15:05:00+00:00,297.28,297.48,296.89,297.46,1756
2026-04-07T15:10:00+00:00,297.46,298.04,297.42,298.04,2080
2026-04-07T15:15:00+00:00,298.04,299.03,297.81,298.54,2559
2026-04-07T15:20:00+00:00,298.54,298.83,298.19,298.21,1585
2026-04-07T15:25:00+00:00,298.21,298.79,298.18,298.75,1454
2026-04-07T15:30:00+00:00,298.75,298.89,298.24,298.75,1328
2026-04-07T15:35:00+00:00,298.75,299.29,298.48,298.59,1193
2026-04-07T15:40:00+00:00,298.59,298.73,298.21,298.35,1243
2026-04-07T15:45:00+00:00,298.35,299.08,298.3,299.05,1095
2026-04-07T15:50:00+00:00,299.05,299.24,298.81,299.19,1151
2026-04-07T15:55:00+00:00,299.19,299.8,299.13,299.78,1554
2026-04-07T16:00:00+00:00,299.78,300.98,299.66,300.42,2332
2026-04-07T16:05:00+00:00,300.42,300.9,300.32,300.43,2092
2026-04-07T16:10:00+00:00,300.43,300.65,300.31,300.48,1218
2026-04-07T16:15:00+00:00,300.48,300.84,300.24,300.47,1214
2026-04-07T16:20:00+00:00,300.47,300.91,300.32,300.5,1526
2026-04-07T16:25:00+00:00,300.5,301.23,300.24,300.86,1629
2026-04-07T16:30:00+00:00,300.86,301.13,300.77,301.05,1373
2026-04-07T16:35:00+00:00,301.05,301.28,300.7,300.73,1064
2026-04-07T16:40:00+00:00,300.73,300.8,300.37,300.71,1191
2026-04-07T16:45:00+00:00,300.71,301.12,300.7,300.86,1304
2026-04-07T16:50:00+00:00,300.86,301.11,300.72,300.78,1391
2026-04-07T16:55:00+00:00,300.78,300.82,300.46,300.55,1025
2026-04-07T17:00:00+00:00,300.55,300.8,300.43,300.54,1675
2026-04-07T17:05:00+00:00,300.54,300.82,300.45,300.67,1134
2026-04-07T17:10:00+00:00,300.67,300.81,300.5,300.61,918
2026-04-07T17:15:00+00:00,300.61,300.91,300.55,300.86,921
2026-04-07T17:20:00+00:00,300.86,300.9,300.57,300.77,1032
2026-04-07T17:25:00+00:00,300.77,300.84,300.56,300.68,846
2026-04-07T17:30:00+00:00,300.68,301.32,300.44,301.21,1097
2026-04-07T17:35:00+00:00,301.21,302.17,301.2,301.81,1701
2026-04-07T17:40:00+00:00,301.81,301.87,301.1,301.23,1034
2026-04-07T17:45:00+00:00,301.23,301.68,301.13,301.65,1040
2026-04-07T17:50:00+00:00,301.65,301.95,301.53,301.74,1138
2026-04-07T17:55:00+00:00,301.74,301.78,301.31,301.48,1078
2026-04-07T18:00:00+00:00,301.48,301.67,301.17,301.31,1083
2026-04-07T18:05:00+00:00,301.31,301.43,301.1,301.34,1077
2026-04-07T18:10:00+00:00,301.34,301.64,301.23,301.51,845
2026-04-07T18:15:00+00:00,301.51,301.74,301.46,301.65,948
2026-04-07T18:20:00+00:00,301.65,301.71,301.02,301.11,1017
2026-04-07T18:25:00+00:00,301.11,301.25,300.9,300.99,1259
2026-04-07T18:30:00+00:00,300.99,301.07,300.74,300.91,977
2026-04-07T18:35:00+00:00,300.91,300.95,300.67,300.84,925
2026-04-07T18:40:00+00:00,300.84,300.91,300.29,300.39,1111
2026-04-07T18:45:00+00:00,300.39,300.61,300.14,300.27,1116
2026-04-07T18:50:00+00:00,300.27,300.38,299.76,299.89,1233
2026-04-07T18:55:00+00:00,299.89,299.94,299.41,299.64,1545
2026-04-07T19:00:00+00:00,299.64,300.1,299.49,299.79,1286
2026-04-07T19:05:00+00:00,299.79,299.93,299.4,299.76,1294
2026-04-07T19:10:00+00:00,299.76,300.02,299.48,299.74,1231
2026-04-07T19:15:00+00:00,299.74,301.23,299.67,300.97,2059
2026-04-07T19:20:00+00:00,300.97,301.35,299.89,300.35,2752
2026-04-07T19:25:00+00:00,300.35,300.78,299.89,300.7,2035
2026-04-07T19:30:00+00:00,300.7,300.77,300.38,300.58,1565
2026-04-07T19:35:00+00:00,300.58,300.91,300.47,300.8,1389
2026-04-07T19:40:00+00:00,300.8,301.63,300.75,301.42,1554
2026-04-07T19:45:00+00:00,301.42,302.39,301.15,301.79,3151
2026-04-07T19:50:00+00:00,301.79,302.49,301.52,302.41,1461
2026-04-07T19:55:00+00:00,302.41,303.97,302.35,303.79,2334
2026-04-08T13:30:00+00:00,303.79,319.08,303.79,315.35,2040
2026-04-08T13:35:00+00:00,315.35,315.6,313.99,315.6,3024
2026-04-08T13:40:00+00:00,315.6,316.17,315.3,315.4,3023
2026-04-08T13:45:00+00:00,315.4,316.66,314.88,315.38,2451
2026-04-08T13:50:00+00:00,315.38,315.42,312.58,313.11,2686
2026-04-08T13:55:00+00:00,313.11,313.6,312.89,312.94,1928
2026-04-08T14:00:00+00:00,312.94,314.1,312.88,313.14,1702
2026-04-08T14:05:00+00:00,313.14,313.39,312.62,313.08,1853
2026-04-08T14:10:00+00:00,313.08,313.62,312.89,313.35,1560
2026-04-08T14:15:00+00:00,313.35,314.03,313.09,313.86,1702
2026-04-08T14:20:00+00:00,313.86,314.41,313.74,314.14,1577
2026-04-08T14:25:00+00:00,314.14,314.32,313.75,314.22,1403
2026-04-08T14:30:00+00:00,314.22,314.35,313.68,314,1961
2026-04-08T14:35:00+00:00,314,314.5,313.82,314.04,1882
2026-04-08T14:40:00+00:00,314.04,314.5,313.78,314.14,1840
2026-04-08T14:45:00+00:00,314.14,314.34,313.69,314.1,1989
2026-04-08T14:50:00+00:00,314.1,314.34,313.64,313.64,1729
2026-04-08T14:55:00+00:00,313.64,313.68,-1470.7399999999998,-1470.5299999999997,1884.1374773139746
2026-04-08T15:00:00+00:00,313.26,314.22,313.09,314.03,1652
2026-04-08T15:05:00+00:00,314.03,314.14,313.45,313.76,1650
2026-04-08T15:10:00+00:00,313.76,313.97,313.44,313.9,1301
2026-04-08T15:15:00+00:00,313.9,313.99,313.54,313.94,1192
2026-04-08T15:20:00+00:00,313.94,313.99,313.54,313.77,1186
2026-04-08T15:25:00+00:00,313.77,314.05,313.45,313.85,1213
2026-04-08T15:30:00+00:00,313.85,314.2,313.57,314.15,1436
2026-04-08T15:35:00+00:00,314.15,314.98,314.07,314.75,1205
2026-04-08T15:40:00+00:00,314.75,314.78,314.4,314.68,958
2026-04-08T15:45:00+00:00,314.68,315.15,314.66,315.02,963
2026-04-08T15:50:00+00:00,315.02,315.57,315,315.24,860
2026-04-08T15:55:00+00:00,315.24,315.59,315.02,315.47,858
2026-04-08T16:00:00+00:00,315.47,315.92,315.29,315.7,1015
2026-04-08T16:05:00+00:00,315.7,315.75,315.17,315.31,984
2026-04-08T16:10:00+00:00,315.31,315.45,315.07,315.2,924
2026-04-08T16:15:00+00:00,315.2,315.49,314.73,315.05,1392
2026-04-08T16:20:00+00:00,315.05,315.5,314.89,315.47,1098
2026-04-08T16:25:00+00:00,315.47,315.94,315.3,315.83,1058
2026-04-08T16:30:00+00:00,315.83,316.27,315.57,316.21,834
2026-04-08T16:35:00+00:00,316.21,316.39,316.08,316.3,969
2026-04-08T16:40:00+00:00,316.3,316.61,316.18,316.45,1075
2026-04-08T16:45:00+00:00,316.45,316.86,316.39,316.47,1063
2026-04-08T16:50:00+00:00,316.47,317.05,316.47,316.9,767
2026-04-08T16:55:00+00:00,316.9,317.18,316.4,316.54,791
2026-04-08T17:00:00+00:00,316.54,316.73,316.39,316.47,666
2026-04-08T17:05:00+00:00,316.47,316.52,316.09,316.4,679
2026-04-08T17:10:00+00:00,316.4,316.45,315.96,316.03,759
2026-04-08T17:15:00+00:00,316.03,316.25,315.88,315.91,694
2026-04-08T17:20:00+00:00,315.91,316.04,315.58,315.66,1016
2026-04-08T17:25:00+00:00,315.66,315.81,315.38,315.46,1027
2026-04-08T17:30:00+00:00,315.46,315.69,315.24,315.48,1138
2026-04-08T17:35:00+00:00,315.48,315.74,314.97,315.48,1041
2026-04-08T17:40:00+00:00,315.48,315.84,315.48,315.67,907
2026-04-08T17:45:00+00:00,315.67,315.75,315.27,315.32,689
2026-04-08T17:50:00+00:00,315.32,315.78,315.3,315.54,840
2026-04-08T17:55:00+00:00,315.54,315.83,315.48,315.72,607
2026-04-08T18:00:00+00:00,315.72,315.99,315.22,315.89,769
2026-04-08T18:05:00+00:00,315.89,316.32,315.87,316.24,1092
2026-04-08T18:10:00+00:00,316.24,316.45,316.15,316.35,867
2026-04-08T18:15:00+00:00,316.35,316.47,315.45,315.53,1474
2026-04-08T18:20:00+00:00,315.53,316.07,315.38,315.72,1959
2026-04-08T18:25:00+00:00,315.72,315.95,315.35,315.44,1447
2026-04-08T18:30:00+00:00,315.44,315.93,315.41,315.82,1116
2026-04-08T18:35:00+00:00,315.82,316.09,315.38,315.39,1051
2026-04-08T18:40:00+00:00,315.39,315.47,314.79,314.84,1153
2026-04-08T18:45:00+00:00,314.84,315.21,314.74,315.04,874
2026-04-08T18:50:00+00:00,315.04,315.62,314.98,315.31,915
2026-04-08T18:55:00+00:00,315.31,315.35,314.47,314.56,921
2026-04-08T19:00:00+00:00,314.56,315.31,314.45,315.16,1059
2026-04-08T19:05:00+00:00,315.16,315.18,314.73,315.02,772
2026-04-08T19:10:00+00:00,315.02,315.37,314.99,315.24,909
2026-04-08T19:15:00+00:00,315.24,315.34,314.67,314.7,929
2026-04-08T19:20:00+00:00,314.7,314.96,314.44,314.54,983
2026-04-08T19:25:00+00:00,314.54,314.77,314.09,314.38,998
2026-04-08T19:30:00+00:00,314.38,315.01,314.24,314.92,1060
2026-04-08T19:35:00+00:00,314.92,315.06,314.69,314.9,1003
2026-04-08T19:40:00+00:00,314.9,314.93,314.55,314.85,768
2026-04-08T19:45:00+00:00,314.85,315.28,314.75,315.12,986
2026-04-08T19:50:00+00:00,315.12,315.13,314.19,314.35,1324
2026-04-08T19:55:00+00:00,314.35,314.78,313.72,314.76,1607
2026-04-09T13:30:00+00:00,314.76,314.76,311,311.51,1127
2026-04-09T13:35:00+00:00,311.51,311.51,310.4,310.88,1815
2026-04-09T13:40:00+00:00,310.88,312.04,310.7,311.51,2171
2026-04-09T13:45:00+00:00,311.51,311.55,310.16,311.21,1983
2026-04-09T13:50:00+00:00,311.21,311.58,310.68,310.98,1804
2026-04-09T13:55:00+00:00,310.98,311.13,310.44,310.73,1632
2026-04-09T14:00:00+00:00,310.73,311.16,310.26,311.1,1704
2026-04-09T14:05:00+00:00,311.1,311.34,310.78,311.04,1433
2026-04-09T14:10:00+00:00,311.04,311.57,310.72,311.17,1535
2026-04-09T14:15:00+00:00,311.17,311.22,310.49,310.5,1314
2026-04-09T14:20:00+00:00,310.5,310.92,310.49,310.53,1236
2026-04-09T14:25:00+00:00,310.53,310.55,309.73,309.91,1367
2026-04-09T14:30:00+00:00,309.91,310,309.51,309.73,1281
2026-04-09T14:35:00+00:00,309.73,310.05,309.32,309.8,1190
2026-04-09T14:40:00+00:00,309.8,310.5,309.76,310.27,1090
2026-04-09T14:45:00+00:00,310.27,310.87,310.22,310.81,1014
2026-04-09T14:50:00+00:00,310.81,311.18,310.78,311,1002
2026-04-09T14:55:00+00:00,311,311.45,310.92,311.44,1081
2026-04-09T15:00:00+00:00,311.44,312.05,311.41,311.8,1065
2026-04-09T15:05:00+00:00,311.8,312.14,311.68,312.11,890
2026-04-09T15:10:00+00:00,312.11,312.53,311.94,312.49,1007
2026-04-09T15:15:00+00:00,312.49,313.44,312.48,313.4,1138
2026-04-09T15:20:00+00:00,313.4,313.45,312.99,313.17,934
2026-04-09T15:25:00+00:00,313.17,313.45,312.88,313.08,961
2026-04-09T15:30:00+00:00,313.08,314,312.88,313.73,1683
2026-04-09T15:35:00+00:00,313.73,313.93,313.39,313.89,1738
2026-04-09T15:40:00+00:00,313.89,314.26,313.83,314.02,1228
2026-04-09T15:45:00+00:00,314.02,315.08,313.89,314.71,1142
2026-04-09T15:50:00+00:00,314.71,315.2,314.5,315.01,1240
2026-04-09T15:55:00+00:00,315.01,315.33,314.92,315.21,1079
2026-04-09T16:00:00+00:00,315.21,316.31,315.04,316.11,1230
2026-04-09T16:05:00+00:00,316.11,316.34,315.5,316.14,1255
2026-04-09T16:10:00+00:00,316.14,316.28,315.75,315.91,1054
2026-04-09T16:15:00+00:00,315.91,316.47,315.77,316.45,841
2026-04-09T16:20:00+00:00,316.45,316.69,316.22,316.27,819
2026-04-09T16:25:00+00:00,316.27,316.41,316.08,316.25,763
2026-04-09T16:30:00+00:00,316.25,316.55,316.14,316.49,912
2026-04-09T16:35:00+00:00,316.49,316.53,316.22,316.49,857
2026-04-09T16:40:00+00:00,316.49,316.49,316.12,316.27,678
2026-04-09T16:45:00+00:00,316.27,316.27,315.66,315.67,684
2026-04-09T16:50:00+00:00,315.67,316.34,315.67,316.26,711
2026-04-09T16:55:00+00:00,316.26,316.3,316,316.24,622
2026-04-09T17:00:00+00:00,316.24,316.36,315.95,316.27,548
2026-04-09T17:05:00+00:00,316.27,316.72,316.1,316.68,582
2026-04-09T17:10:00+00:00,316.68,316.79,316.47,316.54,641
2026-04-09T17:15:00+00:00,316.54,317.29,316.48,317.06,700
2026-04-09T17:20:00+00:00,317.06,317.2,316.8,316.81,675
2026-04-09T17:25:00+00:00,316.81,316.9,316.61,316.75,535
2026-04-09T17:30:00+00:00,316.75,316.84,316.09,316.67,847
2026-04-09T17:35:00+00:00,316.67,317.08,316.61,317.03,730
2026-04-09T17:40:00+00:00,317.03,317.05,316.71,316.82,596
2026-04-09T17:45:00+00:00,316.82,317.21,316.72,317.14,629
2026-04-09T17:50:00+00:00,317.14,317.16,316.72,316.78,561
2026-04-09T17:55:00+00:00,316.78,316.8,316.62,316.73,474
2026-04-09T18:00:00+00:00,316.73,316.86,315.99,316.08,1071
2026-04-09T18:05:00+00:00,316.08,316.39,315.98,316.26,1272
2026-04-09T18:10:00+00:00,316.26,316.35,315.98,316.2,838
2026-04-09T18:15:00+00:00,316.2,316.4,316,316.39,687
2026-04-09T18:20:00+00:00,316.39,316.46,315.93,315.98,826
2026-04-09T18:25:00+00:00,315.98,316.34,315.93,316.04,910
2026-04-09T18:30:00+00:00,316.04,316.2,315.94,315.99,746
2026-04-09T18:35:00+00:00,315.99,316.47,315.99,316.36,645
2026-04-09T18:40:00+00:00,316.36,316.5,316,316.17,696
2026-04-09T18:45:00+00:00,316.17,316.36,316.09,316.34,541
2026-04-09T18:50:00+00:00,316.34,316.4,316,316.31,641
2026-04-09T18:55:00+00:00,316.31,316.39,316.14,316.19,567
2026-04-09T19:00:00+00:00,316.19,316.63,316.06,316.63,472
2026-04-09T19:05:00+00:00,316.63,316.71,316.36,316.68,439
2026-04-09T19:10:00+00:00,316.68,316.8,316.58,316.68,357
2026-04-09T19:15:00+00:00,316.68,316.73,316.26,316.31,398
2026-04-09T19:20:00+00:00,316.31,316.49,316.21,316.41,432
2026-04-09T19:25:00+00:00,316.41,316.47,316.19,316.22,389
2026-04-09T19:30:00+00:00,316.22,316.53,316.2,316.41,451
2026-04-09T19:35:00+00:00,316.41,316.74,316.39,316.58,332
2026-04-09T19:40:00+00:00,316.58,316.83,316.55,316.64,457
2026-04-09T19:45:00+00:00,316.64,316.92,316.59,316.66,471
2026-04-09T19:50:00+00:00,316.66,316.78,316.29,316.61,800
2026-04-09T19:55:00+00:00,316.61,316.69,316,316.36,1250
2026-04-10T13:30:00+00:00,316.36,319.31,316.36,317.84,1255
2026-04-10T13:35:00+00:00,317.84,318.82,317.71,317.88,1733
2026-04-10T13:40:00+00:00,317.88,318.24,317.32,317.54,1913
2026-04-10T13:45:00+00:00,317.54,317.99,317.31,317.4,1858
2026-04-10T13:50:00+00:00,317.4,318.41,316.99,317.71,1760
2026-04-10T13:55:00+00:00,317.71,317.97,317.01,317.16,1210
2026-04-10T14:00:00+00:00,317.16,317.5,316.84,317.4,1486
2026-04-10T14:05:00+00:00,317.4,317.49,316.98,317.27,1147
2026-04-10T14:10:00+00:00,317.27,317.33,316.88,317.14,1326
2026-04-10T14:15:00+00:00,317.14,317.42,316.45,316.91,1297
2026-04-10T14:20:00+00:00,316.91,317.5,316.91,317.38,1029
2026-04-10T14:25:00+00:00,317.38,317.52,316.76,317.09,1071
2026-04-10T14:30:00+00:00,317.09,317.24,316.57,316.75,1119
2026-04-10T14:35:00+00:00,316.75,316.9,316.18,316.25,1074
2026-04-10T14:40:00+00:00,316.25,316.74,316.1,316.19,1366
2026-04-10T14:45:00+00:00,316.19,316.45,316.04,316.04,1315
2026-04-10T14:50:00+00:00,316.04,316.57,316.04,316.42,1001
2026-04-10T14:55:00+00:00,316.42,317.13,-1467.1,-1466.9399999999998,871.8523244062658
2026-04-10T15:00:00+00:00,316.94,317.21,316.65,316.98,1054
2026-04-10T15:05:00+00:00,316.98,317.5,316.82,317.12,1041
2026-04-10T15:10:00+00:00,317.12,317.38,317.05,317.07,957
2026-04-10T15:15:00+00:00,317.07,317.19,316.7,316.7,902
2026-04-10T15:20:00+00:00,316.7,316.98,316.63,316.77,1064
2026-04-10T15:25:00+00:00,316.77,316.8,316.18,316.24,1170
2026-04-10T15:30:00+00:00,316.24,316.41,316.05,316.26,1269
2026-04-10T15:35:00+00:00,316.26,316.48,316.09,316.1,1180
2026-04-10T15:40:00+00:00,316.1,316.42,315.79,316.29,1319
2026-04-10T15:45:00+00:00,316.29,316.39,315.93,316.03,974
2026-04-10T15:50:00+00:00,316.03,316.13,315.54,315.58,1030
2026-04-10T15:55:00+00:00,315.58,315.58,315.19,315.33,1261
2026-04-10T16:00:00+00:00,315.33,315.71,315.23,315.44,1048
2026-04-10T16:05:00+00:00,315.44,315.6,315.33,315.44,1042
2026-04-10T16:10:00+00:00,315.44,315.94,315.44,315.7,1001
2026-04-10T16:15:00+00:00,315.7,315.83,315.54,315.72,885
2026-04-10T16:20:00+00:00,315.72,315.82,315.47,315.74,781
2026-04-10T16:25:00+00:00,315.74,315.83,315.51,315.54,814
2026-04-10T16:30:00+00:00,315.54,315.69,315.41,315.53,776
2026-04-10T16:35:00+00:00,315.53,315.59,315.2,315.23,706
2026-04-10T16:40:00+00:00,315.23,315.35,314.88,315,1048
2026-04-10T16:45:00+00:00,315,315.3,314.88,315.26,890
2026-04-10T16:50:00+00:00,315.26,315.42,315.19,315.35,808
2026-04-10T16:55:00+00:00,315.35,315.39,315.18,315.27,615
2026-04-10T17:00:00+00:00,315.27,315.3,314.91,314.91,755
2026-04-10T17:05:00+00:00,314.91,314.96,314.74,314.82,744
2026-04-10T17:10:00+00:00,314.82,315.15,314.68,315.03,838
2026-04-10T17:15:00+00:00,315.03,315.11,314.88,315.05,701
2026-04-10T17:20:00+00:00,315.05,315.08,314.68,314.94,720
2026-04-10T17:25:00+00:00,314.94,315.18,314.77,314.79,663
2026-04-10T17:30:00+00:00,314.79,314.99,314.65,314.84,796
2026-04-10T17:35:00+00:00,314.84,315.21,314.84,315.13,721
2026-04-10T17:40:00+00:00,315.13,315.15,314.83,314.95,693
2026-04-10T17:45:00+00:00,314.95,315.01,314.78,314.88,660
2026-04-10T17:50:00+00:00,314.88,315.04,314.68,314.99,531
2026-04-10T17:55:00+00:00,314.99,315.03,314.79,314.92,468
2026-04-10T18:00:00+00:00,314.92,314.96,314.65,314.67,591
2026-04-10T18:05:00+00:00,314.67,314.75,314.43,314.54,661
2026-04-10T18:10:00+00:00,314.54,314.81,314.41,314.75,580
2026-04-10T18:15:00+00:00,314.75,315.02,314.74,314.96,606
2026-04-10T18:20:00+00:00,314.96,315.27,314.95,315.11,643
2026-04-10T18:25:00+00:00,315.11,315.18,314.88,314.9,611
2026-04-10T18:30:00+00:00,314.9,315.1,314.82,315.06,566
2026-04-10T18:35:00+00:00,315.06,315.27,315.05,315.09,623
2026-04-10T18:40:00+00:00,315.09,315.22,314.93,315.1,507
2026-04-10T18:45:00+00:00,315.1,315.22,314.98,315.11,404
2026-04-10T18:50:00+00:00,315.11,315.17,315.04,315.12,400
2026-04-10T18:55:00+00:00,315.12,315.18,314.88,314.96,403
2026-04-10T19:00:00+00:00,314.96,315.08,314.94,315.08,445
2026-04-10T19:05:00+00:00,315.08,315.29,314.98,315.1,384
2026-04-10T19:10:00+00:00,315.1,315.51,315.08,315.38,395
2026-04-10T19:15:00+00:00,315.38,315.49,315.22,315.47,426
2026-04-10T19:20:00+00:00,315.47,315.58,315.33,315.41,423
2026-04-10T19:25:00+00:00,315.41,315.51,315.28,315.47,399
2026-04-10T19:30:00+00:00,315.47,315.71,315.24,315.59,554
2026-04-10T19:35:00+00:00,315.59,315.65,315.4,315.57,488
2026-04-10T19:40:00+00:00,315.57,315.69,315.3,315.56,586
2026-04-10T19:45:00+00:00,315.56,315.95,315.52,315.81,689
2026-04-10T19:50:00+00:00,315.81,315.81,315.38,315.57,931
2026-04-10T19:55:00+00:00,315.57,315.79,315.2,315.79,1057
2026-04-13T13:30:00+00:00,315.79,315.79,313.72,313.99,1361
2026-04-13T13:35:00+00:00,313.99,314.46,313.56,314.05,887
2026-04-13T13:40:00+00:00,314.05,315.18,313.88,314.76,822
2026-04-13T13:45:00+00:00,314.76,315.64,314.08,315.61,1233
2026-04-13T13:50:00+00:00,315.61,316.13,315.16,316.05,1194
2026-04-13T13:55:00+00:00,316.05,316.67,315.88,316.57,913
2026-04-13T14:00:00+00:00,316.57,317.35,316.32,317.22,1113
2026-04-13T14:05:00+00:00,317.22,317.98,317.15,317.89,996
2026-04-13T14:10:00+00:00,317.89,318,316.75,316.85,887
2026-04-13T14:15:00+00:00,316.85,316.89,316.15,316.37,740
2026-04-13T14:20:00+00:00,316.37,316.53,315.66,316.17,1157
2026-04-13T14:25:00+00:00,316.17,316.25,315.61,315.98,906
2026-04-13T14:30:00+00:00,315.98,316.38,315.96,316.35,777
2026-04-13T14:35:00+00:00,316.35,316.48,315.91,316.31,861
2026-04-13T14:40:00+00:00,316.31,316.69,316.26,316.68,617
2026-04-13T14:45:00+00:00,316.68,316.74,316.08,316.15,860
2026-04-13T14:50:00+00:00,316.15,316.64,316.08,316.6,875
2026-04-13T14:55:00+00:00,316.6,316.77,316.17,316.61,709
2026-04-13T15:00:00+00:00,316.61,316.64,316.24,316.29,797
2026-04-13T15:05:00+00:00,316.29,316.61,316.27,316.57,783
2026-04-13T15:10:00+00:00,316.57,317.06,316.5,316.73,688
2026-04-13T15:15:00+00:00,316.73,316.95,316.4,316.46,731
2026-04-13T15:20:00+00:00,316.46,316.9,316.4,316.71,758
2026-04-13T15:25:00+00:00,316.71,317,316.64,316.82,635
2026-04-13T15:30:00+00:00,316.82,317.08,316.73,316.98,673
2026-04-13T15:35:00+00:00,316.98,317.51,316.85,317.22,748
2026-04-13T15:40:00+00:00,317.22,317.45,316.79,316.85,616
2026-04-13T15:45:00+00:00,316.85,317.06,316.72,316.79,433
2026-04-13T15:50:00+00:00,316.79,316.83,316.55,316.56,551
2026-04-13T15:55:00+00:00,316.56,316.83,316.55,316.64,644
2026-04-13T16:00:00+00:00,316.64,316.69,316.16,316.2,585
2026-04-13T16:05:00+00:00,316.2,316.84,316.13,316.4,1377
2026-04-13T16:10:00+00:00,316.4,316.42,315.91,315.92,967
2026-04-13T16:15:00+00:00,315.92,316.3,315.91,316.27,784
2026-04-13T16:20:00+00:00,316.27,316.66,316.25,316.54,1280
2026-04-13T16:25:00+00:00,316.54,317.21,316.48,317.06,978
2026-04-13T16:30:00+00:00,317.06,317.26,316.77,317.01,1072
2026-04-13T16:35:00+00:00,317.01,317.58,316.95,317.08,849
2026-04-13T16:40:00+00:00,317.08,317.4,316.74,317.35,1033
2026-04-13T16:45:00+00:00,317.35,317.83,317.16,317.72,1017
2026-04-13T16:50:00+00:00,317.72,317.98,317.43,317.65,1109
2026-04-13T16:55:00+00:00,317.65,317.69,317.42,317.6,803
2026-04-13T17:00:00+00:00,317.6,317.77,317.48,317.7,436
2026-04-13T17:05:00+00:00,317.7,317.81,317.17,317.2,660
2026-04-13T17:10:00+00:00,317.2,317.33,316.98,317.29,653
2026-04-13T17:15:00+00:00,317.29,317.53,317.18,317.46,472
2026-04-13T17:20:00+00:00,317.46,317.5,317.23,317.24,555
2026-04-13T17:25:00+00:00,317.24,317.6,317.23,317.58,508
2026-04-13T17:30:00+00:00,317.58,317.76,317.48,317.6,598
2026-04-13T17:35:00+00:00,317.6,317.64,317.44,317.51,542
2026-04-13T17:40:00+00:00,317.51,317.57,317.31,317.32,471
2026-04-13T17:45:00+00:00,317.32,317.39,317.19,317.24,467
2026-04-13T17:50:00+00:00,317.24,317.41,317.19,317.32,593
2026-04-13T17:55:00+00:00,317.32,317.49,317.14,317.15,413
2026-04-13T18:00:00+00:00,317.15,317.37,317.12,317.25,534
2026-04-13T18:05:00+00:00,317.25,317.51,317.22,317.37,324
2026-04-13T18:10:00+00:00,317.37,317.46,317.1,317.14,342
2026-04-13T18:15:00+00:00,317.14,317.22,317.06,317.06,381
2026-04-13T18:20:00+00:00,317.06,317.28,317.03,317.1,462
2026-04-13T18:25:00+00:00,317.1,317.3,317.06,317.24,327
2026-04-13T18:30:00+00:00,317.24,317.5,317.21,317.47,376
2026-04-13T18:35:00+00:00,317.47,317.54,317.37,317.39,337
2026-04-13T18:40:00+00:00,317.39,317.6,317.34,317.57,404
2026-04-13T18:45:00+00:00,317.57,317.87,317.55,317.78,487
2026-04-13T18:50:00+00:00,317.78,318,317.72,317.93,477
2026-04-13T18:55:00+00:00,317.93,318.19,317.9,318.03,458
2026-04-13T19:00:00+00:00,318.03,318.19,317.93,318.13,511
2026-04-13T19:05:00+00:00,318.13,318.15,317.89,318.01,424
2026-04-13T19:10:00+00:00,318.01,318.11,317.9,318.03,422
2026-04-13T19:15:00+00:00,318.03,318.18,318,318.13,377
2026-04-13T19:20:00+00:00,318.13,318.37,318.02,318.29,441
2026-04-13T19:25:00+00:00,318.29,318.48,318.15,318.27,449
2026-04-13T19:30:00+00:00,318.27,318.44,317.95,318.22,628
2026-04-13T19:35:00+00:00,318.22,318.52,318.21,318.46,697
2026-04-13T19:40:00+00:00,318.46,318.54,318.34,318.52,514
2026-04-13T19:45:00+00:00,318.52,318.81,318.4,318.76,656
2026-04-13T19:50:00+00:00,318.76,319.04,318.63,318.77,1241
2026-04-13T19:55:00+00:00,318.77,319.31,318.51,318.93,1487
2026-04-14T13:30:00+00:00,318.93,323.45,318.93,322.29,1589
2026-04-14T13:35:00+00:00,322.29,322.97,321.4,321.81,2137
2026-04-14T13:40:00+00:00,321.81,323.19,321.26,323.08,1705
2026-04-14T13:45:00+00:00,323.08,323.85,322.96,323.54,1457
2026-04-14T13:50:00+00:00,323.54,324.85,323.5,324.18,1335
2026-04-14T13:55:00+00:00,324.18,324.64,323.73,323.92,1130
2026-04-14T14:00:00+00:00,323.92,324.59,323.71,324.35,1160
2026-04-14T14:05:00+00:00,324.35,325.12,324.35,325.1,1029
2026-04-14T14:10:00+00:00,325.1,325.4,324.54,325.02,1002
2026-04-14T14:15:00+00:00,325.02,325.53,324.56,324.65,1035
2026-04-14T14:20:00+00:00,324.65,325.11,324.56,324.94,1000
2026-04-14T14:25:00+00:00,324.94,325.65,324.81,325.62,750
2026-04-14T14:30:00+00:00,325.62,325.73,325.36,325.51,695
2026-04-14T14:35:00+00:00,325.51,325.83,325.11,325.17,789
2026-04-14T14:40:00+00:00,325.17,325.64,325.17,325.31,683
2026-04-14T14:45:00+00:00,325.31,325.95,325.1,325.89,761
2026-04-14T14:50:00+00:00,325.89,326.43,325.76,326.27,773
2026-04-14T14:55:00+00:00,326.27,326.37,325.98,325.98,649
2026-04-14T15:00:00+00:00,325.98,326.1,325.69,325.73,779
2026-04-14T15:05:00+00:00,325.73,325.78,325.4,325.53,813
2026-04-14T15:10:00+00:00,325.53,326.8,325.42,326.7,711
2026-04-14T15:15:00+00:00,326.7,327.39,326.61,327.33,735
2026-04-14T15:20:00+00:00,327.33,328.14,327.16,328.12,904
2026-04-14T15:25:00+00:00,328.12,328.66,328.07,328.28,715
2026-04-14T15:30:00+00:00,328.28,328.94,328.16,328.76,827
2026-04-14T15:35:00+00:00,328.76,329.18,328.7,328.94,717
2026-04-14T15:40:00+00:00,328.94,329.99,328.92,329.76,798
2026-04-14T15:45:00+00:00,329.76,330.06,328.95,329.28,876
2026-04-14T15:50:00+00:00,329.28,330.09,329.22,329.95,691
2026-04-14T15:55:00+00:00,329.95,329.96,329.35,329.41,722
2026-04-14T16:00:00+00:00,329.41,330.09,329.3,329.97,714
2026-04-14T16:05:00+00:00,329.97,330.17,329.53,329.56,666
2026-04-14T16:10:00+00:00,329.56,329.92,329.54,329.92,585
2026-04-14T16:15:00+00:00,329.92,330.11,329.9,330,584
2026-04-14T16:20:00+00:00,330,330.07,329.63,329.9,568
2026-04-14T16:25:00+00:00,329.9,330.2,329.88,330.03,509
2026-04-14T16:30:00+00:00,330.03,330.08,329.58,329.85,614
2026-04-14T16:35:00+00:00,329.85,329.94,329.41,329.49,567
2026-04-14T16:40:00+00:00,329.49,329.65,329.33,329.51,541
2026-04-14T16:45:00+00:00,329.51,330.05,329.3,329.88,681
2026-04-14T16:50:00+00:00,329.88,330.07,329.77,329.93,561
2026-04-14T16:55:00+00:00,329.93,330.14,329.82,330.04,599
2026-04-14T17:00:00+00:00,330.04,330.24,329.79,329.8,472
2026-04-14T17:05:00+00:00,329.8,330,329.56,329.65,549
2026-04-14T17:10:00+00:00,329.65,329.96,329.53,329.92,446
2026-04-14T17:15:00+00:00,329.92,330.17,329.74,330.13,369
2026-04-14T17:20:00+00:00,330.13,330.36,330.13,330.18,434
2026-04-14T17:25:00+00:00,330.18,330.42,330.01,330.02,479
2026-04-14T17:30:00+00:00,330.02,330.25,329.95,330.08,456
2026-04-14T17:35:00+00:00,330.08,330.1,329.92,329.98,486
2026-04-14T17:40:00+00:00,329.98,330.15,329.94,330.06,428
2026-04-14T17:45:00+00:00,330.06,330.22,329.99,330,412
2026-04-14T17:50:00+00:00,330,330.13,329.58,329.66,570
2026-04-14T17:55:00+00:00,329.66,329.97,329.63,329.84,433
2026-04-14T18:00:00+00:00,329.84,330.03,329.77,329.87,452
2026-04-14T18:05:00+00:00,329.87,330.01,329.7,329.79,427
2026-04-14T18:10:00+00:00,329.79,329.82,329.53,329.58,438
2026-04-14T18:15:00+00:00,329.58,329.68,329.38,329.45,400
2026-04-14T18:20:00+00:00,329.45,329.57,328.99,329.07,707
2026-04-14T18:25:00+00:00,329.07,329.22,328.9,328.94,494
2026-04-14T18:30:00+00:00,328.94,329.08,328.81,328.86,514
2026-04-14T18:35:00+00:00,328.86,329.17,328.84,329.1,525
2026-04-14T18:40:00+00:00,329.1,329.2,328.94,329.03,459
2026-04-14T18:45:00+00:00,329.03,329.22,328.9,328.96,363
2026-04-14T18:50:00+00:00,328.96,329.06,328.82,328.92,447
2026-04-14T18:55:00+00:00,328.92,329.07,328.84,328.93,332
2026-04-14T19:00:00+00:00,328.93,329.51,328.93,329.45,387
2026-04-14T19:05:00+00:00,329.45,329.58,329.37,329.45,271
2026-04-14T19:10:00+00:00,329.45,329.55,329.18,329.22,340
2026-04-14T19:15:00+00:00,329.22,329.36,328.8,328.88,378
2026-04-14T19:20:00+00:00,328.88,329.28,328.8,329.19,384
2026-04-14T19:25:00+00:00,329.19,329.51,329.19,329.51,447
2026-04-14T19:30:00+00:00,329.51,329.62,329.27,329.43,522
2026-04-14T19:35:00+00:00,329.43,329.92,329.27,329.84,555
2026-04-14T19:40:00+00:00,329.84,329.95,329.66,329.86,672
2026-04-14T19:45:00+00:00,329.86,330,329.64,329.77,774
2026-04-14T19:50:00+00:00,329.77,329.82,329.02,329.21,1126
2026-04-14T19:55:00+00:00,329.21,330.52,329.21,330.29,1765
2026-04-15T13:30:00+00:00,330.29,331.36,329.58,330.11,1602
2026-04-15T13:35:00+00:00,330.11,330.22,328.52,329.05,1917
2026-04-15T13:40:00+00:00,329.05,329.46,328.64,328.64,1702
2026-04-15T13:45:00+00:00,328.64,329.63,328.64,329.14,1280
2026-04-15T13:50:00+00:00,329.14,329.81,328.8,329.71,1287
2026-04-15T13:55:00+00:00,329.71,330.2,329.68,330.17,1003
2026-04-15T14:00:00+00:00,330.17,330.95,330.12,330.41,1212
2026-04-15T14:05:00+00:00,330.41,330.6,330.08,330.22,837
2026-04-15T14:10:00+00:00,330.22,330.39,329.94,330.2,890
2026-04-15T14:15:00+00:00,330.2,330.72,330.1,330.51,977
2026-04-15T14:20:00+00:00,330.51,331.59,330.49,331.53,1117
2026-04-15T14:25:00+00:00,331.53,332.05,331.46,331.76,746
2026-04-15T14:30:00+00:00,331.76,331.85,331.12,331.23,831
2026-04-15T14:35:00+00:00,331.23,331.43,330.71,330.73,804
2026-04-15T14:40:00+00:00,330.73,331.15,330.73,331.03,745
2026-04-15T14:45:00+00:00,331.03,331.37,331.03,331.36,685
2026-04-15T14:50:00+00:00,331.36,331.53,331.18,331.32,839
2026-04-15T14:55:00+00:00,331.32,331.65,-1452.7399999999998,-1452.7399999999998,695.5870541611625
2026-04-15T15:00:00+00:00,331.09,331.18,330.43,330.57,960
2026-04-15T15:05:00+00:00,330.57,330.71,330,330.58,833
2026-04-15T15:10:00+00:00,330.58,330.78,330.38,330.47,754
2026-04-15T15:15:00+00:00,330.47,330.47,330.13,330.32,622
2026-04-15T15:20:00+00:00,330.32,330.48,330,330.09,733
2026-04-15T15:25:00+00:00,330.09,330.21,329.96,330.15,644
2026-04-15T15:30:00+00:00,330.15,330.22,329.96,330,715
2026-04-15T15:35:00+00:00,330,330.32,329.96,330.26,602
2026-04-15T15:40:00+00:00,330.26,330.68,330.18,330.53,668
2026-04-15T15:45:00+00:00,330.53,330.77,330.46,330.6,633
2026-04-15T15:50:00+00:00,330.6,330.93,330.55,330.63,571
2026-04-15T15:55:00+00:00,330.63,330.72,330.38,330.47,547
2026-04-15T16:00:00+00:00,330.47,330.66,330.27,330.53,650
2026-04-15T16:05:00+00:00,330.53,330.88,330.53,330.83,514
2026-04-15T16:10:00+00:00,330.83,331.44,330.74,331.37,431
2026-04-15T16:15:00+00:00,331.37,332.12,331.36,332.07,542
2026-04-15T16:20:00+00:00,332.07,332.17,331.8,332.04,535
2026-04-15T16:25:00+00:00,332.04,332.32,331.93,332.13,674
2026-04-15T16:30:00+00:00,332.13,332.16,331.88,332.06,630
2026-04-15T16:35:00+00:00,332.06,332.17,331.6,331.62,565
2026-04-15T16:40:00+00:00,331.62,331.76,331.25,331.53,1185
2026-04-15T16:45:00+00:00,331.53,332.08,331.11,331.97,1061
2026-04-15T16:50:00+00:00,331.97,332,331.59,331.85,698
2026-04-15T16:55:00+00:00,331.85,332.03,331.44,331.44,623
2026-04-15T17:00:00+00:00,331.44,331.62,331.22,331.54,377
2026-04-15T17:05:00+00:00,331.54,331.92,331.49,331.56,539
2026-04-15T17:10:00+00:00,331.56,331.71,331.49,331.68,352
2026-04-15T17:15:00+00:00,331.68,331.97,331.68,331.93,348
2026-04-15T17:20:00+00:00,331.93,332.02,331.77,331.99,580
2026-04-15T17:25:00+00:00,331.99,332.55,331.98,332.4,635
2026-04-15T17:30:00+00:00,332.4,332.83,332.39,332.78,597
2026-04-15T17:35:00+00:00,332.78,332.98,332.66,332.74,559
2026-04-15T17:40:00+00:00,332.74,332.75,332.31,332.49,658
2026-04-15T17:45:00+00:00,332.49,332.68,332.47,332.58,463
2026-04-15T17:50:00+00:00,332.58,332.96,332.57,332.78,614
2026-04-15T17:55:00+00:00,332.78,332.94,332.58,332.58,502
2026-04-15T18:00:00+00:00,332.58,333.02,332.3,332.7,1173
2026-04-15T18:05:00+00:00,332.7,332.98,332.63,332.82,793
2026-04-15T18:10:00+00:00,332.82,332.96,332.66,332.82,699
2026-04-15T18:15:00+00:00,332.82,333.07,332.73,332.74,557
2026-04-15T18:20:00+00:00,332.74,332.81,332.5,332.52,544
2026-04-15T18:25:00+00:00,332.52,332.67,332.36,332.44,426
2026-04-15T18:30:00+00:00,332.44,333.71,332.42,333.09,806
2026-04-15T18:35:00+00:00,333.09,333.48,333.05,333.32,797
2026-04-15T18:40:00+00:00,333.32,333.46,332.91,333.45,715
2026-04-15T18:45:00+00:00,333.45,334.1,333.38,334.05,510
2026-04-15T18:50:00+00:00,334.05,334.45,334.05,334.43,576
2026-04-15T18:55:00+00:00,334.43,334.52,334.14,334.15,518
2026-04-15T19:00:00+00:00,334.15,334.18,333.56,333.67,649
2026-04-15T19:05:00+00:00,333.67,333.89,333.62,333.73,525
2026-04-15T19:10:00+00:00,333.73,333.75,332.97,333.05,648
2026-04-15T19:15:00+00:00,333.05,333.13,332.89,333.06,558
2026-04-15T19:20:00+00:00,333.06,333.1,332.89,332.93,479
2026-04-15T19:25:00+00:00,332.93,333.08,332.88,333.01,517
2026-04-15T19:30:00+00:00,333.01,333.34,332.83,333.29,623
2026-04-15T19:35:00+00:00,333.29,333.6,333.25,333.31,733
2026-04-15T19:40:00+00:00,333.31,333.48,333.16,333.33,951
2026-04-15T19:45:00+00:00,333.33,333.62,333.23,333.46,851
2026-04-15T19:50:00+00:00,333.46,334.34,333.46,334.32,1281
2026-04-15T19:55:00+00:00,334.32,334.63,334.02,334.23,1953
2026-04-16T13:30:00+00:00,334.23,337.1,333.4,334.23,1357
2026-04-16T13:35:00+00:00,334.23,334.56,333.48,334,1852
2026-04-16T13:40:00+00:00,334,334.65,333.64,334.28,1823
2026-04-16T13:45:00+00:00,334.28,334.83,333.8,333.96,1317
2026-04-16T13:50:00+00:00,333.96,334.04,333.03,333.13,1543
2026-04-16T13:55:00+00:00,333.13,333.48,332.89,333.29,1620
2026-04-16T14:00:00+00:00,333.29,333.39,332.88,333.23,1411
2026-04-16T14:05:00+00:00,333.23,334.2,333.1,334.11,1140
2026-04-16T14:10:00+00:00,334.11,334.74,334.11,334.31,1010
2026-04-16T14:15:00+00:00,334.31,334.52,333.69,333.73,933
2026-04-16T14:20:00+00:00,333.73,333.92,333.48,333.6,1147
2026-04-16T14:25:00+00:00,333.6,333.98,333.52,333.92,1092
2026-04-16T14:30:00+00:00,333.92,334.18,333.84,333.91,1210
2026-04-16T14:35:00+00:00,333.91,334.09,333.71,334.04,994
2026-04-16T14:40:00+00:00,334.04,334.75,333.98,334.75,924
2026-04-16T14:45:00+00:00,334.75,334.96,334.46,334.74,1013
2026-04-16T14:50:00+00:00,334.74,335.13,334.6,334.65,917
2026-04-16T14:55:00+00:00,334.65,334.7,333.9,334.25,1081
2026-04-16T15:00:00+00:00,334.25,334.52,334.17,334.43,728
2026-04-16T15:05:00+00:00,334.43,335.04,334.38,334.97,747
2026-04-16T15:10:00+00:00,334.97,335.15,334.66,334.92,790
2026-04-16T15:15:00+00:00,334.92,335.28,334.74,334.74,750
2026-04-16T15:20:00+00:00,334.74,334.87,334.49,334.53,677
2026-04-16T15:25:00+00:00,334.53,334.79,333.77,333.78,843
2026-04-16T15:30:00+00:00,333.78,334.32,333.68,334.27,734
2026-04-16T15:35:00+00:00,334.27,334.73,334.09,334.2,1025
2026-04-16T15:40:00+00:00,334.2,334.39,334,334.22,923
2026-04-16T15:45:00+00:00,334.22,334.44,334.1,334.42,670
2026-04-16T15:50:00+00:00,334.42,334.69,334.2,334.32,642
2026-04-16T15:55:00+00:00,334.32,334.74,334.29,334.67,585
2026-04-16T16:00:00+00:00,334.67,335.05,334.65,335,548
2026-04-16T16:05:00+00:00,335,335.15,334.88,335.12,571
2026-04-16T16:10:00+00:00,335.12,335.53,335.09,335.5,418
2026-04-16T16:15:00+00:00,335.5,335.69,335.47,335.57,529
2026-04-16T16:20:00+00:00,335.57,335.57,335.21,335.28,618
2026-04-16T16:25:00+00:00,335.28,335.31,335.01,335.1,617
2026-04-16T16:30:00+00:00,335.1,335.21,334.13,334.58,1149
2026-04-16T16:35:00+00:00,334.58,335.08,334.46,335.02,939
2026-04-16T16:40:00+00:00,335.02,335.14,334.76,334.78,698
2026-04-16T16:45:00+00:00,334.78,335.15,334.76,335.04,653
2026-04-16T16:50:00+00:00,335.04,335.26,334.63,334.7,642
2026-04-16T16:55:00+00:00,334.7,334.89,334.63,334.71,633
2026-04-16T17:00:00+00:00,334.71,334.73,334.33,334.43,617
2026-04-16T17:05:00+00:00,334.43,334.45,334,334.25,657
2026-04-16T17:10:00+00:00,334.25,334.41,333.84,333.84,618
2026-04-16T17:15:00+00:00,333.84,333.93,333.35,333.46,819
2026-04-16T17:20:00+00:00,333.46,333.58,332.98,333.49,671
2026-04-16T17:25:00+00:00,333.49,333.56,333.12,333.19,527
2026-04-16T17:30:00+00:00,333.19,333.57,333.02,333.04,516
2026-04-16T17:35:00+00:00,333.04,333.26,332.83,333.15,518
2026-04-16T17:40:00+00:00,333.15,333.62,333.13,333.53,533
2026-04-16T17:45:00+00:00,333.53,333.74,333.34,333.48,453
2026-04-16T17:50:00+00:00,333.48,333.54,333.04,333.09,453
2026-04-16T17:55:00+00:00,333.09,333.11,332.13,332.37,995
2026-04-16T18:00:00+00:00,332.37,332.74,332.28,332.53,1131
2026-04-16T18:05:00+00:00,332.53,332.72,332.13,332.21,892
2026-04-16T18:10:00+00:00,332.21,332.64,332.13,332.41,856
2026-04-16T18:15:00+00:00,332.41,332.54,332.18,332.24,626
2026-04-16T18:20:00+00:00,332.24,332.3,331.63,331.69,570
2026-04-16T18:25:00+00:00,331.69,332.04,331.53,332.04,523
2026-04-16T18:30:00+00:00,332.04,332.64,331.93,332.5,963
2026-04-16T18:35:00+00:00,332.5,332.59,332.33,332.48,634
2026-04-16T18:40:00+00:00,332.48,332.66,332.2,332.32,567
2026-04-16T18:45:00+00:00,332.32,332.58,332.24,332.42,470
2026-04-16T18:50:00+00:00,332.42,332.45,332.22,332.23,518
2026-04-16T18:55:00+00:00,332.23,332.27,331.95,332.25,624
2026-04-16T19:00:00+00:00,332.25,332.34,331.94,332.05,640
2026-04-16T19:05:00+00:00,332.05,332.12,331.73,332,514
2026-04-16T19:10:00+00:00,332,332.13,331.75,332.06,512
2026-04-16T19:15:00+00:00,332.06,332.22,331.88,332.11,411
2026-04-16T19:20:00+00:00,332.11,332.17,331.89,331.95,385
2026-04-16T19:25:00+00:00,331.95,332.17,331.8,332.06,410
2026-04-16T19:30:00+00:00,332.06,332.51,332.05,332.49,628
2026-04-16T19:35:00+00:00,332.49,332.82,332.48,332.82,531
2026-04-16T19:40:00+00:00,332.82,332.94,332.41,332.41,562
2026-04-16T19:45:00+00:00,332.41,332.75,332.27,332.72,619
2026-04-16T19:50:00+00:00,332.72,333.05,331.96,332.66,946
2026-04-16T19:55:00+00:00,332.66,333.22,331.9,332.32,1564
2026-04-17T13:30:00+00:00,332.32,335.23,332.32,334.22,1057
2026-04-17T13:35:00+00:00,334.22,334.28,333.39,334.09,1711
2026-04-17T13:40:00+00:00,334.09,335.37,334.03,334.7,1555
2026-04-17T13:45:00+00:00,334.7,334.81,333.47,334.24,1424
2026-04-17T13:50:00+00:00,334.24,334.43,333.13,333.56,1827
2026-04-17T13:55:00+00:00,333.56,334.04,333.18,334.04,1503
2026-04-17T14:00:00+00:00,334.04,335,333.93,334.88,1184
2026-04-17T14:05:00+00:00,334.88,335.14,334.41,334.62,1045
2026-04-17T14:10:00+00:00,334.62,334.89,334.48,334.79,1132
2026-04-17T14:15:00+00:00,334.79,334.8,334.14,334.4,1107
2026-04-17T14:20:00+00:00,334.4,334.76,334.15,334.33,1033
2026-04-17T14:25:00+00:00,334.33,334.51,334.22,334.31,907
2026-04-17T14:30:00+00:00,334.31,334.95,334.3,334.93,818
2026-04-17T14:35:00+00:00,334.93,334.94,334.29,334.44,881
2026-04-17T14:40:00+00:00,334.44,334.85,334.41,334.48,960
2026-04-17T14:45:00+00:00,334.48,334.71,334.3,334.55,849
2026-04-17T14:50:00+00:00,334.55,334.87,334.48,334.62,787
2026-04-17T14:55:00+00:00,334.62,334.62,-1449.6599999999999,-1449.61,910.7642555438226
2026-04-17T15:00:00+00:00,334.21,334.46,333.79,333.9,1211
2026-04-17T15:05:00+00:00,333.9,334.28,333.79,334.07,976
2026-04-17T15:10:00+00:00,334.07,334.22,333.77,334.2,930
2026-04-17T15:15:00+00:00,334.2,334.6,334.15,334.43,902
2026-04-17T15:20:00+00:00,334.43,335.04,334.31,334.93,688
2026-04-17T15:25:00+00:00,334.93,335.4,334.79,335.38,718
2026-04-17T15:30:00+00:00,335.38,336.31,335.38,336.29,818
2026-04-17T15:35:00+00:00,336.29,336.37,335.83,336,777
2026-04-17T15:40:00+00:00,336,336.02,335.28,335.3,1048
2026-04-17T15:45:00+00:00,335.3,335.67,335.21,335.52,853
2026-04-17T15:50:00+00:00,335.52,335.8,335.41,335.47,912
2026-04-17T15:55:00+00:00,335.47,335.63,335.1,335.12,796
2026-04-17T16:00:00+00:00,335.12,335.74,335.01,335.61,1074
2026-04-17T16:05:00+00:00,335.61,336.1,335.54,335.75,941
2026-04-17T16:10:00+00:00,335.75,336.06,335.67,336,633
2026-04-17T16:15:00+00:00,336,336.3,335.79,336.13,827
2026-04-17T16:20:00+00:00,336.13,336.45,335.99,336.42,773
2026-04-17T16:25:00+00:00,336.42,336.45,336.05,336.21,645
2026-04-17T16:30:00+00:00,336.21,336.53,336.21,336.47,581
2026-04-17T16:35:00+00:00,336.47,336.98,336.46,336.87,733
2026-04-17T16:40:00+00:00,336.87,336.93,336.61,336.87,517
2026-04-17T16:45:00+00:00,336.87,337.12,336.75,336.75,450
2026-04-17T16:50:00+00:00,336.75,337.04,336.72,336.77,484
2026-04-17T16:55:00+00:00,336.77,336.83,336.51,336.63,488
2026-04-17T17:00:00+00:00,336.63,337.24,336.53,337.14,665
2026-04-17T17:05:00+00:00,337.14,337.37,336.88,337.13,718
2026-04-17T17:10:00+00:00,337.13,337.43,337.07,337.35,751
2026-04-17T17:15:00+00:00,337.35,337.56,337.19,337.27,666
2026-04-17T17:20:00+00:00,337.27,337.39,336.48,336.67,1302
2026-04-17T17:25:00+00:00,336.67,337.22,336.56,337.16,1275
2026-04-17T17:30:00+00:00,337.16,337.4,336.6,336.8,1228
2026-04-17T17:35:00+00:00,336.8,337.29,336.75,337.27,855
2026-04-17T17:40:00+00:00,337.27,337.39,337.07,337.23,787
2026-04-17T17:45:00+00:00,337.23,337.71,337.2,337.52,746
2026-04-17T17:50:00+00:00,337.52,338.11,337.5,337.99,535
2026-04-17T17:55:00+00:00,337.99,338.2,337.9,338.03,684
2026-04-17T18:00:00+00:00,338.03,338.48,337.99,338.04,785
2026-04-17T18:05:00+00:00,338.04,338.38,337.97,338,991
2026-04-17T18:10:00+00:00,338,338.3,337.83,338.02,964
2026-04-17T18:15:00+00:00,338.02,338.53,338.02,338.24,713
2026-04-17T18:20:00+00:00,338.24,338.81,338.22,338.74,915
2026-04-17T18:25:00+00:00,338.74,339.4,338.68,339.07,967
2026-04-17T18:30:00+00:00,339.07,339.7,338.99,339.6,839
2026-04-17T18:35:00+00:00,339.6,339.6,339.11,339.19,549
2026-04-17T18:40:00+00:00,339.19,339.27,338.74,338.92,359
2026-04-17T18:45:00+00:00,338.92,339.39,338.91,339.29,522
2026-04-17T18:50:00+00:00,339.29,339.39,339.04,339.38,595
2026-04-17T18:55:00+00:00,339.38,339.8,339.3,339.3,656
2026-04-17T19:00:00+00:00,339.3,339.76,339.26,339.51,568
2026-04-17T19:05:00+00:00,339.51,339.51,339.03,339.14,469
2026-04-17T19:10:00+00:00,339.14,339.22,338.9,338.94,635
2026-04-17T19:15:00+00:00,338.94,339.04,338.56,338.83,746
2026-04-17T19:20:00+00:00,338.83,339.02,338.6,338.92,584
2026-04-17T19:25:00+00:00,338.92,338.96,338.62,338.79,493
2026-04-17T19:30:00+00:00,338.79,339.21,338.79,339.06,676
2026-04-17T19:35:00+00:00,339.06,339.38,339.05,339.37,567
2026-04-17T19:40:00+00:00,339.37,339.8,339.26,339.8,680
2026-04-17T19:45:00+00:00,339.8,339.86,339.2,339.23,868
2026-04-17T19:50:00+00:00,339.23,339.43,338.6,339.23,1217
2026-04-17T19:55:00+00:00,339.23,339.46,339.08,339.08,1168
2026-04-20T13:30:00+00:00,339.08,339.08,335.28,337.43,1019
2026-04-20T13:35:00+00:00,337.43,337.88,336.6,336.8,1027
2026-04-20T13:40:00+00:00,336.8,337.03,336.1,336.8,1473
2026-04-20T13:45:00+00:00,336.8,337.2,336.19,336.34,1500
2026-04-20T13:50:00+00:00,336.34,337.51,336.28,337.33,1280
2026-04-20T13:55:00+00:00,337.33,338.03,337.32,337.96,972
2026-04-20T14:00:00+00:00,337.96,338.13,336.99,337.08,892
2026-04-20T14:05:00+00:00,337.08,337.17,336.76,337.07,964
2026-04-20T14:10:00+00:00,337.07,337.83,336.95,337.55,1019
2026-04-20T14:15:00+00:00,337.55,337.55,336.59,337.21,884
2026-04-20T14:20:00+00:00,337.21,337.49,337.2,337.49,606
2026-04-20T14:25:00+00:00,337.49,337.84,337.18,337.54,888
2026-04-20T14:30:00+00:00,337.54,337.6,337.13,337.32,1166
2026-04-20T14:35:00+00:00,337.32,337.56,337.13,337.27,1285
2026-04-20T14:40:00+00:00,337.27,337.33,336.42,336.98,1366
2026-04-20T14:45:00+00:00,336.98,337.55,336.75,337.43,1142
2026-04-20T14:50:00+00:00,337.43,337.53,336.49,336.91,1393
2026-04-20T14:55:00+00:00,336.91,336.92,336.28,336.42,1254
2026-04-20T15:00:00+00:00,336.42,336.63,334.96,335.19,1412
2026-04-20T15:05:00+00:00,335.19,335.34,334.49,335.09,1121
2026-04-20T15:10:00+00:00,335.09,335.4,334.77,335.1,822
2026-04-20T15:15:00+00:00,335.1,335.42,334.72,335.28,836
2026-04-20T15:20:00+00:00,335.28,336.31,335.18,335.98,1114
2026-04-20T15:25:00+00:00,335.98,336.87,335.89,336.72,886
2026-04-20T15:30:00+00:00,336.72,336.74,336.08,336.18,913
2026-04-20T15:35:00+00:00,336.18,336.26,335.82,335.85,684
2026-04-20T15:40:00+00:00,335.85,336.24,335.81,336.07,709
2026-04-20T15:45:00+00:00,336.07,336.46,335.94,336.27,569
2026-04-20T15:50:00+00:00,336.27,336.35,335.68,335.92,598
2026-04-20T15:55:00+00:00,335.92,336.09,335.82,336.02,510
2026-04-20T16:00:00+00:00,336.02,336.24,335.92,335.96,441
2026-04-20T16:05:00+00:00,335.96,336.57,335.92,336.48,517
2026-04-20T16:10:00+00:00,336.48,336.98,336.47,336.59,527
2026-04-20T16:15:00+00:00,336.59,336.71,336.38,336.65,486
2026-04-20T16:20:00+00:00,336.65,336.86,336.3,336.48,673
2026-04-20T16:25:00+00:00,336.48,336.6,336.32,336.43,559
2026-04-20T16:30:00+00:00,336.43,336.82,336.43,336.72,536
2026-04-20T16:35:00+00:00,336.72,336.88,336.61,336.83,519
2026-04-20T16:40:00+00:00,336.83,337.1,336.77,337.02,419
2026-04-20T16:45:00+00:00,337.02,337.11,336.73,336.84,475
2026-04-20T16:50:00+00:00,336.84,336.91,336.65,336.68,431
2026-04-20T16:55:00+00:00,336.68,336.79,336.57,336.69,408
2026-04-20T17:00:00+00:00,336.69,336.72,336.37,336.5,543
2026-04-20T17:05:00+00:00,336.5,336.5,336.27,336.3,368
2026-04-20T17:10:00+00:00,336.3,336.38,336.14,336.27,418
2026-04-20T17:15:00+00:00,336.27,336.58,336.21,336.58,454
2026-04-20T17:20:00+00:00,336.58,336.58,336.32,336.41,477
2026-04-20T17:25:00+00:00,336.41,336.42,336.01,336.09,486
2026-04-20T17:30:00+00:00,336.09,336.15,335.91,335.96,491
2026-04-20T17:35:00+00:00,335.96,336.44,335.92,336.4,629
2026-04-20T17:40:00+00:00,336.4,336.58,336.21,336.53,506
2026-04-20T17:45:00+00:00,336.53,336.68,336.48,336.66,323
2026-04-20T17:50:00+00:00,336.66,336.66,336.46,336.66,323
2026-04-20T17:55:00+00:00,336.66,336.66,336.08,336.11,413
2026-04-20T18:00:00+00:00,336.11,336.18,335.88,335.99,491
2026-04-20T18:05:00+00:00,335.99,336.36,335.97,336.35,483
2026-04-20T18:10:00+00:00,336.35,336.48,336.02,336.31,670
2026-04-20T18:15:00+00:00,336.31,336.41,336.17,336.27,376
2026-04-20T18:20:00+00:00,336.27,336.39,336.11,336.34,404
2026-04-20T18:25:00+00:00,336.34,336.38,335.9,336.15,457
2026-04-20T18:30:00+00:00,336.15,336.38,336,336.23,422
2026-04-20T18:35:00+00:00,336.23,336.28,335.99,336.16,385
2026-04-20T18:40:00+00:00,336.16,336.4,336.12,336.35,380
2026-04-20T18:45:00+00:00,336.35,336.53,336.24,336.48,391
2026-04-20T18:50:00+00:00,336.48,336.59,336.33,336.55,324
2026-04-20T18:55:00+00:00,336.55,336.6,336.13,336.19,392
2026-04-20T19:00:00+00:00,336.19,336.31,335.98,336.04,493
2026-04-20T19:05:00+00:00,336.04,336.25,336.03,336.23,305
2026-04-20T19:10:00+00:00,336.23,336.46,336.14,336.42,414
2026-04-20T19:15:00+00:00,336.42,336.48,336.3,336.34,317
2026-04-20T19:20:00+00:00,336.34,336.39,336.21,336.25,332
2026-04-20T19:25:00+00:00,336.25,336.28,336.11,336.15,392
2026-04-20T19:30:00+00:00,336.15,336.29,335.83,335.95,588
2026-04-20T19:35:00+00:00,335.95,335.97,335.74,335.83,687
2026-04-20T19:40:00+00:00,335.83,335.87,335.46,335.48,477
2026-04-20T19:45:00+00:00,335.48,335.56,335.32,335.53,558
2026-04-20T19:50:00+00:00,335.53,335.59,335.26,335.42,1060
2026-04-20T19:55:00+00:00,335.42,335.46,334.83,335.46,1384
2026-04-21T13:30:00+00:00,335.46,335.46,333.6,334.71,735
2026-04-21T13:35:00+00:00,334.71,335.19,334.23,334.73,1174
2026-04-21T13:40:00+00:00,334.73,336.97,334.62,336.6,1048
2026-04-21T13:45:00+00:00,336.6,336.95,336.17,336.19,1316
2026-04-21T13:50:00+00:00,336.19,336.8,335.77,336.09,1125
2026-04-21T13:55:00+00:00,336.09,336.6,335.9,336.58,945
2026-04-21T14:00:00+00:00,336.58,337.06,335.9,335.92,856
2026-04-21T14:05:00+00:00,335.92,336.74,335.83,336.42,771
2026-04-21T14:10:00+00:00,336.42,336.48,335.73,336.14,536
2026-04-21T14:15:00+00:00,336.14,336.71,336.06,336.24,642
2026-04-21T14:20:00+00:00,336.24,336.81,335.97,335.99,734
2026-04-21T14:25:00+00:00,335.99,336.42,335.84,336.35,643
2026-04-21T14:30:00+00:00,336.35,336.46,335.93,335.99,601
2026-04-21T14:35:00+00:00,335.99,336.07,335.25,335.25,699
2026-04-21T14:40:00+00:00,335.25,335.4,334.91,334.91,815
2026-04-21T14:45:00+00:00,334.91,335.24,334.71,335.01,1202
2026-04-21T14:50:00+00:00,335.01,335.52,334.99,335.25,717
2026-04-21T14:55:00+00:00,335.25,335.31,334.88,335,1603
2026-04-21T15:00:00+00:00,335,335.2,334.4,334.44,1915
2026-04-21T15:05:00+00:00,334.44,335.05,334.16,334.97,1771
2026-04-21T15:10:00+00:00,334.97,335.5,334.93,335.37,1439
2026-04-21T15:15:00+00:00,335.37,335.45,335.06,335.27,1300
2026-04-21T15:20:00+00:00,335.27,335.5,334.74,334.98,652
2026-04-21T15:25:00+00:00,334.98,335.14,334.74,334.96,693
2026-04-21T15:30:00+00:00,334.96,335.19,334.83,335.07,556
2026-04-21T15:35:00+00:00,335.07,335.1,334.53,334.74,793
2026-04-21T15:40:00+00:00,334.74,334.92,334.5,334.73,573
2026-04-21T15:45:00+00:00,334.73,335.09,334.48,334.9,586
2026-04-21T15:50:00+00:00,334.9,334.9,334.58,334.72,569
2026-04-21T15:55:00+00:00,334.72,334.9,334.37,334.41,546
2026-04-21T16:00:00+00:00,334.41,335.08,334.38,334.62,766
2026-04-21T16:05:00+00:00,334.62,334.69,334.23,334.25,835
2026-04-21T16:10:00+00:00,334.25,334.25,333.78,333.86,699
2026-04-21T16:15:00+00:00,333.86,334.39,333.83,334.24,570
2026-04-21T16:20:00+00:00,334.24,334.24,333.39,333.45,616
2026-04-21T16:25:00+00:00,333.45,333.52,332.92,333.03,547
2026-04-21T16:30:00+00:00,333.03,333.43,332.99,333.31,576
2026-04-21T16:35:00+00:00,333.31,333.56,332.78,332.88,569
2026-04-21T16:40:00+00:00,332.88,332.95,332.23,332.33,600
2026-04-21T16:45:00+00:00,332.33,332.89,332.33,332.7,735
2026-04-21T16:50:00+00:00,332.7,332.76,332.01,332.17,551
2026-04-21T16:55:00+00:00,332.17,332.2,331.89,331.93,525
2026-04-21T17:00:00+00:00,331.93,332.39,331.92,332.13,663
2026-04-21T17:05:00+00:00,332.13,332.16,331.36,331.61,1463
2026-04-21T17:10:00+00:00,331.61,331.62,330.93,330.94,790
2026-04-21T17:15:00+00:00,330.94,331.29,330.8,330.99,698
2026-04-21T17:20:00+00:00,330.99,331.5,330.88,331.08,755
2026-04-21T17:25:00+00:00,331.08,331.35,330.68,330.9,691
2026-04-21T17:30:00+00:00,330.9,331.21,330.88,331.09,801
2026-04-21T17:35:00+00:00,331.09,331.74,330.92,331.39,760
2026-04-21T17:40:00+00:00,331.39,332.28,331.34,331.9,868
2026-04-21T17:45:00+00:00,331.9,331.93,331.14,331.15,640
2026-04-21T17:50:00+00:00,331.15,331.45,331.08,331.26,601
2026-04-21T17:55:00+00:00,331.26,331.28,330.83,331.02,679
2026-04-21T18:00:00+00:00,331.02,331.53,331,331.05,736
2026-04-21T18:05:00+00:00,331.05,331.41,330.93,331.3,537
2026-04-21T18:10:00+00:00,331.3,331.31,330.89,331.02,530
2026-04-21T18:15:00+00:00,331.02,331.24,330.5,330.52,788
2026-04-21T18:20:00+00:00,330.52,330.86,330.47,330.48,586
2026-04-21T18:25:00+00:00,330.48,330.65,330.37,330.62,604
2026-04-21T18:30:00+00:00,330.62,331.26,330.61,331.02,594
2026-04-21T18:35:00+00:00,331.02,331.02,330.52,330.64,425
2026-04-21T18:40:00+00:00,330.64,330.87,330.5,330.75,389
2026-04-21T18:45:00+00:00,330.75,330.9,330.45,330.45,456
2026-04-21T18:50:00+00:00,330.45,331.32,330.39,331.06,633
2026-04-21T18:55:00+00:00,331.06,331.47,330.69,331.38,923
2026-04-21T19:00:00+00:00,331.38,331.65,331.29,331.49,623
2026-04-21T19:05:00+00:00,331.49,331.72,331.4,331.57,385
2026-04-21T19:10:00+00:00,331.57,331.87,331.38,331.38,498
2026-04-21T19:15:00+00:00,331.38,331.82,331.27,331.8,541
2026-04-21T19:20:00+00:00,331.8,332.21,331.73,332.14,614
2026-04-21T19:25:00+00:00,332.14,332.27,332.04,332.23,404
2026-04-21T19:30:00+00:00,332.23,332.4,332.09,332.28,296
2026-04-21T19:35:00+00:00,332.28,332.3,331.27,331.57,850
2026-04-21T19:40:00+00:00,331.57,331.62,329.76,329.98,1142
2026-04-21T19:45:00+00:00,329.98,330.63,329.81,330.31,988
2026-04-21T19:50:00+00:00,330.31,330.6,329.99,330.16,956
2026-04-21T19:55:00+00:00,330.16,330.54,329.54,330.39,1520
2026-04-22T13:30:00+00:00,330.39,334.6,330.39,333.4,962
2026-04-22T13:35:00+00:00,333.4,334.07,333.2,333.64,902
2026-04-22T13:40:00+00:00,333.64,333.98,332.81,333.81,1012
2026-04-22T13:45:00+00:00,333.81,334.02,333.18,333.91,962
2026-04-22T13:50:00+00:00,333.91,335.25,333.74,335.21,905
2026-04-22T13:55:00+00:00,335.21,335.56,334.78,335.18,715
2026-04-22T14:00:00+00:00,335.18,336.36,335.17,335.9,887
2026-04-22T14:05:00+00:00,335.9,335.96,335.25,335.49,1182
2026-04-22T14:10:00+00:00,335.49,335.64,334.68,335.02,836
2026-04-22T14:15:00+00:00,335.02,335.76,335.02,335.76,945
2026-04-22T14:20:00+00:00,335.76,335.93,335.01,335.36,821
2026-04-22T14:25:00+00:00,335.36,335.83,335.06,335.79,780
2026-04-22T14:30:00+00:00,335.79,336.52,335.38,335.47,1597
2026-04-22T14:35:00+00:00,335.47,335.83,335.16,335.34,1343
2026-04-22T14:40:00+00:00,335.34,335.63,335.19,335.35,1196
2026-04-22T14:45:00+00:00,335.35,335.47,334.93,334.97,944
2026-04-22T14:50:00+00:00,334.97,335.78,334.93,335.69,1135
2026-04-22T14:55:00+00:00,335.69,335.78,-1448.4399999999998,-1448.2099999999998,863.8929976396538
2026-04-22T15:00:00+00:00,335.57,335.73,335.28,335.46,816
2026-04-22T15:05:00+00:00,335.46,335.68,335.23,335.48,1019
2026-04-22T15:10:00+00:00,335.48,335.79,335.22,335.45,656
2026-04-22T15:15:00+00:00,335.45,335.49,335.21,335.36,539
2026-04-22T15:20:00+00:00,335.36,335.56,335.14,335.49,541
2026-04-22T15:25:00+00:00,335.49,335.55,335.2,335.23,774
2026-04-22T15:30:00+00:00,335.23,335.47,335.1,335.22,864
2026-04-22T15:35:00+00:00,335.22,335.37,335,335.23,807
2026-04-22T15:40:00+00:00,335.23,335.55,334.93,334.95,918
2026-04-22T15:45:00+00:00,334.95,335.48,334.82,335.4,1023
2026-04-22T15:50:00+00:00,335.4,335.4,335.08,335.17,986
2026-04-22T15:55:00+00:00,335.17,335.45,335.15,335.28,712
2026-04-22T16:00:00+00:00,335.28,335.49,334.94,335.33,738
2026-04-22T16:05:00+00:00,335.33,335.44,335.2,335.31,580
2026-04-22T16:10:00+00:00,335.31,336.22,335.22,335.96,675
2026-04-22T16:15:00+00:00,335.96,336.29,335.48,335.49,680
2026-04-22T16:20:00+00:00,335.49,335.92,335.38,335.47,512
2026-04-22T16:25:00+00:00,335.47,335.47,334.69,334.76,542
2026-04-22T16:30:00+00:00,334.76,334.92,334.31,334.68,1121
2026-04-22T16:35:00+00:00,334.68,335.08,334.67,334.92,1283
2026-04-22T16:40:00+00:00,334.92,335.02,334.41,334.64,1064
2026-04-22T16:45:00+00:00,334.64,334.93,334.55,334.9,715
2026-04-22T16:50:00+00:00,334.9,334.96,334.61,334.83,842
2026-04-22T16:55:00+00:00,334.83,334.89,334.61,334.67,915
2026-04-22T17:00:00+00:00,334.67,335.11,334.67,335.09,1464
2026-04-22T17:05:00+00:00,335.09,335.24,334.88,335.12,947
2026-04-22T17:10:00+00:00,335.12,335.47,334.91,335.05,1142
2026-04-22T17:15:00+00:00,335.05,335.19,334.88,334.9,822
2026-04-22T17:20:00+00:00,334.9,335.48,334.88,335.31,548
2026-04-22T17:25:00+00:00,335.31,335.31,334.92,334.95,521
2026-04-22T17:30:00+00:00,334.95,335.86,334.89,335.48,654
2026-04-22T17:35:00+00:00,335.48,335.58,335,335,500
2026-04-22T17:40:00+00:00,335,335.6,335,335.5,432
2026-04-22T17:45:00+00:00,335.5,335.61,335.18,335.33,553
2026-04-22T17:50:00+00:00,335.33,335.85,335.33,335.61,572
2026-04-22T17:55:00+00:00,335.61,335.78,335.47,335.71,413
2026-04-22T18:00:00+00:00,335.71,336.24,335.61,336.01,517
2026-04-22T18:05:00+00:00,336.01,336.49,336,336.4,537
2026-04-22T18:10:00+00:00,336.4,336.57,336.26,336.51,554
2026-04-22T18:15:00+00:00,336.51,336.53,336.16,336.46,648
2026-04-22T18:20:00+00:00,336.46,336.49,336.1,336.34,732
2026-04-22T18:25:00+00:00,336.34,336.48,336.11,336.13,435
2026-04-22T18:30:00+00:00,336.13,336.46,336.11,336.19,563
2026-04-22T18:35:00+00:00,336.19,336.44,336.03,336.36,571
2026-04-22T18:40:00+00:00,336.36,336.52,336.29,336.38,447
2026-04-22T18:45:00+00:00,336.38,336.53,336.11,336.13,484
2026-04-22T18:50:00+00:00,336.13,336.37,336.02,336.14,601
2026-04-22T18:55:00+00:00,336.14,336.23,335.96,336.06,607
2026-04-22T19:00:00+00:00,336.06,336.54,335.98,336.4,999
2026-04-22T19:05:00+00:00,336.4,336.49,336.33,336.41,487
2026-04-22T19:10:00+00:00,336.41,336.64,336.4,336.58,372
2026-04-22T19:15:00+00:00,336.58,336.86,336.46,336.76,399
2026-04-22T19:20:00+00:00,336.76,337.01,336.74,336.95,302
2026-04-22T19:25:00+00:00,336.95,337.29,336.9,337.21,348
2026-04-22T19:30:00+00:00,337.21,337.6,337.14,337.25,409
2026-04-22T19:35:00+00:00,337.25,337.36,337.07,337.09,428
2026-04-22T19:40:00+00:00,337.09,337.28,336.92,337.28,340
2026-04-22T19:45:00+00:00,337.28,337.44,337.13,337.19,436
2026-04-22T19:50:00+00:00,337.19,337.88,337.19,337.79,891
2026-04-22T19:55:00+00:00,337.79,337.9,337.24,337.65,1368
2026-04-23T13:30:00+00:00,337.65,339.78,336.91,337.99,860
2026-04-23T13:35:00+00:00,337.99,338.29,336.84,337.21,1030
2026-04-23T13:40:00+00:00,337.21,338.52,337.07,338.38,877
2026-04-23T13:45:00+00:00,338.38,338.62,337.67,338.13,1206
2026-04-23T13:50:00+00:00,338.13,338.68,337.68,338.55,1172
2026-04-23T13:55:00+00:00,338.55,338.94,338.19,338.43,1061
2026-04-23T14:00:00+00:00,338.43,338.51,337.68,337.7,1318
2026-04-23T14:05:00+00:00,337.7,338,337.19,337.75,1715
2026-04-23T14:10:00+00:00,337.75,338.18,337.5,338.1,1135
2026-04-23T14:15:00+00:00,338.1,338.59,337.71,337.82,1215
2026-04-23T14:20:00+00:00,337.82,338.16,336.98,338.06,833
2026-04-23T14:25:00+00:00,338.06,338.28,337.38,337.71,827
2026-04-23T14:30:00+00:00,337.71,338.39,337.68,338.15,781
2026-04-23T14:35:00+00:00,338.15,338.45,337.92,338.04,791
2026-04-23T14:40:00+00:00,338.04,338.29,337.63,337.92,657
2026-04-23T14:45:00+00:00,337.92,338.64,337.91,338.1,654
2026-04-23T14:50:00+00:00,338.1,338.39,337.95,338.13,587
2026-04-23T14:55:00+00:00,338.13,338.77,338.12,338.47,699
2026-04-23T15:00:00+00:00,338.47,338.97,338.47,338.64,893
2026-04-23T15:05:00+00:00,338.64,339.13,338.6,339.12,774
2026-04-23T15:10:00+00:00,339.12,339.4,338.98,339.02,642
2026-04-23T15:15:00+00:00,339.02,339.67,339,339.53,650
2026-04-23T15:20:00+00:00,339.53,340.04,339.24,339.83,621
2026-04-23T15:25:00+00:00,339.83,339.99,338.98,339.02,638
2026-04-23T15:30:00+00:00,339.02,339.2,338.75,338.81,657
2026-04-23T15:35:00+00:00,338.81,338.81,338.08,338.16,588
2026-04-23T15:40:00+00:00,338.16,338.3,338,338.11,594
2026-04-23T15:45:00+00:00,338.11,338.37,337.79,338.11,842
2026-04-23T15:50:00+00:00,338.11,338.18,337.67,337.7,532
2026-04-23T15:55:00+00:00,337.7,338.21,337.7,338.14,657
2026-04-23T16:00:00+00:00,338.14,338.58,338.08,338.21,502
2026-04-23T16:05:00+00:00,338.21,338.44,338,338.28,537
2026-04-23T16:10:00+00:00,338.28,338.81,338.22,338.77,524
2026-04-23T16:15:00+00:00,338.77,338.81,338.51,338.58,398
2026-04-23T16:20:00+00:00,338.58,338.7,338.2,338.63,425
2026-04-23T16:25:00+00:00,338.63,339,338.61,338.85,380
2026-04-23T16:30:00+00:00,338.85,338.9,338.68,338.81,364
2026-04-23T16:35:00+00:00,338.81,339.01,338.71,338.8,426
2026-04-23T16:40:00+00:00,338.8,338.88,338.32,338.36,345
2026-04-23T16:45:00+00:00,338.36,338.83,338.33,338.77,450
2026-04-23T16:50:00+00:00,338.77,338.85,338.49,338.55,295
2026-04-23T16:55:00+00:00,338.55,338.72,338.39,338.57,364
2026-04-23T17:00:00+00:00,338.57,338.86,337.88,337.96,1055
2026-04-23T17:05:00+00:00,337.96,338.11,337.53,337.55,1110
2026-04-23T17:10:00+00:00,337.55,337.75,337.23,337.57,1116
2026-04-23T17:15:00+00:00,337.57,337.6,336.78,337.05,1223
2026-04-23T17:20:00+00:00,337.05,337.3,336.46,336.99,1390
2026-04-23T17:25:00+00:00,336.99,337.4,336.32,336.33,1309
2026-04-23T17:30:00+00:00,336.33,337.31,336.16,337.31,1186
2026-04-23T17:35:00+00:00,337.31,337.47,336.57,336.84,1539
2026-04-23T17:40:00+00:00,336.84,336.84,335.69,335.92,1456
2026-04-23T17:45:00+00:00,335.92,336.21,334.93,336.17,1474
2026-04-23T17:50:00+00:00,336.17,337.83,335.69,337.4,1729
2026-04-23T17:55:00+00:00,337.4,338.15,337.16,337.9,991
2026-04-23T18:00:00+00:00,337.9,338.57,337.66,338.46,885
2026-04-23T18:05:00+00:00,338.46,338.97,338.33,338.6,654
2026-04-23T18:10:00+00:00,338.6,339.16,338.6,338.78,841
2026-04-23T18:15:00+00:00,338.78,339.09,338.6,338.87,743
2026-04-23T18:20:00+00:00,338.87,339.23,338.73,339.13,897
2026-04-23T18:25:00+00:00,339.13,339.26,338.99,339.17,545
2026-04-23T18:30:00+00:00,339.17,339.42,339.11,339.25,669
2026-04-23T18:35:00+00:00,339.25,339.53,339.22,339.35,537
2026-04-23T18:40:00+00:00,339.35,339.41,338.78,339.05,592
2026-04-23T18:45:00+00:00,339.05,339.14,338.77,338.8,591
2026-04-23T18:50:00+00:00,338.8,338.91,338.68,338.78,537
2026-04-23T18:55:00+00:00,338.78,338.89,337.92,338,483
2026-04-23T19:00:00+00:00,338,338.16,337.53,337.65,878
2026-04-23T19:05:00+00:00,337.65,338.05,337.55,337.76,609
2026-04-23T19:10:00+00:00,337.76,338.03,337.6,337.89,561
2026-04-23T19:15:00+00:00,337.89,338.25,337.89,337.96,506
2026-04-23T19:20:00+00:00,337.96,338.06,337.78,337.91,408
2026-04-23T19:25:00+00:00,337.91,338.13,337.85,338.04,426
2026-04-23T19:30:00+00:00,338.04,338.54,337.82,337.89,600
2026-04-23T19:35:00+00:00,337.89,337.96,337.62,337.91,669
2026-04-23T19:40:00+00:00,337.91,338.16,337.68,337.81,688
2026-04-23T19:45:00+00:00,337.81,338.03,337.78,337.97,660
2026-04-23T19:50:00+00:00,337.97,338.12,336.89,337.61,1075
2026-04-23T19:55:00+00:00,337.61,337.87,337.34,337.83,1175
2026-04-24T13:30:00+00:00,337.83,337.83,334.52,334.52,1092
2026-04-24T13:35:00+00:00,334.52,336.58,333.9,336.48,1085
2026-04-24T13:40:00+00:00,336.48,337.06,336.35,336.45,888
2026-04-24T13:45:00+00:00,336.45,337.58,335.76,337.53,1233
2026-04-24T13:50:00+00:00,337.53,337.85,337.1,337.27,1046
2026-04-24T13:55:00+00:00,337.27,337.7,336.88,336.95,1019
2026-04-24T14:00:00+00:00,336.95,337.48,336.56,337.33,1490
2026-04-24T14:05:00+00:00,337.33,337.62,336.91,337.25,1126
2026-04-24T14:10:00+00:00,337.25,337.8,337.23,337.36,1193
2026-04-24T14:15:00+00:00,337.36,337.59,336.44,337.05,1068
2026-04-24T14:20:00+00:00,337.05,337.69,336.83,337.52,886
2026-04-24T14:25:00+00:00,337.52,337.52,336.46,336.49,1086
2026-04-24T14:30:00+00:00,336.49,336.83,335.99,336.13,1169
2026-04-24T14:35:00+00:00,336.13,336.16,335.68,335.7,989
2026-04-24T14:40:00+00:00,335.7,335.87,335.4,335.59,909
2026-04-24T14:45:00+00:00,335.59,335.89,335.36,335.89,914
2026-04-24T14:50:00+00:00,335.89,336.03,335.63,335.77,834
2026-04-24T14:55:00+00:00,335.77,336.3,-1448.04,-1447.9699999999998,878.4995415848068
2026-04-24T15:00:00+00:00,335.86,336.02,335.53,335.71,783
2026-04-24T15:05:00+00:00,335.71,335.84,335.12,335.39,854
2026-04-24T15:10:00+00:00,335.39,336.02,335.35,335.95,708
2026-04-24T15:15:00+00:00,335.95,336.57,335.79,336.46,736
2026-04-24T15:20:00+00:00,336.46,337.94,336.46,337.83,891
2026-04-24T15:25:00+00:00,337.83,339.07,337.81,338.57,1044
2026-04-24T15:30:00+00:00,338.57,339.08,338.55,338.7,803
2026-04-24T15:35:00+00:00,338.7,339.02,338.12,338.68,853
2026-04-24T15:40:00+00:00,338.68,339.53,338.41,339.3,823
2026-04-24T15:45:00+00:00,339.3,339.82,338.84,339.81,1403
2026-04-24T15:50:00+00:00,339.81,342.2,339.79,341.35,1768
2026-04-24T15:55:00+00:00,341.35,342.2,340.74,341.4,1146
2026-04-24T16:00:00+00:00,341.4,343.5,341.21,343.46,1207
2026-04-24T16:05:00+00:00,343.46,343.56,341.47,341.49,915
2026-04-24T16:10:00+00:00,341.49,341.7,340.99,341.01,793
2026-04-24T16:15:00+00:00,341.01,341.66,340.54,341.48,658
2026-04-24T16:20:00+00:00,341.48,341.72,341.3,341.46,453
2026-04-24T16:25:00+00:00,341.46,341.85,341.39,341.55,380
2026-04-24T16:30:00+00:00,341.55,342.29,341.53,342,507
2026-04-24T16:35:00+00:00,342,342.11,341.53,341.6,334
2026-04-24T16:40:00+00:00,341.6,341.77,341.25,341.69,387
2026-04-24T16:45:00+00:00,341.69,341.78,341.06,341.28,522
2026-04-24T16:50:00+00:00,341.28,341.68,341.09,341.49,503
2026-04-24T16:55:00+00:00,341.49,341.92,341.46,341.69,634
2026-04-24T17:00:00+00:00,341.69,342.12,341.68,342.04,574
2026-04-24T17:05:00+00:00,342.04,342.29,341.88,342.02,530
2026-04-24T17:10:00+00:00,342.02,342.13,341.49,341.62,545
2026-04-24T17:15:00+00:00,341.62,341.62,341.4,341.42,397
2026-04-24T17:20:00+00:00,341.42,341.48,340.99,341.32,500
2026-04-24T17:25:00+00:00,341.32,341.35,340.92,340.98,556
2026-04-24T17:30:00+00:00,340.98,341.04,340.73,340.87,589
2026-04-24T17:35:00+00:00,340.87,341.31,340.66,340.7,473
2026-04-24T17:40:00+00:00,340.7,340.9,340.51,340.77,499
2026-04-24T17:45:00+00:00,340.77,341.02,340.69,340.9,408
2026-04-24T17:50:00+00:00,340.9,341.65,340.85,341.33,624
2026-04-24T17:55:00+00:00,341.33,341.53,341.27,341.34,479
2026-04-24T18:00:00+00:00,341.34,341.86,341.26,341.85,509
2026-04-24T18:05:00+00:00,341.85,342.11,341.63,342.07,480
2026-04-24T18:10:00+00:00,342.07,342.19,341.53,341.82,417
2026-04-24T18:15:00+00:00,341.82,341.87,341.45,341.5,336
2026-04-24T18:20:00+00:00,341.5,341.61,341.3,341.53,459
2026-04-24T18:25:00+00:00,341.53,341.94,341.38,341.49,541
2026-04-24T18:30:00+00:00,341.49,341.93,341.39,341.76,393
2026-04-24T18:35:00+00:00,341.76,341.9,341.62,341.8,493
2026-04-24T18:40:00+00:00,341.8,342.09,341.73,342.03,479
2026-04-24T18:45:00+00:00,342.03,342.03,341.76,341.82,401
2026-04-24T18:50:00+00:00,341.82,341.9,341.61,341.75,576
2026-04-24T18:55:00+00:00,341.75,341.92,341.5,341.74,457
2026-04-24T19:00:00+00:00,341.74,342.12,341.66,342.07,517
2026-04-24T19:05:00+00:00,342.07,342.15,341.89,342.13,459
2026-04-24T19:10:00+00:00,342.13,342.34,342,342.07,533
2026-04-24T19:15:00+00:00,342.07,342.33,341.99,342.23,651
2026-04-24T19:20:00+00:00,342.23,342.34,341.94,342.05,633
2026-04-24T19:25:00+00:00,342.05,342.16,341.88,342.11,503
2026-04-24T19:30:00+00:00,342.11,342.62,342.01,342.58,613
2026-04-24T19:35:00+00:00,342.58,342.6,341.94,342.07,594
2026-04-24T19:40:00+00:00,342.07,342.33,342,342.32,550
2026-04-24T19:45:00+00:00,342.32,342.54,342.09,342.34,746
2026-04-24T19:50:00+00:00,342.34,342.8,342.34,342.76,1004
2026-04-24T19:55:00+00:00,342.76,342.79,341.86,342.07,1161
2026-04-27T13:30:00+00:00,342.07,345.18,340.67,340.67,1012
2026-04-27T13:35:00+00:00,340.67,342.67,340.67,342.47,1030
2026-04-27T13:40:00+00:00,342.47,344.27,342.23,343.87,1223
2026-04-27T13:45:00+00:00,343.87,345.22,343.85,343.97,1641
2026-04-27T13:50:00+00:00,343.97,345.21,342.61,345.09,1391
2026-04-27T13:55:00+00:00,345.09,346.74,345.09,346.43,1160
2026-04-27T14:00:00+00:00,346.43,347.84,346.3,347.3,1248
2026-04-27T14:05:00+00:00,347.3,348.22,346.71,348.12,952
2026-04-27T14:10:00+00:00,348.12,348.37,346.48,346.57,1282
2026-04-27T14:15:00+00:00,346.57,346.81,345.93,346.38,1016
2026-04-27T14:20:00+00:00,346.38,348.08,346.37,348.03,1208
2026-04-27T14:25:00+00:00,348.03,348.57,347.63,348.4,1060
2026-04-27T14:30:00+00:00,348.4,348.58,347.49,347.79,1009
2026-04-27T14:35:00+00:00,347.79,349.23,347.71,349.2,943
2026-04-27T14:40:00+00:00,349.2,349.41,348.27,348.72,879
2026-04-27T14:45:00+00:00,348.72,348.75,348.18,348.27,727
2026-04-27T14:50:00+00:00,348.27,348.58,348.02,348.29,629
2026-04-27T14:55:00+00:00,348.29,349.21,348.29,348.8,749
2026-04-27T15:00:00+00:00,348.8,348.93,347.73,347.83,826
2026-04-27T15:05:00+00:00,347.83,348.86,347.68,348.61,798
2026-04-27T15:10:00+00:00,348.61,348.99,348.48,348.73,750
2026-04-27T15:15:00+00:00,348.73,349.19,348.66,348.88,745
2026-04-27T15:20:00+00:00,348.88,349.31,347.96,347.98,782
2026-04-27T15:25:00+00:00,347.98,348.49,347.84,348.1,651
2026-04-27T15:30:00+00:00,348.1,348.76,348.1,348.64,612
2026-04-27T15:35:00+00:00,348.64,348.75,348.38,348.54,552
2026-04-27T15:40:00+00:00,348.54,348.89,348.28,348.3,709
2026-04-27T15:45:00+00:00,348.3,348.35,347.78,347.83,699
2026-04-27T15:50:00+00:00,347.83,348.21,347.77,348.21,602
2026-04-27T15:55:00+00:00,348.21,349.3,348.2,349.24,620
2026-04-27T16:00:00+00:00,349.24,349.52,349.05,349.29,683
2026-04-27T16:05:00+00:00,349.29,349.35,348.74,348.76,583
2026-04-27T16:10:00+00:00,348.76,349.32,348.74,349.23,598
2026-04-27T16:15:00+00:00,349.23,349.3,348.88,348.95,527
2026-04-27T16:20:00+00:00,348.95,349.14,348.76,348.95,318
2026-04-27T16:25:00+00:00,348.95,349.42,348.95,349.27,365
2026-04-27T16:30:00+00:00,349.27,349.72,349.27,349.69,479
2026-04-27T16:35:00+00:00,349.69,349.7,349.38,349.5,443
2026-04-27T16:40:00+00:00,349.5,349.79,349.26,349.76,431
2026-04-27T16:45:00+00:00,349.76,349.98,349.47,349.92,449
2026-04-27T16:50:00+00:00,349.92,350.05,349.6,349.63,466
2026-04-27T16:55:00+00:00,349.63,349.63,349.08,349.23,619
2026-04-27T17:00:00+00:00,349.23,349.61,349.14,349.19,524
2026-04-27T17:05:00+00:00,349.19,349.51,349.12,349.49,501
2026-04-27T17:10:00+00:00,349.49,349.89,349.39,349.79,446
2026-04-27T17:15:00+00:00,349.79,349.91,349.43,349.47,457
2026-04-27T17:20:00+00:00,349.47,349.85,349.39,349.62,635
2026-04-27T17:25:00+00:00,349.62,349.92,349.62,349.82,594
2026-04-27T17:30:00+00:00,349.82,350.26,349.78,350.14,532
2026-04-27T17:35:00+00:00,350.14,350.24,349.92,350.11,408
2026-04-27T17:40:00+00:00,350.11,350.61,349.9,350.54,395
2026-04-27T17:45:00+00:00,350.54,350.65,350.29,350.4,422
2026-04-27T17:50:00+00:00,350.4,350.64,350.36,350.49,469
2026-04-27T17:55:00+00:00,350.49,350.76,350.4,350.69,362
2026-04-27T18:00:00+00:00,350.69,350.74,350.38,350.45,376
2026-04-27T18:05:00+00:00,350.45,350.61,350.37,350.55,337
2026-04-27T18:10:00+00:00,350.55,350.66,350.25,350.44,344
2026-04-27T18:15:00+00:00,350.44,350.6,350.36,350.38,339
2026-04-27T18:20:00+00:00,350.38,350.42,350.11,350.19,362
2026-04-27T18:25:00+00:00,350.19,350.26,349.91,350.2,395
2026-04-27T18:30:00+00:00,350.2,350.39,350.12,350.23,328
2026-04-27T18:35:00+00:00,350.23,350.26,349.79,350.08,485
2026-04-27T18:40:00+00:00,350.08,350.39,349.88,350.11,539
2026-04-27T18:45:00+00:00,350.11,350.49,350.03,350.42,433
2026-04-27T18:50:00+00:00,350.42,350.51,349.78,349.81,418
2026-04-27T18:55:00+00:00,349.81,350.02,349.58,349.95,513
2026-04-27T19:00:00+00:00,349.95,350.21,349.89,350.14,378
2026-04-27T19:05:00+00:00,350.14,350.31,349.75,349.77,349
2026-04-27T19:10:00+00:00,349.77,350.01,349.68,349.93,326
2026-04-27T19:15:00+00:00,349.93,350.03,349.58,349.59,338
2026-04-27T19:20:00+00:00,349.59,349.76,349.5,349.65,328
2026-04-27T19:25:00+00:00,349.65,350.02,349.5,349.97,509
2026-04-27T19:30:00+00:00,349.97,350.44,349.89,349.94,527
2026-04-27T19:35:00+00:00,349.94,349.97,348.99,349.37,498
2026-04-27T19:40:00+00:00,349.37,349.49,349.21,349.42,420
2026-04-27T19:45:00+00:00,349.42,349.52,348.99,349.07,615
2026-04-27T19:50:00+00:00,349.07,349.34,348.4,348.69,956
2026-04-27T19:55:00+00:00,348.69,348.72,348.17,348.52,1128
2026-04-28T13:30:00+00:00,348.52,348.52,344.03,344.07,1117
2026-04-28T13:35:00+00:00,344.07,347.32,344.03,346.8,1279
2026-04-28T13:40:00+00:00,346.8,347.23,345.97,346.01,1406
2026-04-28T13:45:00+00:00,346.01,346.93,345.44,346.82,1456
2026-04-28T13:50:00+00:00,346.82,347.2,345.91,345.94,1340
2026-04-28T13:55:00+00:00,345.94,346.46,345.04,346.4,1152
2026-04-28T14:00:00+00:00,346.4,347.19,346.37,346.78,1197
2026-04-28T14:05:00+00:00,346.78,348.15,346.75,347.7,1109
2026-04-28T14:10:00+00:00,347.7,347.79,346.94,347.66,977
2026-04-28T14:15:00+00:00,347.66,349.16,347.65,349.09,1232
2026-04-28T14:20:00+00:00,349.09,349.69,348.6,348.91,1085
2026-04-28T14:25:00+00:00,348.91,349.25,348.16,349.25,1005
2026-04-28T14:30:00+00:00,349.25,349.55,348.49,349.47,1040
2026-04-28T14:35:00+00:00,349.47,349.55,348.17,348.39,1231
2026-04-28T14:40:00+00:00,348.39,349.76,348.06,349.6,1073
2026-04-28T14:45:00+00:00,349.6,349.6,348.61,348.77,1120
2026-04-28T14:50:00+00:00,348.77,349.27,348.08,348.37,1203
2026-04-28T14:55:00+00:00,348.37,348.4,347.49,348.26,1208
2026-04-28T15:00:00+00:00,348.26,348.64,347.92,348.02,983
2026-04-28T15:05:00+00:00,348.02,348.47,347.44,347.65,932
2026-04-28T15:10:00+00:00,347.65,348.85,347.58,348.71,1227
2026-04-28T15:15:00+00:00,348.71,348.97,348.35,348.5,1189
2026-04-28T15:20:00+00:00,348.5,348.53,348.02,348.2,1582
2026-04-28T15:25:00+00:00,348.2,348.52,348.02,348.34,1058
2026-04-28T15:30:00+00:00,348.34,348.52,347.78,347.83,1120
2026-04-28T15:35:00+00:00,347.83,347.89,347.41,347.54,1000
2026-04-28T15:40:00+00:00,347.54,347.97,347.43,347.52,642
2026-04-28T15:45:00+00:00,347.52,347.73,347.01,347.24,773
2026-04-28T15:50:00+00:00,347.24,347.43,346.8,346.9,786
2026-04-28T15:55:00+00:00,346.9,346.95,346.54,346.7,781
2026-04-28T16:00:00+00:00,346.7,346.82,346.18,346.39,797
2026-04-28T16:05:00+00:00,346.39,346.62,346.14,346.34,655
2026-04-28T16:10:00+00:00,346.34,346.49,345.91,346.3,600
2026-04-28T16:15:00+00:00,346.3,347.01,346,347.01,682
2026-04-28T16:20:00+00:00,347.01,347.08,346.55,346.81,509
2026-04-28T16:25:00+00:00,346.81,347.08,346.63,346.76,513
2026-04-28T16:30:00+00:00,346.76,347.1,346.31,346.35,534
2026-04-28T16:35:00+00:00,346.35,346.92,346.3,346.9,639
2026-04-28T16:40:00+00:00,346.9,347.05,346.7,346.76,487
2026-04-28T16:45:00+00:00,346.76,347.2,346.72,346.74,539
2026-04-28T16:50:00+00:00,346.74,347.33,346.72,347.14,675
2026-04-28T16:55:00+00:00,347.14,347.27,346.96,347.03,512
2026-04-28T17:00:00+00:00,347.03,347.13,345.93,346.12,663
2026-04-28T17:05:00+00:00,346.12,346.45,345.88,346.38,635
2026-04-28T17:10:00+00:00,346.38,346.49,346.07,346.37,631
2026-04-28T17:15:00+00:00,346.37,346.45,346.04,346.2,420
2026-04-28T17:20:00+00:00,346.2,346.36,345.88,346.36,547
2026-04-28T17:25:00+00:00,346.36,346.72,346.33,346.47,410
2026-04-28T17:30:00+00:00,346.47,346.9,346.38,346.44,445
2026-04-28T17:35:00+00:00,346.44,346.68,346.44,346.56,426
2026-04-28T17:40:00+00:00,346.56,346.85,346.45,346.51,384
2026-04-28T17:45:00+00:00,346.51,346.85,346.43,346.75,396
2026-04-28T17:50:00+00:00,346.75,347,346.68,346.75,451
2026-04-28T17:55:00+00:00,346.75,346.76,346.38,346.68,428
2026-04-28T18:00:00+00:00,346.68,346.98,346.67,346.85,421
2026-04-28T18:05:00+00:00,346.85,347.29,346.83,347.22,437
2026-04-28T18:10:00+00:00,347.22,347.3,346.99,347.12,360
2026-04-28T18:15:00+00:00,347.12,347.63,347.12,347.53,348
2026-04-28T18:20:00+00:00,347.53,347.59,347.28,347.35,513
2026-04-28T18:25:00+00:00,347.35,347.56,347.28,347.5,318
2026-04-28T18:30:00+00:00,347.5,347.5,347.05,347.16,417
2026-04-28T18:35:00+00:00,347.16,347.24,347.02,347.1,359
2026-04-28T18:40:00+00:00,347.1,347.24,346.99,347.09,373
2026-04-28T18:45:00+00:00,347.09,347.31,347.06,347.18,289
2026-04-28T18:50:00+00:00,347.18,347.5,347.06,347.47,324
2026-04-28T18:55:00+00:00,347.47,347.47,347.21,347.43,338
2026-04-28T19:00:00+00:00,347.43,347.73,347.28,347.72,374
2026-04-28T19:05:00+00:00,347.72,347.92,347.47,347.89,426
2026-04-28T19:10:00+00:00,347.89,348.11,347.83,347.91,424
2026-04-28T19:15:00+00:00,347.91,347.91,347.56,347.7,459
2026-04-28T19:20:00+00:00,347.7,347.84,347.31,347.48,419
2026-04-28T19:25:00+00:00,347.48,347.55,347.28,347.53,406
2026-04-28T19:30:00+00:00,347.53,347.59,347.37,347.41,487
2026-04-28T19:35:00+00:00,347.41,347.93,347.37,347.92,512
2026-04-28T19:40:00+00:00,347.92,348.22,347.88,347.93,419
2026-04-28T19:45:00+00:00,347.93,348.15,347.87,347.89,407
2026-04-28T19:50:00+00:00,347.89,348.48,347.19,347.35,808
2026-04-28T19:55:00+00:00,347.35,347.48,346.89,347.36,1134
2026-04-29T13:30:00+00:00,347.36,347.36,342.23,344.02,1253
2026-04-29T13:35:00+00:00,344.02,345.89,343.66,345.63,1184
2026-04-29T13:40:00+00:00,345.63,346.85,345.61,346.72,1215
2026-04-29T13:45:00+00:00,346.72,348.55,346.13,348.03,1706
2026-04-29T13:50:00+00:00,348.03,349.2,347.94,348.85,1053
2026-04-29T13:55:00+00:00,348.85,349.62,348.36,349.62,961
2026-04-29T14:00:00+00:00,349.62,349.85,348.44,349.23,1015
2026-04-29T14:05:00+00:00,349.23,349.23,348.41,348.71,1046
2026-04-29T14:10:00+00:00,348.71,350.13,348.62,349.72,1028
2026-04-29T14:15:00+00:00,349.72,349.96,349.1,349.85,849
2026-04-29T14:20:00+00:00,349.85,350.4,349.68,350.38,1041
2026-04-29T14:25:00+00:00,350.38,351.29,350.37,351.19,976
2026-04-29T14:30:00+00:00,351.19,352.79,350.63,352.66,1224
2026-04-29T14:35:00+00:00,352.66,353.26,352.42,352.47,1202
2026-04-29T14:40:00+00:00,352.47,352.88,351.63,352.72,1220
2026-04-29T14:45:00+00:00,352.72,352.75,351.36,351.45,1020
2026-04-29T14:50:00+00:00,351.45,351.7,350.56,350.73,1021
2026-04-29T14:55:00+00:00,350.73,350.83,-1434.1899999999998,-1434.1799999999998,942.867484497169
2026-04-29T15:00:00+00:00,349.65,350.59,349.63,350.5,916
2026-04-29T15:05:00+00:00,350.5,350.8,349.64,349.65,785
2026-04-29T15:10:00+00:00,349.65,349.91,349.14,349.19,1007
2026-04-29T15:15:00+00:00,349.19,349.65,349.07,349.36,932
2026-04-29T15:20:00+00:00,349.36,349.49,348.89,349.08,811
2026-04-29T15:25:00+00:00,349.08,349.6,348.97,349.3,905
2026-04-29T15:30:00+00:00,349.3,349.96,349.27,349.93,1137
2026-04-29T15:35:00+00:00,349.93,350.3,349.73,349.75,998
2026-04-29T15:40:00+00:00,349.75,349.91,349.3,349.33,971
2026-04-29T15:45:00+00:00,349.33,349.75,349.19,349.49,1022
2026-04-29T15:50:00+00:00,349.49,349.6,348.18,348.62,1651
2026-04-29T15:55:00+00:00,348.62,348.85,348.29,348.75,1492
2026-04-29T16:00:00+00:00,348.75,348.8,348,348.09,1093
2026-04-29T16:05:00+00:00,348.09,348.17,347.69,347.89,951
2026-04-29T16:10:00+00:00,347.89,348.11,347.73,348.04,744
2026-04-29T16:15:00+00:00,348.04,348.2,347.62,347.63,711
2026-04-29T16:20:00+00:00,347.63,347.83,347.3,347.5,810
2026-04-29T16:25:00+00:00,347.5,347.56,346.8,347.05,695
2026-04-29T16:30:00+00:00,347.05,347.05,346.03,346.14,1012
2026-04-29T16:35:00+00:00,346.14,346.27,345.51,346.03,920
2026-04-29T16:40:00+00:00,346.03,346.47,346.03,346.31,665
2026-04-29T16:45:00+00:00,346.31,346.49,345.93,346.12,762
2026-04-29T16:50:00+00:00,346.12,346.48,346.04,346.09,673
2026-04-29T16:55:00+00:00,346.09,346.26,345.69,345.88,605
2026-04-29T17:00:00+00:00,345.88,346.03,345.39,345.77,753
2026-04-29T17:05:00+00:00,345.77,346.33,345.7,346.3,775
2026-04-29T17:10:00+00:00,346.3,346.44,346.05,346.27,651
2026-04-29T17:15:00+00:00,346.27,346.82,346.13,346.65,664
2026-04-29T17:20:00+00:00,346.65,347.25,346.58,347.1,943
2026-04-29T17:25:00+00:00,347.1,347.15,346.88,347.12,650
2026-04-29T17:30:00+00:00,347.12,347.35,346.98,347.23,821
2026-04-29T17:35:00+00:00,347.23,347.3,346.94,347.09,704
2026-04-29T17:40:00+00:00,347.09,347.31,346.94,347.28,546
2026-04-29T17:45:00+00:00,347.28,347.35,346.88,347.25,802
2026-04-29T17:50:00+00:00,347.25,347.39,346.88,347.1,772
2026-04-29T17:55:00+00:00,347.1,347.41,346.97,347.26,650
2026-04-29T18:00:00+00:00,347.26,347.3,346.49,346.54,1390
2026-04-29T18:05:00+00:00,346.54,346.69,346.23,346.59,923
2026-04-29T18:10:00+00:00,346.59,347.29,346.38,347.19,1042
2026-04-29T18:15:00+00:00,347.19,347.95,347.13,347.6,1069
2026-04-29T18:20:00+00:00,347.6,347.96,347.34,347.41,791
2026-04-29T18:25:00+00:00,347.41,347.41,346.95,347.07,842
2026-04-29T18:30:00+00:00,347.07,347.2,346.63,347.09,1288
2026-04-29T18:35:00+00:00,347.09,347.96,347.07,347.46,2173
2026-04-29T18:40:00+00:00,347.46,347.51,346.91,347.09,950
2026-04-29T18:45:00+00:00,347.09,347.85,346.89,347.82,1182
2026-04-29T18:50:00+00:00,347.82,348.4,347.81,348.01,955
2026-04-29T18:55:00+00:00,348.01,349.07,347.96,348.97,838
2026-04-29T19:00:00+00:00,348.97,349.24,348.65,348.69,1012
2026-04-29T19:05:00+00:00,348.69,348.77,348.45,348.56,773
2026-04-29T19:10:00+00:00,348.56,349.11,348.39,348.88,1004
2026-04-29T19:15:00+00:00,348.88,349.26,348.87,349.01,763
2026-04-29T19:20:00+00:00,349.01,349.39,348.69,349.12,981
2026-04-29T19:25:00+00:00,349.12,349.23,348.71,348.85,799
2026-04-29T19:30:00+00:00,348.85,349,348.29,348.49,1104
2026-04-29T19:35:00+00:00,348.49,348.87,348.33,348.72,965
2026-04-29T19:40:00+00:00,348.72,348.78,347.96,348.08,783
2026-04-29T19:45:00+00:00,348.08,348.48,347.93,347.97,879
2026-04-29T19:50:00+00:00,347.97,348.03,347.54,347.59,1375
2026-04-29T19:55:00+00:00,347.59,348.11,346.3,347.94,2112
2026-04-30T13:30:00+00:00,347.94,374.01,347.94,369.22,2837
2026-04-30T13:35:00+00:00,369.22,370.88,366.25,366.57,2433
2026-04-30T13:40:00+00:00,366.57,366.59,363.57,366.3,1922
2026-04-30T13:45:00+00:00,366.3,368.91,365.3,368.21,1851
2026-04-30T13:50:00+00:00,368.21,369.61,365.88,366.04,1765
2026-04-30T13:55:00+00:00,366.04,367.55,365.15,367,1438
2026-04-30T14:00:00+00:00,367,368.32,365.9,368.06,1514
2026-04-30T14:05:00+00:00,368.06,368.55,366.88,367.71,1164
2026-04-30T14:10:00+00:00,367.71,367.89,365.89,367.36,1343
2026-04-30T14:15:00+00:00,367.36,368.04,365.35,365.35,1561
2026-04-30T14:20:00+00:00,365.35,366.82,365.25,365.99,1063
2026-04-30T14:25:00+00:00,365.99,366.14,364.91,365.9,985
2026-04-30T14:30:00+00:00,365.9,366.26,363.8,363.86,1049
2026-04-30T14:35:00+00:00,363.86,364.86,362.95,363.03,1155
2026-04-30T14:40:00+00:00,363.03,365.07,362.97,365.07,1100
2026-04-30T14:45:00+00:00,365.07,366.85,364.71,365.33,980
2026-04-30T14:50:00+00:00,365.33,367.23,365.3,367.13,943
2026-04-30T14:55:00+00:00,367.13,369.74,367.13,369.1,1062
2026-04-30T15:00:00+00:00,369.1,370.87,369.06,370.53,1057
2026-04-30T15:05:00+00:00,370.53,372.73,369.78,372.46,1101
2026-04-30T15:10:00+00:00,372.46,374.67,371.89,374.54,1301
2026-04-30T15:15:00+00:00,374.54,375,373.27,373.86,1249
2026-04-30T15:20:00+00:00,373.86,374.03,372.21,373.41,1269
2026-04-30T15:25:00+00:00,373.41,374.25,372.38,372.52,1126
2026-04-30T15:30:00+00:00,372.52,373.64,372.21,372.58,1018
2026-04-30T15:35:00+00:00,372.58,373.19,371,371.5,990
2026-04-30T15:40:00+00:00,371.5,371.5,370.61,370.77,773
2026-04-30T15:45:00+00:00,370.77,371.06,369.89,370.9,704
2026-04-30T15:50:00+00:00,370.9,371.78,370.9,371.48,1199
2026-04-30T15:55:00+00:00,371.48,372.16,370.89,371.15,950
2026-04-30T16:00:00+00:00,371.15,371.39,370.38,370.85,687
2026-04-30T16:05:00+00:00,370.85,371.87,370.83,371,658
2026-04-30T16:10:00+00:00,371,373.28,370.96,373.24,672
2026-04-30T16:15:00+00:00,373.24,374.52,372.76,374.28,660
2026-04-30T16:20:00+00:00,374.28,374.69,372.38,372.41,740
2026-04-30T16:25:00+00:00,372.41,373.08,372.38,373.06,544
2026-04-30T16:30:00+00:00,373.06,374.2,373.06,373.87,610
2026-04-30T16:35:00+00:00,373.87,374.39,373.46,373.53,453
2026-04-30T16:40:00+00:00,373.53,373.97,373.41,373.43,501
2026-04-30T16:45:00+00:00,373.43,374.76,373.35,374.27,604
2026-04-30T16:50:00+00:00,374.27,374.72,374.18,374.48,522
2026-04-30T16:55:00+00:00,374.48,374.88,374.03,374.45,515
2026-04-30T17:00:00+00:00,374.45,377.37,374.38,376.97,980
2026-04-30T17:05:00+00:00,376.97,378.15,376.72,377.8,821
2026-04-30T17:10:00+00:00,377.8,380.07,377.56,380.05,1004
2026-04-30T17:15:00+00:00,380.05,380.25,378.89,379.37,950
2026-04-30T17:20:00+00:00,379.37,380.16,379.03,379.54,806
2026-04-30T17:25:00+00:00,379.54,380.69,379.44,380.45,660
2026-04-30T17:30:00+00:00,380.45,380.85,379.4,379.47,867
2026-04-30T17:35:00+00:00,379.47,380.46,379.41,380.4,580
2026-04-30T17:40:00+00:00,380.4,380.46,379.38,379.48,543
2026-04-30T17:45:00+00:00,379.48,380.21,379.41,380.03,489
2026-04-30T17:50:00+00:00,380.03,380.22,379.57,379.78,540
2026-04-30T17:55:00+00:00,379.78,381.02,379.68,381.02,590
2026-04-30T18:00:00+00:00,381.02,382.17,380.75,381.54,946
2026-04-30T18:05:00+00:00,381.54,381.81,380.25,380.29,694
2026-04-30T18:10:00+00:00,380.29,381.44,380.1,381.41,611
2026-04-30T18:15:00+00:00,381.41,381.54,380.42,381.24,737
2026-04-30T18:20:00+00:00,381.24,381.4,380.58,380.59,489
2026-04-30T18:25:00+00:00,380.59,381.22,380.59,381.01,609
2026-04-30T18:30:00+00:00,381.01,381.36,380.08,380.43,600
2026-04-30T18:35:00+00:00,380.43,380.59,379.56,379.61,619
2026-04-30T18:40:00+00:00,379.61,380.14,378.7,379.19,739
2026-04-30T18:45:00+00:00,379.19,379.22,377.94,378.41,613
2026-04-30T18:50:00+00:00,378.41,379.11,378.22,378.69,582
2026-04-30T18:55:00+00:00,378.69,379.05,377.9,378.34,772
2026-04-30T19:00:00+00:00,378.34,378.85,377.74,378.83,750
2026-04-30T19:05:00+00:00,378.83,380.05,378.8,379.8,683
2026-04-30T19:10:00+00:00,379.8,380.04,379.09,379.59,748
2026-04-30T19:15:00+00:00,379.59,379.72,378.9,378.98,671
2026-04-30T19:20:00+00:00,378.98,379.5,378.47,378.77,745
2026-04-30T19:25:00+00:00,378.77,378.86,377.88,378.14,720
2026-04-30T19:30:00+00:00,378.14,378.82,377.49,378.62,824
2026-04-30T19:35:00+00:00,378.62,379.4,377.88,379.22,770
2026-04-30T19:40:00+00:00,379.22,379.67,378.88,379.63,811
2026-04-30T19:45:00+00:00,379.63,379.93,379.16,379.7,782
2026-04-30T19:50:00+00:00,379.7,379.85,377.79,379.48,1465
2026-04-30T19:55:00+00:00,379.48,382.46,379.48,381.52,2155
2026-05-01T13:30:00+00:00,381.52,381.52,375.03,378.7,1659
2026-05-01T13:35:00+00:00,378.7,379.49,377.73,378.91,1659
2026-05-01T13:40:00+00:00,378.91,379.66,377.25,377.68,1548
2026-05-01T13:45:00+00:00,377.68,377.99,376.64,377.06,1601
2026-05-01T13:50:00+00:00,377.06,378.66,375.78,378.5,1480
2026-05-01T13:55:00+00:00,378.5,380.82,378.48,380.8,1527
2026-05-01T14:00:00+00:00,380.8,381.83,380.32,381.63,1472
2026-05-01T14:05:00+00:00,381.63,381.63,380.39,380.55,1365
2026-05-01T14:10:00+00:00,380.55,380.57,378.93,379.96,1408
2026-05-01T14:15:00+00:00,379.96,381.25,379.7,381.14,1381
2026-05-01T14:20:00+00:00,381.14,382.52,381.02,381.04,1571
2026-05-01T14:25:00+00:00,381.04,381.84,380.78,381.24,1359
2026-05-01T14:30:00+00:00,381.24,381.41,378.5,378.53,1467
2026-05-01T14:35:00+00:00,378.53,378.97,377.89,378.26,1653
2026-05-01T14:40:00+00:00,378.26,379.94,378.06,379.55,1225
2026-05-01T14:45:00+00:00,379.55,380.49,379.48,380.41,1217
2026-05-01T14:50:00+00:00,380.41,381.73,380.02,381,1309
2026-05-01T14:55:00+00:00,381,381.71,-1402.87,-1402.87,1271.9762799436355
2026-05-01T15:00:00+00:00,380.96,380.96,379.89,380,1204
2026-05-01T15:05:00+00:00,380,380.39,379.56,380.29,926
2026-05-01T15:10:00+00:00,380.29,380.56,379.73,380.54,823
2026-05-01T15:15:00+00:00,380.54,380.79,379.89,380.57,861
2026-05-01T15:20:00+00:00,380.57,381.83,380.53,381.76,753
2026-05-01T15:25:00+00:00,381.76,381.96,380.88,381.85,870
2026-05-01T15:30:00+00:00,381.85,383.09,381.39,382.62,887
2026-05-01T15:35:00+00:00,382.62,382.63,382.1,382.49,800
2026-05-01T15:40:00+00:00,382.49,382.57,381.53,381.72,787
2026-05-01T15:45:00+00:00,381.72,381.92,381.28,381.57,655
2026-05-01T15:50:00+00:00,381.57,381.83,380,380.21,1140
2026-05-01T15:55:00+00:00,380.21,380.79,380.08,380.19,729
2026-05-01T16:00:00+00:00,380.19,380.82,380.17,380.41,674
2026-05-01T16:05:00+00:00,380.41,380.55,379.79,379.83,706
2026-05-01T16:10:00+00:00,379.83,380.92,379.71,380.81,601
2026-05-01T16:15:00+00:00,380.81,381.48,380.4,381.37,531
2026-05-01T16:20:00+00:00,381.37,381.55,380.62,381.09,697
2026-05-01T16:25:00+00:00,381.09,381.18,380.11,380.74,947
2026-05-01T16:30:00+00:00,380.74,381.16,380.11,381.11,732
2026-05-01T16:35:00+00:00,381.11,381.66,381.1,381.52,661
2026-05-01T16:40:00+00:00,381.52,381.54,380.38,380.39,553
2026-05-01T16:45:00+00:00,380.39,380.63,379.81,380.35,671
2026-05-01T16:50:00+00:00,380.35,381.29,380.11,381.29,657
2026-05-01T16:55:00+00:00,381.29,381.85,381.03,381.15,656
2026-05-01T17:00:00+00:00,381.15,381.63,381.1,381.47,506
2026-05-01T17:05:00+00:00,381.47,381.82,381.39,381.56,469
2026-05-01T17:10:00+00:00,381.56,381.86,381.53,381.73,537
2026-05-01T17:15:00+00:00,381.73,382.59,381.7,382.55,526
2026-05-01T17:20:00+00:00,382.55,382.84,382.25,382.39,569
2026-05-01T17:25:00+00:00,382.39,382.78,382.17,382.49,486
2026-05-01T17:30:00+00:00,382.49,382.6,381.62,381.64,527
2026-05-01T17:35:00+00:00,381.64,381.85,381.49,381.65,555
2026-05-01T17:40:00+00:00,381.65,381.86,381.36,381.81,502
2026-05-01T17:45:00+00:00,381.81,381.96,381.39,381.43,490
2026-05-01T17:50:00+00:00,381.43,381.78,381.33,381.64,653
2026-05-01T17:55:00+00:00,381.64,381.9,381.54,381.68,501
2026-05-01T18:00:00+00:00,381.68,382.04,381.54,381.81,479
2026-05-01T18:05:00+00:00,381.81,381.88,381.11,381.3,561
2026-05-01T18:10:00+00:00,381.3,381.45,380.89,380.98,640
2026-05-01T18:15:00+00:00,380.98,381.05,380.63,380.85,530
2026-05-01T18:20:00+00:00,380.85,381.29,380.78,381.23,407
2026-05-01T18:25:00+00:00,381.23,381.72,381.11,381.44,783
2026-05-01T18:30:00+00:00,381.44,381.53,379.88,380.98,814
2026-05-01T18:35:00+00:00,380.98,381.15,380.53,380.92,743
2026-05-01T18:40:00+00:00,380.92,381.11,380.4,380.67,609
2026-05-01T18:45:00+00:00,380.67,380.69,379.46,379.7,606
2026-05-01T18:50:00+00:00,379.7,379.8,379.02,379.12,504
2026-05-01T18:55:00+00:00,379.12,380.29,378.89,380.15,607
2026-05-01T19:00:00+00:00,380.15,381.75,380.04,381.75,943
2026-05-01T19:05:00+00:00,381.75,381.86,381.19,381.42,795
2026-05-01T19:10:00+00:00,381.42,381.83,381.19,381.53,672
2026-05-01T19:15:00+00:00,381.53,381.88,381.38,381.5,570
2026-05-01T19:20:00+00:00,381.5,381.93,381.36,381.63,526
2026-05-01T19:25:00+00:00,381.63,382.62,381.47,382.53,560
2026-05-01T19:30:00+00:00,382.53,382.98,382.1,382.73,689
2026-05-01T19:35:00+00:00,382.73,382.76,382.09,382.25,521
2026-05-01T19:40:00+00:00,382.25,382.43,381.83,382.37,585
2026-05-01T19:45:00+00:00,382.37,382.61,382.15,382.37,662
2026-05-01T19:50:00+00:00,382.37,382.98,382.11,382.46,1304
2026-05-01T19:55:00+00:00,382.46,383.31,382.01,383,1257
2026-05-04T13:30:00+00:00,383,383.92,380.7,380.95,1202
2026-05-04T13:35:00+00:00,380.95,380.95,378.88,379.5,1171
2026-05-04T13:40:00+00:00,379.5,380.67,378.68,379.47,1161
2026-05-04T13:45:00+00:00,379.47,379.7,378.45,378.52,1220
2026-05-04T13:50:00+00:00,378.52,378.7,377.77,377.85,1296
2026-05-04T13:55:00+00:00,377.85,379.43,377.31,379.27,1111
2026-05-04T14:00:00+00:00,379.27,379.79,378.57,378.57,1206
2026-05-04T14:05:00+00:00,378.57,380.12,378.56,379.01,1016
2026-05-04T14:10:00+00:00,379.01,379.42,378.57,379.26,1019
2026-05-04T14:15:00+00:00,379.26,380.44,379.09,380.37,895
2026-05-04T14:20:00+00:00,380.37,380.37,379.13,379.35,803
2026-05-04T14:25:00+00:00,379.35,379.62,378.56,378.7,952
2026-05-04T14:30:00+00:00,378.7,379.44,378.39,379.38,854
2026-05-04T14:35:00+00:00,379.38,379.39,378.39,378.67,927
2026-05-04T14:40:00+00:00,378.67,380.03,378.49,379.99,857
2026-05-04T14:45:00+00:00,379.99,380.17,379.42,379.5,844
2026-05-04T14:50:00+00:00,379.5,379.94,379.32,379.64,742
2026-05-04T14:55:00+00:00,379.64,379.8,379.07,379.11,880
2026-05-04T15:00:00+00:00,379.11,379.71,378.78,379.35,1189
2026-05-04T15:05:00+00:00,379.35,379.64,378.92,379.18,918
2026-05-04T15:10:00+00:00,379.18,379.19,377.56,377.89,1091
2026-05-04T15:15:00+00:00,377.89,378.4,377.22,377.23,1057
2026-05-04T15:20:00+00:00,377.23,377.79,376.63,377.68,1448
2026-05-04T15:25:00+00:00,377.68,378.54,377.48,378.36,1157
2026-05-04T15:30:00+00:00,378.36,378.57,377.68,378.16,1126
2026-05-04T15:35:00+00:00,378.16,378.61,377.59,378.48,1031
2026-05-04T15:40:00+00:00,378.48,378.96,378.09,378.94,789
2026-05-04T15:45:00+00:00,378.94,379.49,378.57,379.24,738
2026-05-04T15:50:00+00:00,379.24,379.98,378.63,379.87,1116
2026-05-04T15:55:00+00:00,379.87,380.66,379.73,380.04,952
2026-05-04T16:00:00+00:00,380.04,380.07,379.52,379.82,957
2026-05-04T16:05:00+00:00,379.82,379.88,378.09,378.99,1324
2026-05-04T16:10:00+00:00,378.99,379.49,378.66,378.89,1140
2026-05-04T16:15:00+00:00,378.89,379.53,378.11,379.33,1188
2026-05-04T16:20:00+00:00,379.33,379.93,379.04,379.76,869
2026-05-04T16:25:00+00:00,379.76,380.15,379.43,379.6,775
2026-05-04T16:30:00+00:00,379.6,379.91,379.17,379.67,755
2026-05-04T16:35:00+00:00,379.67,380.05,378.9,379.8,832
2026-05-04T16:40:00+00:00,379.8,380.45,379.76,380.05,647
2026-05-04T16:45:00+00:00,380.05,380.2,379.25,379.82,591
2026-05-04T16:50:00+00:00,379.82,380.08,379.43,379.73,583
2026-05-04T16:55:00+00:00,379.73,380.49,379.61,380.34,685
2026-05-04T17:00:00+00:00,380.34,380.76,380.28,380.58,686
2026-05-04T17:05:00+00:00,380.58,380.81,380.34,380.54,655
2026-05-04T17:10:00+00:00,380.54,380.72,380.21,380.46,539
2026-05-04T17:15:00+00:00,380.46,381.09,380.38,381.06,959
2026-05-04T17:20:00+00:00,381.06,381.18,380.59,380.65,673
2026-05-04T17:25:00+00:00,380.65,381.13,380.59,380.8,707
2026-05-04T17:30:00+00:00,380.8,380.92,380.51,380.53,750
2026-05-04T17:35:00+00:00,380.53,380.65,380.19,380.61,638
2026-05-04T17:40:00+00:00,380.61,380.76,380.11,380.67,511
2026-05-04T17:45:00+00:00,380.67,381.09,380.55,380.82,460
2026-05-04T17:50:00+00:00,380.82,381.66,380.71,381.4,480
2026-05-04T17:55:00+00:00,381.4,381.64,381.33,381.39,355
2026-05-04T18:00:00+00:00,381.39,381.5,381.09,381.19,468
2026-05-04T18:05:00+00:00,381.19,381.24,380.77,380.98,378
2026-05-04T18:10:00+00:00,380.98,381.27,380.85,381,495
2026-05-04T18:15:00+00:00,381,381.2,380.87,380.95,469
2026-05-04T18:20:00+00:00,380.95,381.08,380.59,380.76,505
2026-05-04T18:25:00+00:00,380.76,380.82,380.3,380.77,599
2026-05-04T18:30:00+00:00,380.77,380.84,380.27,380.36,478
2026-05-04T18:35:00+00:00,380.36,380.36,379.89,380.25,386
2026-05-04T18:40:00+00:00,380.25,380.55,380.13,380.13,547
2026-05-04T18:45:00+00:00,380.13,380.41,379.79,380.34,581
2026-05-04T18:50:00+00:00,380.34,380.36,379.49,379.5,505
2026-05-04T18:55:00+00:00,379.5,379.88,379.48,379.69,469
2026-05-04T19:00:00+00:00,379.69,379.97,378.9,379.36,607
2026-05-04T19:05:00+00:00,379.36,379.84,378.91,379.82,638
2026-05-04T19:10:00+00:00,379.82,379.86,379.46,379.7,497
2026-05-04T19:15:00+00:00,379.7,379.86,379.57,379.68,462
2026-05-04T19:20:00+00:00,379.68,379.76,379.45,379.54,394
2026-05-04T19:25:00+00:00,379.54,379.68,379.24,379.63,531
2026-05-04T19:30:00+00:00,379.63,380.02,379.59,379.93,482
2026-05-04T19:35:00+00:00,379.93,380.1,379.67,379.84,488
2026-05-04T19:40:00+00:00,379.84,379.88,379.31,379.46,476
2026-05-04T19:45:00+00:00,379.46,379.81,379.24,379.79,524
2026-05-04T19:50:00+00:00,379.79,379.96,378.89,379.72,967
2026-05-04T19:55:00+00:00,379.72,380.16,379.18,379.49,1446
2026-05-05T13:30:00+00:00,379.49,384.3,379.49,383.57,1269
2026-05-05T13:35:00+00:00,383.57,386.14,382.88,385.85,1346
2026-05-05T13:40:00+00:00,385.85,388.32,385.46,388.12,1223
2026-05-05T13:45:00+00:00,388.12,388.69,386,387.15,1142
2026-05-05T13:50:00+00:00,387.15,387.82,385.58,385.58,1173
2026-05-05T13:55:00+00:00,385.58,385.82,383.97,384.06,965
2026-05-05T14:00:00+00:00,384.06,384.88,383.02,384.73,1195
2026-05-05T14:05:00+00:00,384.73,385.1,384.36,384.52,864
2026-05-05T14:10:00+00:00,384.52,384.87,383.07,383.08,998
2026-05-05T14:15:00+00:00,383.08,383.65,382.48,382.91,1245
2026-05-05T14:20:00+00:00,382.91,383.88,382.69,383.84,1148
2026-05-05T14:25:00+00:00,383.84,384.61,383.67,384.34,888
2026-05-05T14:30:00+00:00,384.34,384.65,384.13,384.49,1182
2026-05-05T14:35:00+00:00,384.49,385.31,384.34,384.95,1246
2026-05-05T14:40:00+00:00,384.95,385.52,383.93,384.02,978
2026-05-05T14:45:00+00:00,384.02,384.11,383.48,383.9,1055
2026-05-05T14:50:00+00:00,383.9,384.46,383.66,384.12,986
2026-05-05T14:55:00+00:00,384.12,384.57,383.88,384.17,889
2026-05-05T15:00:00+00:00,384.17,384.32,383.78,383.92,834
2026-05-05T15:05:00+00:00,383.92,384.29,383.58,384.17,766
2026-05-05T15:10:00+00:00,384.17,384.82,384.05,384.63,695
2026-05-05T15:15:00+00:00,384.63,384.69,384.26,384.57,607
2026-05-05T15:20:00+00:00,384.57,385.03,384.56,384.77,651
2026-05-05T15:25:00+00:00,384.77,385.16,384.59,384.84,650
2026-05-05T15:30:00+00:00,384.84,384.93,384.38,384.65,780
2026-05-05T15:35:00+00:00,384.65,384.96,384.58,384.78,784
2026-05-05T15:40:00+00:00,384.78,385.43,384.78,385.41,718
2026-05-05T15:45:00+00:00,385.41,385.73,384.91,385.01,623
2026-05-05T15:50:00+00:00,385.01,385.22,384.89,384.9,545
2026-05-05T15:55:00+00:00,384.9,384.95,383.41,383.41,656
2026-05-05T16:00:00+00:00,383.41,383.99,383.41,383.93,608
2026-05-05T16:05:00+00:00,383.93,384.12,383.31,383.67,519
2026-05-05T16:10:00+00:00,383.67,384.3,383.67,384.1,536
2026-05-05T16:15:00+00:00,384.1,384.31,383.88,384.24,674
2026-05-05T16:20:00+00:00,384.24,384.55,383.88,383.93,599
2026-05-05T16:25:00+00:00,383.93,384.02,383.3,383.42,856
2026-05-05T16:30:00+00:00,383.42,383.89,383.16,383.45,745
2026-05-05T16:35:00+00:00,383.45,383.59,383.03,383.29,520
2026-05-05T16:40:00+00:00,383.29,383.38,383.02,383.27,582
2026-05-05T16:45:00+00:00,383.27,383.53,383.08,383.21,470
2026-05-05T16:50:00+00:00,383.21,383.23,382.65,382.93,547
2026-05-05T16:55:00+00:00,382.93,383.07,382.22,382.32,607
2026-05-05T17:00:00+00:00,382.32,382.53,381.89,382.06,502
2026-05-05T17:05:00+00:00,382.06,382.16,381.68,381.74,430
2026-05-05T17:10:00+00:00,381.74,381.93,381.56,381.73,492
2026-05-05T17:15:00+00:00,381.73,381.93,380.43,380.71,868
2026-05-05T17:20:00+00:00,380.71,381.19,380.21,380.88,914
2026-05-05T17:25:00+00:00,380.88,381.12,380.62,380.76,576
2026-05-05T17:30:00+00:00,380.76,381.03,380.53,380.61,507
2026-05-05T17:35:00+00:00,380.61,381.53,380.61,381.38,629
2026-05-05T17:40:00+00:00,381.38,381.86,381.29,381.61,450
2026-05-05T17:45:00+00:00,381.61,381.86,381.2,381.84,558
2026-05-05T17:50:00+00:00,381.84,382.43,381.58,382.34,682
2026-05-05T17:55:00+00:00,382.34,382.45,381.9,382.01,663
2026-05-05T18:00:00+00:00,382.01,382.45,381.96,382.17,504
2026-05-05T18:05:00+00:00,382.17,382.29,381.81,381.92,562
2026-05-05T18:10:00+00:00,381.92,382.51,381.89,382.46,589
2026-05-05T18:15:00+00:00,382.46,382.67,382.23,382.51,570
2026-05-05T18:20:00+00:00,382.51,382.7,382.31,382.38,540
2026-05-05T18:25:00+00:00,382.38,382.41,381.88,382,492
2026-05-05T18:30:00+00:00,382,382.04,381.52,381.73,697
2026-05-05T18:35:00+00:00,381.73,381.99,381.69,381.91,587
2026-05-05T18:40:00+00:00,381.91,382.3,381.91,382.09,572
2026-05-05T18:45:00+00:00,382.09,382.28,381.83,381.99,487
2026-05-05T18:50:00+00:00,381.99,382.36,381.75,381.77,512
2026-05-05T18:55:00+00:00,381.77,382.24,381.69,382.15,484
2026-05-05T19:00:00+00:00,382.15,382.56,382.02,382.24,411
2026-05-05T19:05:00+00:00,382.24,382.58,382.02,382.34,323
2026-05-05T19:10:00+00:00,382.34,382.66,382.25,382.45,362
2026-05-05T19:15:00+00:00,382.45,382.93,382.4,382.86,379
2026-05-05T19:20:00+00:00,382.86,383.14,382.55,383.01,417
2026-05-05T19:25:00+00:00,383.01,383.33,382.98,383.23,412
2026-05-05T19:30:00+00:00,383.23,383.74,383.19,383.62,472
2026-05-05T19:35:00+00:00,383.62,383.62,383.33,383.42,448
2026-05-05T19:40:00+00:00,383.42,383.6,383.28,383.55,450
2026-05-05T19:45:00+00:00,383.55,383.73,383.43,383.55,537
2026-05-05T19:50:00+00:00,383.55,383.8,382.89,383.54,1071
2026-05-05T19:55:00+00:00,383.54,384.31,383.19,384.19,1922
2026-05-06T13:30:00+00:00,384.19,391.3,384.19,388.93,1892
2026-05-06T13:35:00+00:00,388.93,392.04,388.61,391.2,1723
2026-05-06T13:40:00+00:00,391.2,392.13,391.1,391.42,1789
2026-05-06T13:45:00+00:00,391.42,393.16,391.05,392.61,1617
2026-05-06T13:50:00+00:00,392.61,392.82,390.2,390.24,1588
2026-05-06T13:55:00+00:00,390.24,390.61,389.83,390.01,1455
2026-05-06T14:00:00+00:00,390.01,390.58,389.73,389.94,1627
2026-05-06T14:05:00+00:00,389.94,391,389.07,390.86,1792
2026-05-06T14:10:00+00:00,390.86,392.35,390.44,391.87,1199
2026-05-06T14:15:00+00:00,391.87,392.01,390.39,390.67,1140
2026-05-06T14:20:00+00:00,390.67,392.77,390.46,391.84,1158
2026-05-06T14:25:00+00:00,391.84,392.03,389.68,389.73,1272
2026-05-06T14:30:00+00:00,389.73,390.58,389.09,390.58,1219
2026-05-06T14:35:00+00:00,390.58,391.84,390.53,391.74,967
2026-05-06T14:40:00+00:00,391.74,392.53,391.6,392.32,951
2026-05-06T14:45:00+00:00,392.32,393.61,392.3,393.34,971
2026-05-06T14:50:00+00:00,393.34,393.38,392.22,392.9,985
2026-05-06T14:55:00+00:00,392.9,393.88,-1390.2399999999998,-1389.9099999999999,946.4048346055979
2026-05-06T15:00:00+00:00,393.92,394.36,393.44,393.83,1029
2026-05-06T15:05:00+00:00,393.83,393.99,393.14,393.32,876
2026-05-06T15:10:00+00:00,393.32,393.41,391.63,391.78,865
2026-05-06T15:15:00+00:00,391.78,391.9,391.38,391.63,799
2026-05-06T15:20:00+00:00,391.63,392.44,391.48,392.08,845
2026-05-06T15:25:00+00:00,392.08,392.61,391.91,392.2,655
2026-05-06T15:30:00+00:00,392.2,392.51,391.69,392.32,781
2026-05-06T15:35:00+00:00,392.32,392.75,391.89,392.6,668
2026-05-06T15:40:00+00:00,392.6,393.28,392.5,393.22,740
2026-05-06T15:45:00+00:00,393.22,393.71,393.11,393.52,725
2026-05-06T15:50:00+00:00,393.52,393.98,393.05,393.79,626
2026-05-06T15:55:00+00:00,393.79,393.87,393.49,393.68,646
2026-05-06T16:00:00+00:00,393.68,394.23,393.59,393.65,636
2026-05-06T16:05:00+00:00,393.65,393.94,393.44,393.64,769
2026-05-06T16:10:00+00:00,393.64,396.05,393.6,395.95,746
2026-05-06T16:15:00+00:00,395.95,396.25,395.52,395.79,854
2026-05-06T16:20:00+00:00,395.79,395.8,395.02,395.55,851
2026-05-06T16:25:00+00:00,395.55,395.99,395.46,395.83,609
2026-05-06T16:30:00+00:00,395.83,396.1,395.67,395.84,665
2026-05-06T16:35:00+00:00,395.84,396.11,395.45,395.96,676
2026-05-06T16:40:00+00:00,395.96,395.99,394.88,395.02,580
2026-05-06T16:45:00+00:00,395.02,395.07,394.64,394.77,509
2026-05-06T16:50:00+00:00,394.77,395.04,394.42,394.56,528
2026-05-06T16:55:00+00:00,394.56,395.14,394.48,394.74,815
2026-05-06T17:00:00+00:00,394.74,395.34,394.3,395.32,738
2026-05-06T17:05:00+00:00,395.32,395.78,394.95,395.78,711
2026-05-06T17:10:00+00:00,395.78,395.95,395.33,395.34,539
2026-05-06T17:15:00+00:00,395.34,395.71,395.28,395.51,435
2026-05-06T17:20:00+00:00,395.51,396.01,394.45,394.49,595
2026-05-06T17:25:00+00:00,394.49,394.77,394.23,394.42,564
2026-05-06T17:30:00+00:00,394.42,394.42,394.02,394.1,503
2026-05-06T17:35:00+00:00,394.1,394.49,394.04,394.2,430
2026-05-06T17:40:00+00:00,394.2,394.46,393.89,393.92,469
2026-05-06T17:45:00+00:00,393.92,394.72,393.53,394.58,677
2026-05-06T17:50:00+00:00,394.58,394.62,394.32,394.41,435
2026-05-06T17:55:00+00:00,394.41,394.46,393.89,393.91,399
2026-05-06T18:00:00+00:00,393.91,394.15,393.5,393.54,457
2026-05-06T18:05:00+00:00,393.54,393.61,392.89,393.07,445
2026-05-06T18:10:00+00:00,393.07,393.56,393,393.23,519
2026-05-06T18:15:00+00:00,393.23,393.42,393.17,393.21,390
2026-05-06T18:20:00+00:00,393.21,393.3,392.44,392.51,394
2026-05-06T18:25:00+00:00,392.51,392.51,392.13,392.2,425
2026-05-06T18:30:00+00:00,392.2,392.6,391.95,392.59,523
2026-05-06T18:35:00+00:00,392.59,392.92,392.26,392.46,517
2026-05-06T18:40:00+00:00,392.46,392.71,392.18,392.5,358
2026-05-06T18:45:00+00:00,392.5,393.08,392.48,392.98,429
2026-05-06T18:50:00+00:00,392.98,393.34,392.76,393.3,344
2026-05-06T18:55:00+00:00,393.3,393.76,393.2,393.49,395
2026-05-06T19:00:00+00:00,393.49,394.11,393.19,393.36,602
2026-05-06T19:05:00+00:00,393.36,393.38,392.88,392.9,512
2026-05-06T19:10:00+00:00,392.9,393,392.45,392.82,539
2026-05-06T19:15:00+00:00,392.82,392.82,391.63,391.64,593
2026-05-06T19:20:00+00:00,391.64,392.44,391.49,392.3,571
2026-05-06T19:25:00+00:00,392.3,392.53,392.02,392.12,570
2026-05-06T19:30:00+00:00,392.12,392.73,391.93,392.67,532
2026-05-06T19:35:00+00:00,392.67,393.15,392.56,392.97,563
2026-05-06T19:40:00+00:00,392.97,393.37,392.89,393.27,695
2026-05-06T19:45:00+00:00,393.27,393.81,393.08,393.18,792
2026-05-06T19:50:00+00:00,393.18,395.02,393.18,394.97,1523
2026-05-06T19:55:00+00:00,394.97,395.59,394.63,395.15,2412
2026-05-07T13:30:00+00:00,395.15,396.96,393.52,394.84,1165
2026-05-07T13:35:00+00:00,394.84,395.75,393.89,395.73,959
2026-05-07T13:40:00+00:00,395.73,395.87,394.2,394.25,745
2026-05-07T13:45:00+00:00,394.25,394.98,393.13,393.16,905
2026-05-07T13:50:00+00:00,393.16,394.25,392.73,394.16,1035
2026-05-07T13:55:00+00:00,394.16,394.42,393.88,394.31,920
2026-05-07T14:00:00+00:00,394.31,394.62,394.04,394.1,1011
2026-05-07T14:05:00+00:00,394.1,394.68,393.48,393.83,1038
2026-05-07T14:10:00+00:00,393.83,394.42,393.58,393.61,1012
2026-05-07T14:15:00+00:00,393.61,393.74,392.69,393.01,922
2026-05-07T14:20:00+00:00,393.01,394.52,392.94,394.03,953
2026-05-07T14:25:00+00:00,394.03,394.58,393.92,394.16,951
2026-05-07T14:30:00+00:00,394.16,394.17,393.07,393.24,839
2026-05-07T14:35:00+00:00,393.24,393.5,392.59,392.97,860
2026-05-07T14:40:00+00:00,392.97,393.26,392.69,393.04,824
2026-05-07T14:45:00+00:00,393.04,393.63,393.03,393.33,655
2026-05-07T14:50:00+00:00,393.33,393.94,393.24,393.82,677
2026-05-07T14:55:00+00:00,393.82,394.03,393.6,393.89,762
2026-05-07T15:00:00+00:00,393.89,394.33,393.72,393.79,813
2026-05-07T15:05:00+00:00,393.79,393.82,392.69,393.7,906
2026-05-07T15:10:00+00:00,393.7,393.81,392.75,393.14,808
2026-05-07T15:15:00+00:00,393.14,393.38,392.99,393.14,585
2026-05-07T15:20:00+00:00,393.14,393.44,393.04,393.17,732
2026-05-07T15:25:00+00:00,393.17,393.88,393.17,393.74,851
2026-05-07T15:30:00+00:00,393.74,394.06,393.2,393.24,670
2026-05-07T15:35:00+00:00,393.24,393.51,393.05,393.1,588
2026-05-07T15:40:00+00:00,393.1,393.31,392.59,393,842
2026-05-07T15:45:00+00:00,393,393.52,392.94,393.48,657
2026-05-07T15:50:00+00:00,393.48,393.55,393.16,393.4,797
2026-05-07T15:55:00+00:00,393.4,393.4,392.24,392.34,809
2026-05-07T16:00:00+00:00,392.34,392.46,391.9,392.13,1017
2026-05-07T16:05:00+00:00,392.13,392.23,391.74,392.14,881
2026-05-07T16:10:00+00:00,392.14,392.19,391.2,391.72,857
2026-05-07T16:15:00+00:00,391.72,391.73,390.5,390.54,1292
2026-05-07T16:20:00+00:00,390.54,391.11,390.18,391,1166
2026-05-07T16:25:00+00:00,391,391.91,390.95,391.87,783
2026-05-07T16:30:00+00:00,391.87,392.5,391.67,392.31,761
2026-05-07T16:35:00+00:00,392.31,392.57,391.76,391.79,744
2026-05-07T16:40:00+00:00,391.79,392.37,391.69,392.05,680
2026-05-07T16:45:00+00:00,392.05,392.36,391.87,391.93,516
2026-05-07T16:50:00+00:00,391.93,391.98,391.44,391.74,732
2026-05-07T16:55:00+00:00,391.74,392.29,391.55,392.24,674
2026-05-07T17:00:00+00:00,392.24,392.48,391.9,392.03,686
2026-05-07T17:05:00+00:00,392.03,392.54,391.89,392.02,632
2026-05-07T17:10:00+00:00,392.02,392.25,391.6,392.15,660
2026-05-07T17:15:00+00:00,392.15,393.36,391.69,393.07,1058
2026-05-07T17:20:00+00:00,393.07,393.74,392.3,393.64,1085
2026-05-07T17:25:00+00:00,393.64,393.87,392.16,393,1304
2026-05-07T17:30:00+00:00,393,393.28,392.38,392.85,892
2026-05-07T17:35:00+00:00,392.85,393.91,392.6,393.83,672
2026-05-07T17:40:00+00:00,393.83,394.14,393.27,393.7,706
2026-05-07T17:45:00+00:00,393.7,393.89,393.11,393.28,568
2026-05-07T17:50:00+00:00,393.28,393.28,392.79,393.04,725
2026-05-07T17:55:00+00:00,393.04,393.94,393.01,393.88,948
2026-05-07T18:00:00+00:00,393.88,393.93,393.16,393.19,707
2026-05-07T18:05:00+00:00,393.19,393.93,393.19,393.41,774
2026-05-07T18:10:00+00:00,393.41,394.01,393.39,393.84,788
2026-05-07T18:15:00+00:00,393.84,394.74,393.75,394.47,600
2026-05-07T18:20:00+00:00,394.47,394.65,393.59,393.63,720
2026-05-07T18:25:00+00:00,393.63,394.1,393.44,393.81,615
2026-05-07T18:30:00+00:00,393.81,394.37,393.81,394.24,496
2026-05-07T18:35:00+00:00,394.24,394.51,393.92,394.15,605
2026-05-07T18:40:00+00:00,394.15,394.48,393.39,393.73,782
2026-05-07T18:45:00+00:00,393.73,394.02,393.41,393.9,902
2026-05-07T18:50:00+00:00,393.9,394.49,393.68,393.95,872
2026-05-07T18:55:00+00:00,393.95,394.61,393.74,394.01,752
2026-05-07T19:00:00+00:00,394.01,394.01,392.15,392.15,1042
2026-05-07T19:05:00+00:00,392.15,392.26,391.58,392.11,945
2026-05-07T19:10:00+00:00,392.11,393.36,391.93,393.15,612
2026-05-07T19:15:00+00:00,393.15,393.36,392.81,392.95,579
2026-05-07T19:20:00+00:00,392.95,393.14,392.71,393,564
2026-05-07T19:25:00+00:00,393,393.35,392.58,393.14,613
2026-05-07T19:30:00+00:00,393.14,394.08,393.12,393.96,527
2026-05-07T19:35:00+00:00,393.96,394.35,393.74,393.98,502
2026-05-07T19:40:00+00:00,393.98,394.14,393.88,393.95,555
2026-05-07T19:45:00+00:00,393.95,394.3,393.9,394.07,438
2026-05-07T19:50:00+00:00,394.07,394.25,392.35,392.9,1289
2026-05-07T19:55:00+00:00,392.9,395.42,392.7,395.14,1818
2026-05-08T13:30:00+00:00,395.14,395.38,393.51,394.6,980
2026-05-08T13:35:00+00:00,394.6,394.84,393.49,394.21,926
2026-05-08T13:40:00+00:00,394.21,396.24,394.03,395.83,1226
2026-05-08T13:45:00+00:00,395.83,397.49,395.7,397.38,1236
2026-05-08T13:50:00+00:00,397.38,397.44,395.95,395.99,1043
2026-05-08T13:55:00+00:00,395.99,396.33,395.54,396.25,959
2026-05-08T14:00:00+00:00,396.25,396.88,396.11,396.68,1038
2026-05-08T14:05:00+00:00,396.68,397.49,396.49,397.49,1030
2026-05-08T14:10:00+00:00,397.49,397.87,396.88,397.06,1083
2026-05-08T14:15:00+00:00,397.06,397.07,395.9,396.05,1016
2026-05-08T14:20:00+00:00,396.05,396.56,395.7,396.44,865
2026-05-08T14:25:00+00:00,396.44,397.28,396.2,396.21,940
2026-05-08T14:30:00+00:00,396.21,396.43,395.78,396.09,751
2026-05-08T14:35:00+00:00,396.09,396.29,395.39,396.23,780
2026-05-08T14:40:00+00:00,396.23,397.13,396.16,397.05,667
2026-05-08T14:45:00+00:00,397.05,397.42,396.68,396.82,653
2026-05-08T14:50:00+00:00,396.82,397.19,396.21,396.42,703
2026-05-08T14:55:00+00:00,396.42,396.76,-1387.54,-1387.54,601.252964978373
2026-05-08T15:00:00+00:00,396.32,396.37,395.68,395.72,722
2026-05-08T15:05:00+00:00,395.72,395.86,395.38,395.6,805
2026-05-08T15:10:00+00:00,395.6,395.79,395.08,395.27,788
2026-05-08T15:15:00+00:00,395.27,395.66,395.12,395.39,790
2026-05-08T15:20:00+00:00,395.39,396.05,395.33,395.91,724
2026-05-08T15:25:00+00:00,395.91,396.08,395.76,395.88,542
2026-05-08T15:30:00+00:00,395.88,395.97,395.12,395.12,824
2026-05-08T15:35:00+00:00,395.12,395.9,394.9,395.71,730
2026-05-08T15:40:00+00:00,395.71,396.07,395.54,395.93,610
2026-05-08T15:45:00+00:00,395.93,395.94,395.38,395.39,496
2026-05-08T15:50:00+00:00,395.39,395.93,395.38,395.87,631
2026-05-08T15:55:00+00:00,395.87,395.87,395.01,395.38,546
2026-05-08T16:00:00+00:00,395.38,395.42,395.12,395.37,508
2026-05-08T16:05:00+00:00,395.37,395.59,394.9,395.32,555
2026-05-08T16:10:00+00:00,395.32,396.03,395.29,395.89,485
2026-05-08T16:15:00+00:00,395.89,396.02,395.65,395.73,457
2026-05-08T16:20:00+00:00,395.73,395.73,395.3,395.4,406
2026-05-08T16:25:00+00:00,395.4,395.76,395.15,395.16,473
2026-05-08T16:30:00+00:00,395.16,395.35,394.79,395.2,491
2026-05-08T16:35:00+00:00,395.2,395.47,394.91,395.13,501
2026-05-08T16:40:00+00:00,395.13,395.28,394.18,394.28,536
2026-05-08T16:45:00+00:00,394.28,394.82,394.25,394.72,665
2026-05-08T16:50:00+00:00,394.72,394.73,394.18,394.29,518
2026-05-08T16:55:00+00:00,394.29,394.34,393.89,393.96,597
2026-05-08T17:00:00+00:00,393.96,394.35,393.64,394.12,754
2026-05-08T17:05:00+00:00,394.12,394.49,394.12,394.3,562
2026-05-08T17:10:00+00:00,394.3,394.34,393.88,394.17,543
2026-05-08T17:15:00+00:00,394.17,394.62,394.17,394.56,519
2026-05-08T17:20:00+00:00,394.56,394.65,394.2,394.32,557
2026-05-08T17:25:00+00:00,394.32,394.43,394.06,394.35,514
2026-05-08T17:30:00+00:00,394.35,394.69,394.18,394.6,500
2026-05-08T17:35:00+00:00,394.6,394.89,394.51,394.68,534
2026-05-08T17:40:00+00:00,394.68,394.71,394.38,394.42,460
2026-05-08T17:45:00+00:00,394.42,394.72,394.32,394.6,430
2026-05-08T17:50:00+00:00,394.6,395.21,394.41,395.09,493
2026-05-08T17:55:00+00:00,395.09,395.39,395.04,395.15,403
2026-05-08T18:00:00+00:00,395.15,395.75,395.13,395.54,543
2026-05-08T18:05:00+00:00,395.54,395.68,395.39,395.41,475
2026-05-08T18:10:00+00:00,395.41,395.74,395.28,395.59,388
2026-05-08T18:15:00+00:00,395.59,395.85,395.5,395.61,382
2026-05-08T18:20:00+00:00,395.61,395.84,395.58,395.82,321
2026-05-08T18:25:00+00:00,395.82,395.96,395.73,395.83,348
2026-05-08T18:30:00+00:00,395.83,396.15,395.74,395.99,394
2026-05-08T18:35:00+00:00,395.99,396.12,395.66,395.84,425
2026-05-08T18:40:00+00:00,395.84,395.84,395.46,395.7,486
2026-05-08T18:45:00+00:00,395.7,395.7,395.2,395.46,507
2026-05-08T18:50:00+00:00,395.46,395.65,395.21,395.37,502
2026-05-08T18:55:00+00:00,395.37,395.96,395.03,395.65,595
2026-05-08T19:00:00+00:00,395.65,395.83,395.38,395.63,675
2026-05-08T19:05:00+00:00,395.63,395.91,395.57,395.75,489
2026-05-08T19:10:00+00:00,395.75,395.9,395.49,395.8,507
2026-05-08T19:15:00+00:00,395.8,395.98,395.56,395.9,547
2026-05-08T19:20:00+00:00,395.9,396.02,395.51,395.82,770
2026-05-08T19:25:00+00:00,395.82,395.99,395.67,395.74,580
2026-05-08T19:30:00+00:00,395.74,396.86,395.66,396.53,816
2026-05-08T19:35:00+00:00,396.53,396.75,396.38,396.75,592
2026-05-08T19:40:00+00:00,396.75,397.05,396.62,396.98,600
2026-05-08T19:45:00+00:00,396.98,397.72,396.91,397.5,570
2026-05-08T19:50:00+00:00,397.5,398.15,397.48,398.02,1191
2026-05-08T19:55:00+00:00,398.02,398.02,396.31,396.97,1782
2026-05-11T13:30:00+00:00,396.97,396.97,388.61,391.09,1325
2026-05-11T13:35:00+00:00,391.09,392.51,390.3,392.28,1156
2026-05-11T13:40:00+00:00,392.28,394.15,392.13,393.33,1131
2026-05-11T13:45:00+00:00,393.33,393.51,392.18,392.96,1208
2026-05-11T13:50:00+00:00,392.96,393.35,392.28,392.45,1168
2026-05-11T13:55:00+00:00,392.45,392.85,391.88,392.74,897
2026-05-11T14:00:00+00:00,392.74,392.97,391.88,392.39,823
2026-05-11T14:05:00+00:00,392.39,392.62,391.68,391.73,954
2026-05-11T14:10:00+00:00,391.73,391.81,391.08,391.18,965
2026-05-11T14:15:00+00:00,391.18,391.52,391.1,391.15,732
2026-05-11T14:20:00+00:00,391.15,391.72,390.94,391.43,784
2026-05-11T14:25:00+00:00,391.43,391.57,389.69,389.71,787
2026-05-11T14:30:00+00:00,389.71,389.92,388.9,389.79,1337
2026-05-11T14:35:00+00:00,389.79,390.78,389.63,390.66,954
2026-05-11T14:40:00+00:00,390.66,390.73,390.21,390.54,835
2026-05-11T14:45:00+00:00,390.54,390.9,390.39,390.79,825
2026-05-11T14:50:00+00:00,390.79,391.44,390.61,391.33,827
2026-05-11T14:55:00+00:00,391.33,391.62,390.4,390.59,772
2026-05-11T15:00:00+00:00,390.59,390.72,390.25,390.59,718
2026-05-11T15:05:00+00:00,390.59,390.9,390.54,390.84,664
2026-05-11T15:10:00+00:00,390.84,390.94,390.16,390.21,725
2026-05-11T15:15:00+00:00,390.21,390.45,390.08,390.1,768
2026-05-11T15:20:00+00:00,390.1,390.13,389.75,389.98,659
2026-05-11T15:25:00+00:00,389.98,390.39,389.74,390.27,679
2026-05-11T15:30:00+00:00,390.27,390.75,390.24,390.52,711
2026-05-11T15:35:00+00:00,390.52,390.72,390.09,390.34,588
2026-05-11T15:40:00+00:00,390.34,391.02,390.16,390.36,838
2026-05-11T15:45:00+00:00,390.36,390.52,390.22,390.22,580
2026-05-11T15:50:00+00:00,390.22,390.99,390.11,390.95,528
2026-05-11T15:55:00+00:00,390.95,391.51,390.83,391.2,525
2026-05-11T16:00:00+00:00,391.2,391.37,390.8,390.86,752
2026-05-11T16:05:00+00:00,390.86,390.86,390.34,390.6,512
2026-05-11T16:10:00+00:00,390.6,390.78,390.36,390.75,590
2026-05-11T16:15:00+00:00,390.75,390.8,390.35,390.63,574
2026-05-11T16:20:00+00:00,390.63,390.69,390.38,390.46,515
2026-05-11T16:25:00+00:00,390.46,390.82,390.46,390.75,499
2026-05-11T16:30:00+00:00,390.75,391.02,390.58,390.96,593
2026-05-11T16:35:00+00:00,390.96,391.22,390.61,390.64,561
2026-05-11T16:40:00+00:00,390.64,390.83,390.25,390.69,901
2026-05-11T16:45:00+00:00,390.69,390.79,390.33,390.38,541
2026-05-11T16:50:00+00:00,390.38,390.64,390.33,390.52,508
2026-05-11T16:55:00+00:00,390.52,390.59,390.06,390.11,531
2026-05-11T17:00:00+00:00,390.11,390.44,390.08,390.3,505
2026-05-11T17:05:00+00:00,390.3,390.44,390.03,390.2,496
2026-05-11T17:10:00+00:00,390.2,390.21,389.48,389.48,570
2026-05-11T17:15:00+00:00,389.48,389.62,388.94,388.95,636
2026-05-11T17:20:00+00:00,388.95,389.37,388.92,389.19,502
2026-05-11T17:25:00+00:00,389.19,389.77,389.05,389.76,513
2026-05-11T17:30:00+00:00,389.76,389.9,389.51,389.79,444
2026-05-11T17:35:00+00:00,389.79,390.36,389.79,390.1,424
2026-05-11T17:40:00+00:00,390.1,390.43,390.05,390.26,362
2026-05-11T17:45:00+00:00,390.26,390.49,389.88,389.92,571
2026-05-11T17:50:00+00:00,389.92,390.01,389.24,389.29,526
2026-05-11T17:55:00+00:00,389.29,389.51,389.07,389.47,482
2026-05-11T18:00:00+00:00,389.47,389.69,389.29,389.41,506
2026-05-11T18:05:00+00:00,389.41,389.56,389.35,389.45,288
2026-05-11T18:10:00+00:00,389.45,389.82,389.44,389.61,424
2026-05-11T18:15:00+00:00,389.61,389.67,389.19,389.19,401
2026-05-11T18:20:00+00:00,389.19,389.36,389.06,389.17,429
2026-05-11T18:25:00+00:00,389.17,389.32,388.99,389.06,452
2026-05-11T18:30:00+00:00,389.06,389.06,388.34,388.49,669
2026-05-11T18:35:00+00:00,388.49,388.59,388.08,388.08,432
2026-05-11T18:40:00+00:00,388.08,388.26,387.84,388.2,530
2026-05-11T18:45:00+00:00,388.2,388.36,388.12,388.18,423
2026-05-11T18:50:00+00:00,388.18,388.27,387.86,387.93,484
2026-05-11T18:55:00+00:00,387.93,388,387.28,387.28,658
2026-05-11T19:00:00+00:00,387.28,387.53,387.09,387.14,762
2026-05-11T19:05:00+00:00,387.14,387.66,387.12,387.52,716
2026-05-11T19:10:00+00:00,387.52,387.84,387.33,387.55,780
2026-05-11T19:15:00+00:00,387.55,387.63,387.23,387.26,646
2026-05-11T19:20:00+00:00,387.26,387.38,386.78,386.81,763
2026-05-11T19:25:00+00:00,386.81,387.6,386.77,387.57,801
2026-05-11T19:30:00+00:00,387.57,387.83,387.33,387.67,741
2026-05-11T19:35:00+00:00,387.67,387.9,387.63,387.82,647
2026-05-11T19:40:00+00:00,387.82,387.95,386.89,386.94,730
2026-05-11T19:45:00+00:00,386.94,387.11,386.68,386.96,967
2026-05-11T19:50:00+00:00,386.96,387.04,386.15,386.42,1490
2026-05-11T19:55:00+00:00,386.42,386.77,386.16,386.59,2013
2026-05-12T13:30:00+00:00,386.59,386.59,382.78,383.47,1416
2026-05-12T13:35:00+00:00,383.47,383.71,382.68,383.43,1422
2026-05-12T13:40:00+00:00,383.43,385.56,382.89,385.25,1416
2026-05-12T13:45:00+00:00,385.25,385.54,384.39,384.67,1548
2026-05-12T13:50:00+00:00,384.67,385.41,383.91,384.4,1320
2026-05-12T13:55:00+00:00,384.4,384.44,383.46,383.87,1381
2026-05-12T14:00:00+00:00,383.87,383.92,382.58,382.84,1575
2026-05-12T14:05:00+00:00,382.84,383.31,382.3,382.41,1575
2026-05-12T14:10:00+00:00,382.41,383.68,381.94,383.45,1463
2026-05-12T14:15:00+00:00,383.45,384.6,383.28,384.42,1244
2026-05-12T14:20:00+00:00,384.42,384.7,383.79,383.99,1043
2026-05-12T14:25:00+00:00,383.99,384.48,383.63,383.66,1025
2026-05-12T14:30:00+00:00,383.66,384.03,383.28,383.88,1258
2026-05-12T14:35:00+00:00,383.88,384.75,383.75,384.66,1049
2026-05-12T14:40:00+00:00,384.66,384.69,383.5,383.53,915
2026-05-12T14:45:00+00:00,383.53,383.96,383.18,383.86,842
2026-05-12T14:50:00+00:00,383.86,384.26,383.52,384.05,912
2026-05-12T14:55:00+00:00,384.05,384.41,383.45,384.41,955
2026-05-12T15:00:00+00:00,384.41,384.63,383.78,384.41,1095
2026-05-12T15:05:00+00:00,384.41,385.12,384.13,384.93,1028
2026-05-12T15:10:00+00:00,384.93,385.22,384.7,384.79,934
2026-05-12T15:15:00+00:00,384.79,385.28,384.47,384.84,1214
2026-05-12T15:20:00+00:00,384.84,385.21,383.89,384.56,1426
2026-05-12T15:25:00+00:00,384.56,384.96,383.95,384.9,1194
2026-05-12T15:30:00+00:00,384.9,385.19,384.41,384.88,998
2026-05-12T15:35:00+00:00,384.88,384.98,384.13,384.31,832
2026-05-12T15:40:00+00:00,384.31,385.28,384.29,385.15,754
2026-05-12T15:45:00+00:00,385.15,385.6,385.14,385.21,832
2026-05-12T15:50:00+00:00,385.21,385.31,384.44,384.44,744
2026-05-12T15:55:00+00:00,384.44,384.62,383.63,383.64,960
2026-05-12T16:00:00+00:00,383.64,384.51,383.28,383.85,953
2026-05-12T16:05:00+00:00,383.85,383.85,383.28,383.31,541
2026-05-12T16:10:00+00:00,383.31,383.83,382.7,383.59,612
2026-05-12T16:15:00+00:00,383.59,383.62,382.74,382.83,666
2026-05-12T16:20:00+00:00,382.83,383.12,382.42,382.67,632
2026-05-12T16:25:00+00:00,382.67,383.22,382.61,382.98,521
2026-05-12T16:30:00+00:00,382.98,383.06,381.71,381.71,666
2026-05-12T16:35:00+00:00,381.71,381.88,381.28,381.29,770
2026-05-12T16:40:00+00:00,381.29,381.61,380.9,381.18,681
2026-05-12T16:45:00+00:00,381.18,381.45,380.75,380.93,811
2026-05-12T16:50:00+00:00,380.93,381.21,380.73,380.97,799
2026-05-12T16:55:00+00:00,380.97,380.97,380.38,380.42,663
2026-05-12T17:00:00+00:00,380.42,380.65,380.13,380.31,897
2026-05-12T17:05:00+00:00,380.31,380.47,379.9,380.11,1031
2026-05-12T17:10:00+00:00,380.11,380.56,379.57,379.97,893
2026-05-12T17:15:00+00:00,379.97,380.55,379.73,380.38,956
2026-05-12T17:20:00+00:00,380.38,381.77,380.35,381.61,886
2026-05-12T17:25:00+00:00,381.61,381.63,380.83,381,789
2026-05-12T17:30:00+00:00,381,381.26,380.69,381.22,634
2026-05-12T17:35:00+00:00,381.22,381.5,380.88,381.41,616
2026-05-12T17:40:00+00:00,381.41,381.72,381.31,381.44,471
2026-05-12T17:45:00+00:00,381.44,381.56,381.1,381.23,476
2026-05-12T17:50:00+00:00,381.23,381.49,381.04,381.43,628
2026-05-12T17:55:00+00:00,381.43,381.54,381.01,381.37,552
2026-05-12T18:00:00+00:00,381.37,381.76,381.2,381.7,700
2026-05-12T18:05:00+00:00,381.7,381.79,381.33,381.67,665
2026-05-12T18:10:00+00:00,381.67,381.99,381.47,381.72,492
2026-05-12T18:15:00+00:00,381.72,382,381.38,381.4,543
2026-05-12T18:20:00+00:00,381.4,382.15,381.29,382,454
2026-05-12T18:25:00+00:00,382,382.83,381.97,382.47,731
2026-05-12T18:30:00+00:00,382.47,382.6,381.88,381.93,531
2026-05-12T18:35:00+00:00,381.93,382.25,381.6,381.6,565
2026-05-12T18:40:00+00:00,381.6,381.96,381.59,381.66,569
2026-05-12T18:45:00+00:00,381.66,381.71,381.13,381.24,575
2026-05-12T18:50:00+00:00,381.24,381.56,380.99,381.44,624
2026-05-12T18:55:00+00:00,381.44,381.72,381.22,381.51,608
2026-05-12T19:00:00+00:00,381.51,381.59,381.17,381.43,597
2026-05-12T19:05:00+00:00,381.43,381.77,381.08,381.52,579
2026-05-12T19:10:00+00:00,381.52,382.1,381.49,381.92,519
2026-05-12T19:15:00+00:00,381.92,382.27,381.78,382.06,620
2026-05-12T19:20:00+00:00,382.06,382.61,381.98,382.61,653
2026-05-12T19:25:00+00:00,382.61,382.97,382.52,382.87,532
2026-05-12T19:30:00+00:00,382.87,382.91,382.49,382.65,620
2026-05-12T19:35:00+00:00,382.65,383.11,382.51,383,733
2026-05-12T19:40:00+00:00,383,383.92,382.78,383.81,1000
2026-05-12T19:45:00+00:00,383.81,383.95,383.4,383.42,813
2026-05-12T19:50:00+00:00,383.42,384.24,382.9,383.4,1206
2026-05-12T19:55:00+00:00,383.4,383.96,382.89,383.96,1942
2026-05-13T13:30:00+00:00,383.96,383.96,381.09,382.91,1003
2026-05-13T13:35:00+00:00,382.91,384.6,382.7,383.3,1064
2026-05-13T13:40:00+00:00,383.3,385.3,383.11,384.91,1267
2026-05-13T13:45:00+00:00,384.91,385.05,383.6,384.82,1305
2026-05-13T13:50:00+00:00,384.82,387.41,384.5,387.41,1311
2026-05-13T13:55:00+00:00,387.41,387.62,386.67,387.38,1346
2026-05-13T14:00:00+00:00,387.38,388.7,387.35,387.9,1721
2026-05-13T14:05:00+00:00,387.9,388.96,387.54,387.87,1791
2026-05-13T14:10:00+00:00,387.87,388.86,387.83,388.82,1279
2026-05-13T14:15:00+00:00,388.82,389.87,388.41,389.75,1510
2026-05-13T14:20:00+00:00,389.75,390.54,389.74,390.2,1420
2026-05-13T14:25:00+00:00,390.2,391.47,390.02,390.86,1242
2026-05-13T14:30:00+00:00,390.86,391.13,390.2,390.71,1048
2026-05-13T14:35:00+00:00,390.71,391.03,389.53,389.85,1093
2026-05-13T14:40:00+00:00,389.85,390.69,389.63,390.61,1054
2026-05-13T14:45:00+00:00,390.61,391.3,390.05,391.28,993
2026-05-13T14:50:00+00:00,391.28,392.51,391.12,392.33,823
2026-05-13T14:55:00+00:00,392.33,392.95,-1391.29,-1391.1799999999998,995.9734145666021
2026-05-13T15:00:00+00:00,392.61,393.82,392.49,393.13,1027
2026-05-13T15:05:00+00:00,393.13,393.35,392.91,393.3,853
2026-05-13T15:10:00+00:00,393.3,393.47,392.57,393.05,727
2026-05-13T15:15:00+00:00,393.05,393.45,392.83,393.17,735
2026-05-13T15:20:00+00:00,393.17,393.53,392.64,393.16,685
2026-05-13T15:25:00+00:00,393.16,393.94,392.88,393.75,740
2026-05-13T15:30:00+00:00,393.75,394.46,393.15,393.62,946
2026-05-13T15:35:00+00:00,393.62,393.84,393.24,393.56,745
2026-05-13T15:40:00+00:00,393.56,393.92,393.56,393.9,632
2026-05-13T15:45:00+00:00,393.9,394.43,393.71,393.81,734
2026-05-13T15:50:00+00:00,393.81,393.98,393.28,393.79,738
2026-05-13T15:55:00+00:00,393.79,394.01,393.5,393.69,590
2026-05-13T16:00:00+00:00,393.69,394.46,393.66,394.31,611
2026-05-13T16:05:00+00:00,394.31,394.65,394.05,394.65,562
2026-05-13T16:10:00+00:00,394.65,395.06,394.33,395.02,541
2026-05-13T16:15:00+00:00,395.02,395.29,394.61,394.71,701
2026-05-13T16:20:00+00:00,394.71,395.62,394.6,395.42,584
2026-05-13T16:25:00+00:00,395.42,396.36,395.42,395.98,705
2026-05-13T16:30:00+00:00,395.98,396.36,395.7,395.99,753
2026-05-13T16:35:00+00:00,395.99,396.05,395.46,395.66,717
2026-05-13T16:40:00+00:00,395.66,396.3,395.61,396.06,570
2026-05-13T16:45:00+00:00,396.06,396.42,395.95,395.97,683
2026-05-13T16:50:00+00:00,395.97,396.62,395.88,396.62,556
2026-05-13T16:55:00+00:00,396.62,396.85,396.53,396.82,574
2026-05-13T17:00:00+00:00,396.82,397.55,396.75,397.41,613
2026-05-13T17:05:00+00:00,397.41,397.71,397.4,397.57,629
2026-05-13T17:10:00+00:00,397.57,397.99,397.4,397.6,635
2026-05-13T17:15:00+00:00,397.6,398.06,397.19,397.31,696
2026-05-13T17:20:00+00:00,397.31,397.48,396.89,396.92,543
2026-05-13T17:25:00+00:00,396.92,397.5,396.84,397.44,563
2026-05-13T17:30:00+00:00,397.44,397.85,397.19,397.28,622
2026-05-13T17:35:00+00:00,397.28,397.61,397.11,397.39,552
2026-05-13T17:40:00+00:00,397.39,397.64,397.2,397.64,550
2026-05-13T17:45:00+00:00,397.64,397.99,397.46,397.8,533
2026-05-13T17:50:00+00:00,397.8,398.27,397.79,398.01,548
2026-05-13T17:55:00+00:00,398.01,398.25,397.64,397.69,709
2026-05-13T18:00:00+00:00,397.69,398.73,397.65,398.6,671
2026-05-13T18:05:00+00:00,398.6,398.95,398.35,398.47,560
2026-05-13T18:10:00+00:00,398.47,399,398.37,398.9,611
2026-05-13T18:15:00+00:00,398.9,399.24,398.4,398.44,643
2026-05-13T18:20:00+00:00,398.44,399.33,398.39,399.19,587
2026-05-13T18:25:00+00:00,399.19,399.66,399.14,399.53,516
2026-05-13T18:30:00+00:00,399.53,399.8,399.22,399.59,580
2026-05-13T18:35:00+00:00,399.59,399.6,398.71,399.02,566
2026-05-13T18:40:00+00:00,399.02,399.03,398.3,398.39,615
2026-05-13T18:45:00+00:00,398.39,398.62,398.28,398.49,615
2026-05-13T18:50:00+00:00,398.49,398.52,398.06,398.22,692
2026-05-13T18:55:00+00:00,398.22,398.31,397.54,397.58,619
2026-05-13T19:00:00+00:00,397.58,398.09,397.57,398.09,600
2026-05-13T19:05:00+00:00,398.09,398.85,398.07,398.7,469
2026-05-13T19:10:00+00:00,398.7,398.93,398.53,398.81,439
2026-05-13T19:15:00+00:00,398.81,398.89,398.42,398.66,528
2026-05-13T19:20:00+00:00,398.66,398.71,398.24,398.26,473
2026-05-13T19:25:00+00:00,398.26,399.09,398.18,399.05,432
2026-05-13T19:30:00+00:00,399.05,399.41,398.82,398.99,616
2026-05-13T19:35:00+00:00,398.99,399.02,398.78,398.97,455
2026-05-13T19:40:00+00:00,398.97,399.08,398.53,399.05,501
2026-05-13T19:45:00+00:00,399.05,399.44,399,399.3,655
2026-05-13T19:50:00+00:00,399.3,399.3,397.9,398.76,1479
2026-05-13T19:55:00+00:00,398.76,399.18,398.38,399.18,1781
2026-05-14T13:30:00+00:00,399.18,399.18,392.94,396.06,1770
2026-05-14T13:35:00+00:00,396.06,396.77,395.46,395.49,1447
2026-05-14T13:40:00+00:00,395.49,396.16,394.78,395.78,1248
2026-05-14T13:45:00+00:00,395.78,397.37,395.78,396.6,1304
2026-05-14T13:50:00+00:00,396.6,396.75,394.78,394.95,1345
2026-05-14T13:55:00+00:00,394.95,395.25,394.08,394.51,1180
2026-05-14T14:00:00+00:00,394.51,394.68,393.67,394.29,1103
2026-05-14T14:05:00+00:00,394.29,395.19,394.22,394.7,1227
2026-05-14T14:10:00+00:00,394.7,395.15,394.38,394.39,1199
2026-05-14T14:15:00+00:00,394.39,395.09,394.18,395.01,1024
2026-05-14T14:20:00+00:00,395.01,395.22,394,394.05,1204
2026-05-14T14:25:00+00:00,394.05,394.1,392.59,392.83,1439
2026-05-14T14:30:00+00:00,392.83,394.06,392.63,394.03,1034
2026-05-14T14:35:00+00:00,394.03,394.13,393.44,393.89,1009
2026-05-14T14:40:00+00:00,393.89,394.02,393.41,393.67,1034
2026-05-14T14:45:00+00:00,393.67,394.12,393.28,393.54,1059
2026-05-14T14:50:00+00:00,393.54,394.69,393.42,394.24,1171
2026-05-14T14:55:00+00:00,394.24,394.5,393.89,394.23,871
2026-05-14T15:00:00+00:00,394.23,394.5,393.89,394.11,816
2026-05-14T15:05:00+00:00,394.11,394.64,393.99,394.29,600
2026-05-14T15:10:00+00:00,394.29,394.79,394,394.26,798
2026-05-14T15:15:00+00:00,394.26,394.64,394.22,394.57,655
2026-05-14T15:20:00+00:00,394.57,394.92,394,394.23,573
2026-05-14T15:25:00+00:00,394.23,395.31,394.08,394.71,647
2026-05-14T15:30:00+00:00,394.71,395.27,394.62,394.62,525
2026-05-14T15:35:00+00:00,394.62,395.71,394.62,395.58,710
2026-05-14T15:40:00+00:00,395.58,396.31,395.58,396.15,782
2026-05-14T15:45:00+00:00,396.15,396.34,395.98,396.08,561
2026-05-14T15:50:00+00:00,396.08,396.8,395.95,396.7,672
2026-05-14T15:55:00+00:00,396.7,398.2,396.7,398.13,1022
2026-05-14T16:00:00+00:00,398.13,398.7,397.93,398.66,832
2026-05-14T16:05:00+00:00,398.66,398.66,397.24,397.43,696
2026-05-14T16:10:00+00:00,397.43,397.98,396.94,396.96,647
2026-05-14T16:15:00+00:00,396.96,397.49,396.57,396.59,483
2026-05-14T16:20:00+00:00,396.59,397.19,396.56,396.79,598
2026-05-14T16:25:00+00:00,396.79,396.87,396.06,396.17,673
2026-05-14T16:30:00+00:00,396.17,396.22,395.38,395.55,618
2026-05-14T16:35:00+00:00,395.55,396.07,395.46,396.01,562
2026-05-14T16:40:00+00:00,396.01,396.24,395.64,395.84,562
2026-05-14T16:45:00+00:00,395.84,396.99,395.24,396.45,1012
2026-05-14T16:50:00+00:00,396.45,396.83,395.9,396.81,517
2026-05-14T16:55:00+00:00,396.81,396.96,396.05,396.65,530
2026-05-14T17:00:00+00:00,396.65,397.46,396.46,397.16,781
2026-05-14T17:05:00+00:00,397.16,397.17,395.94,396.06,874
2026-05-14T17:10:00+00:00,396.06,396.4,395.41,395.45,1032
2026-05-14T17:15:00+00:00,395.45,396.05,395.23,395.99,1331
2026-05-14T17:20:00+00:00,395.99,396.91,395.92,396.69,1344
2026-05-14T17:25:00+00:00,396.69,397.35,396.21,397.23,1143
2026-05-14T17:30:00+00:00,397.23,397.35,396.8,397.19,1157
2026-05-14T17:35:00+00:00,397.19,398.08,396.98,398.01,1080
2026-05-14T17:40:00+00:00,398.01,398.61,397.82,398.53,945
2026-05-14T17:45:00+00:00,398.53,398.87,398.33,398.41,937
2026-05-14T17:50:00+00:00,398.41,398.97,398.29,398.68,1122
2026-05-14T17:55:00+00:00,398.68,398.74,398.2,398.28,612
2026-05-14T18:00:00+00:00,398.28,398.31,396.49,396.64,973
2026-05-14T18:05:00+00:00,396.64,396.77,396.38,396.63,675
2026-05-14T18:10:00+00:00,396.63,396.89,396.48,396.7,514
2026-05-14T18:15:00+00:00,396.7,397.18,396.55,396.92,456
2026-05-14T18:20:00+00:00,396.92,396.92,395.96,396.02,504
2026-05-14T18:25:00+00:00,396.02,396.07,395.52,395.9,531
2026-05-14T18:30:00+00:00,395.9,396.39,395.8,396.3,591
2026-05-14T18:35:00+00:00,396.3,396.35,395.81,396,394
2026-05-14T18:40:00+00:00,396,396.07,395.68,395.98,370
2026-05-14T18:45:00+00:00,395.98,396.1,395.71,395.91,497
2026-05-14T18:50:00+00:00,395.91,396.47,395.91,396.16,641
2026-05-14T18:55:00+00:00,396.16,396.67,396.05,396.42,494
2026-05-14T19:00:00+00:00,396.42,396.87,396.38,396.7,680
2026-05-14T19:05:00+00:00,396.7,396.92,396.5,396.92,759
2026-05-14T19:10:00+00:00,396.92,396.92,396.43,396.53,864
2026-05-14T19:15:00+00:00,396.53,396.93,396.49,396.64,765
2026-05-14T19:20:00+00:00,396.64,397.21,396.56,396.99,808
2026-05-14T19:25:00+00:00,396.99,397.11,396.82,396.91,646
2026-05-14T19:30:00+00:00,396.91,397.18,396.71,396.81,683
2026-05-14T19:35:00+00:00,396.81,396.86,396.48,396.69,756
2026-05-14T19:40:00+00:00,396.69,397.1,396.68,396.82,622
2026-05-14T19:45:00+00:00,396.82,396.89,396.39,396.39,616
2026-05-14T19:50:00+00:00,396.39,396.54,395.89,396.46,847
2026-05-14T19:55:00+00:00,396.46,397.28,395.89,397.28,1765
2026-05-15T13:30:00+00:00,397.28,397.28,389.52,390.17,1220
2026-05-15T13:35:00+00:00,390.17,391.51,389.49,390.67,1103
2026-05-15T13:40:00+00:00,390.67,392.69,390.61,391.68,1184
2026-05-15T13:45:00+00:00,391.68,393.85,390.87,393.59,1726
2026-05-15T13:50:00+00:00,393.59,395.16,393.45,394.92,1989
2026-05-15T13:55:00+00:00,394.92,395.56,393.8,393.94,2334
2026-05-15T14:00:00+00:00,393.94,394.75,393.31,394.06,2367
2026-05-15T14:05:00+00:00,394.06,395.28,393.86,394.75,1767
2026-05-15T14:10:00+00:00,394.75,395.45,394.39,395.01,1533
2026-05-15T14:15:00+00:00,395.01,395.67,394.89,395.04,1238
2026-05-15T14:20:00+00:00,395.04,395.61,394.74,394.74,1179
2026-05-15T14:25:00+00:00,394.74,394.96,394.01,394.39,1222
2026-05-15T14:30:00+00:00,394.39,395,394.28,394.96,1237
2026-05-15T14:35:00+00:00,394.96,394.97,393.73,393.76,1264
2026-05-15T14:40:00+00:00,393.76,394.21,393.68,393.83,963
2026-05-15T14:45:00+00:00,393.83,393.99,393.08,393.22,1042
2026-05-15T14:50:00+00:00,393.22,393.69,392.77,393.53,1018
2026-05-15T14:55:00+00:00,393.53,394.54,-1389.7399999999998,-1389.4499999999998,1025.1087237898007
2026-05-15T15:00:00+00:00,394.38,394.69,393.65,393.93,1110
2026-05-15T15:05:00+00:00,393.93,394.7,393.36,394.68,1018
2026-05-15T15:10:00+00:00,394.68,394.9,393.88,394,996
2026-05-15T15:15:00+00:00,394,394.03,393.38,393.7,1142
2026-05-15T15:20:00+00:00,393.7,394.02,393.42,393.49,836
2026-05-15T15:25:00+00:00,393.49,393.59,392.92,393.33,1012
2026-05-15T15:30:00+00:00,393.33,393.96,392.94,393.08,1143
2026-05-15T15:35:00+00:00,393.08,393.71,392.84,392.85,1068
2026-05-15T15:40:00+00:00,392.85,392.99,391.99,392.35,1145
2026-05-15T15:45:00+00:00,392.35,392.36,391.4,391.41,979
2026-05-15T15:50:00+00:00,391.41,391.94,390.98,391.64,1003
2026-05-15T15:55:00+00:00,391.64,392.48,391.4,392.36,824
2026-05-15T16:00:00+00:00,392.36,392.75,392.09,392.17,720
2026-05-15T16:05:00+00:00,392.17,392.52,391.88,392.32,687
2026-05-15T16:10:00+00:00,392.32,392.4,392.04,392.31,649
2026-05-15T16:15:00+00:00,392.31,392.33,391.89,392.2,665
2026-05-15T16:20:00+00:00,392.2,392.74,392.09,392.74,560
2026-05-15T16:25:00+00:00,392.74,393.35,392.65,393.12,718
2026-05-15T16:30:00+00:00,393.12,393.34,392.91,393.24,699
2026-05-15T16:35:00+00:00,393.24,393.44,392.78,393.1,761
2026-05-15T16:40:00+00:00,393.1,393.12,392.63,392.8,843
2026-05-15T16:45:00+00:00,392.8,393,392.53,392.65,739
2026-05-15T16:50:00+00:00,392.65,392.91,392.14,392.2,782
2026-05-15T16:55:00+00:00,392.2,392.51,391.93,392.1,889
2026-05-15T17:00:00+00:00,392.1,392.6,391.94,392.47,662
2026-05-15T17:05:00+00:00,392.47,393.25,392.38,393.07,538
2026-05-15T17:10:00+00:00,393.07,393.55,392.99,393.43,513
2026-05-15T17:15:00+00:00,393.43,393.51,393.1,393.44,512
2026-05-15T17:20:00+00:00,393.44,393.63,393.1,393.12,431
2026-05-15T17:25:00+00:00,393.12,393.73,393.1,393.57,875
2026-05-15T17:30:00+00:00,393.57,393.86,393.37,393.77,896
2026-05-15T17:35:00+00:00,393.77,394.2,393.25,393.39,1027
2026-05-15T17:40:00+00:00,393.39,393.57,393.06,393.07,802
2026-05-15T17:45:00+00:00,393.07,393.28,392.66,392.68,745
2026-05-15T17:50:00+00:00,392.68,393.12,392.62,392.91,648
2026-05-15T17:55:00+00:00,392.91,393.11,392.75,392.92,758
2026-05-15T18:00:00+00:00,392.92,393.31,392.87,392.99,1061
2026-05-15T18:05:00+00:00,392.99,393.59,392.96,393.22,852
2026-05-15T18:10:00+00:00,393.22,393.43,392.91,392.94,761
2026-05-15T18:15:00+00:00,392.94,393.02,391.89,392,808
2026-05-15T18:20:00+00:00,392,392.63,391.91,392.39,671
2026-05-15T18:25:00+00:00,392.39,392.41,391.72,391.92,675
2026-05-15T18:30:00+00:00,391.92,391.98,391.23,391.51,868
2026-05-15T18:35:00+00:00,391.51,391.99,391.49,391.99,589
2026-05-15T18:40:00+00:00,391.99,392.01,391.55,391.93,567
2026-05-15T18:45:00+00:00,391.93,392.24,391.69,392.13,661
2026-05-15T18:50:00+00:00,392.13,392.56,391.82,392.5,530
2026-05-15T18:55:00+00:00,392.5,392.76,392.31,392.65,420
2026-05-15T19:00:00+00:00,392.65,392.73,392,392,452
2026-05-15T19:05:00+00:00,392,392.39,391.96,392.32,467
2026-05-15T19:10:00+00:00,392.32,392.43,392.03,392.29,490
2026-05-15T19:15:00+00:00,392.29,392.44,391.88,391.98,491
2026-05-15T19:20:00+00:00,391.98,392.56,391.88,392.06,532
2026-05-15T19:25:00+00:00,392.06,392.26,391.97,392.17,486
2026-05-15T19:30:00+00:00,392.17,392.64,392.13,392.45,366
2026-05-15T19:35:00+00:00,392.45,392.7,392.31,392.63,449
2026-05-15T19:40:00+00:00,392.63,393.01,392.58,392.66,556
2026-05-15T19:45:00+00:00,392.66,393.32,392.46,393.11,834
2026-05-15T19:50:00+00:00,393.11,393.11,391.9,392.13,1514
2026-05-15T19:55:00+00:00,392.13,393.36,391.71,393.36,1729
2026-05-18T13:30:00+00:00,393.36,394.15,390.49,393.91,984
2026-05-18T13:35:00+00:00,393.91,400.2,393.85,399.14,1568
2026-05-18T13:40:00+00:00,399.14,400.2,396.38,396.72,1522
2026-05-18T13:45:00+00:00,396.72,398.35,395.6,398.27,1428
2026-05-18T13:50:00+00:00,398.27,401.31,398.24,400.97,1398
2026-05-18T13:55:00+00:00,400.97,402.19,400.97,401.62,1177
2026-05-18T14:00:00+00:00,401.62,402.06,399.95,399.96,1719
2026-05-18T14:05:00+00:00,399.96,402.68,399.92,402.27,1632
2026-05-18T14:10:00+00:00,402.27,403.04,401.65,402.7,1331
2026-05-18T14:15:00+00:00,402.7,404.11,402.38,403.04,1119
2026-05-18T14:20:00+00:00,403.04,404.28,402.95,403.19,1394
2026-05-18T14:25:00+00:00,403.19,403.87,401.62,401.71,1135
2026-05-18T14:30:00+00:00,401.71,402.34,398.5,398.85,1029
2026-05-18T14:35:00+00:00,398.85,400.06,397.66,399.48,1184
2026-05-18T14:40:00+00:00,399.48,401.14,398.91,400.31,1049
2026-05-18T14:45:00+00:00,400.31,400.58,399.19,400.28,979
2026-05-18T14:50:00+00:00,400.28,401.43,399.97,400.04,1354
2026-05-18T14:55:00+00:00,400.04,400.7,399.57,400.19,908
2026-05-18T15:00:00+00:00,400.19,400.34,398.38,398.79,1143
2026-05-18T15:05:00+00:00,398.79,399.4,398.33,399.09,906
2026-05-18T15:10:00+00:00,399.09,400.74,398.77,400.16,1103
2026-05-18T15:15:00+00:00,400.16,400.28,399.39,399.51,971
2026-05-18T15:20:00+00:00,399.51,399.87,398.95,399.37,903
2026-05-18T15:25:00+00:00,399.37,399.8,398.08,398.09,724
2026-05-18T15:30:00+00:00,398.09,399.61,398.07,399.35,674
2026-05-18T15:35:00+00:00,399.35,399.94,398.59,398.6,776
2026-05-18T15:40:00+00:00,398.6,399.6,398.51,398.56,703
2026-05-18T15:45:00+00:00,398.56,398.76,398.19,398.19,616
2026-05-18T15:50:00+00:00,398.19,398.41,397.39,398.11,734
2026-05-18T15:55:00+00:00,398.11,398.33,397.48,397.52,567
2026-05-18T16:00:00+00:00,397.52,397.74,396.83,396.85,601
2026-05-18T16:05:00+00:00,396.85,397.24,396.66,396.92,843
2026-05-18T16:10:00+00:00,396.92,397.86,396.88,397.8,637
2026-05-18T16:15:00+00:00,397.8,398.18,397.58,397.97,685
2026-05-18T16:20:00+00:00,397.97,398.64,397.38,397.51,715
2026-05-18T16:25:00+00:00,397.51,397.72,396.32,396.55,1057
2026-05-18T16:30:00+00:00,396.55,397.69,396,397.02,930
2026-05-18T16:35:00+00:00,397.02,398.03,396.99,397.8,728
2026-05-18T16:40:00+00:00,397.8,397.8,397.02,397.09,595
2026-05-18T16:45:00+00:00,397.09,397.45,396.99,397.04,571
2026-05-18T16:50:00+00:00,397.04,397.89,396.95,397.79,553
2026-05-18T16:55:00+00:00,397.79,398.3,397.54,397.94,638
2026-05-18T17:00:00+00:00,397.94,398.13,397.39,397.71,582
2026-05-18T17:05:00+00:00,397.71,398.5,397.61,398.49,556
2026-05-18T17:10:00+00:00,398.49,399.17,397.89,397.99,699
2026-05-18T17:15:00+00:00,397.99,398.78,397.98,398.49,628
2026-05-18T17:20:00+00:00,398.49,398.69,397.89,398.04,628
2026-05-18T17:25:00+00:00,398.04,398.35,397.88,398.26,546
2026-05-18T17:30:00+00:00,398.26,398.33,397.3,397.56,508
2026-05-18T17:35:00+00:00,397.56,397.7,397.01,397.21,483
2026-05-18T17:40:00+00:00,397.21,398.04,397.11,397.67,492
2026-05-18T17:45:00+00:00,397.67,397.7,397.12,397.39,620
2026-05-18T17:50:00+00:00,397.39,397.95,397.38,397.66,518
2026-05-18T17:55:00+00:00,397.66,397.77,397.21,397.64,572
2026-05-18T18:00:00+00:00,397.64,397.64,396.47,396.7,623
2026-05-18T18:05:00+00:00,396.7,396.97,396.38,396.48,621
2026-05-18T18:10:00+00:00,396.48,396.68,396.13,396.13,636
2026-05-18T18:15:00+00:00,396.13,396.15,394.89,395.12,807
2026-05-18T18:20:00+00:00,395.12,395.12,394.51,394.84,841
2026-05-18T18:25:00+00:00,394.84,395.28,394.52,394.83,1083
2026-05-18T18:30:00+00:00,394.83,395.08,394.31,394.45,640
2026-05-18T18:35:00+00:00,394.45,394.64,393.89,393.9,618
2026-05-18T18:40:00+00:00,393.9,394.31,393.79,393.97,732
2026-05-18T18:45:00+00:00,393.97,394.26,393.56,393.6,795
2026-05-18T18:50:00+00:00,393.6,394.01,393.5,393.58,669
2026-05-18T18:55:00+00:00,393.58,393.78,393,393,730
2026-05-18T19:00:00+00:00,393,395.6,392.88,394.57,1112
2026-05-18T19:05:00+00:00,394.57,395.4,393.91,394.78,948
2026-05-18T19:10:00+00:00,394.78,394.92,394.26,394.42,865
2026-05-18T19:15:00+00:00,394.42,394.59,393.75,394.15,804
2026-05-18T19:20:00+00:00,394.15,394.37,393.34,393.4,729
2026-05-18T19:25:00+00:00,393.4,393.55,392.88,393.29,605
2026-05-18T19:30:00+00:00,393.29,393.84,393.09,393.62,654
2026-05-18T19:35:00+00:00,393.62,393.88,393.25,393.75,557
2026-05-18T19:40:00+00:00,393.75,394.25,393.56,394.03,877
2026-05-18T19:45:00+00:00,394.03,394.26,393.47,393.84,696
2026-05-18T19:50:00+00:00,393.84,394.08,393.08,393.59,1134
2026-05-18T19:55:00+00:00,393.59,393.59,391.98,393.27,1695
2026-05-19T13:30:00+00:00,393.27,393.27,388.73,388.75,1327
2026-05-19T13:35:00+00:00,388.75,389.2,387.53,388.01,1344
2026-05-19T13:40:00+00:00,388.01,388.81,385.88,385.89,1325
2026-05-19T13:45:00+00:00,385.89,386.71,384.5,385.1,1340
2026-05-19T13:50:00+00:00,385.1,385.95,383.91,385.78,1369
2026-05-19T13:55:00+00:00,385.78,387.31,385.04,387.08,1417
2026-05-19T14:00:00+00:00,387.08,388.09,386.8,387.71,1173
2026-05-19T14:05:00+00:00,387.71,389.03,386.68,389.03,1397
2026-05-19T14:10:00+00:00,389.03,389.72,387.76,387.79,1222
2026-05-19T14:15:00+00:00,387.79,387.79,385.94,386.29,1195
2026-05-19T14:20:00+00:00,386.29,386.8,384.39,385.39,1567
2026-05-19T14:25:00+00:00,385.39,386.72,384.96,386.41,1281
2026-05-19T14:30:00+00:00,386.41,387.26,385.89,386.64,1374
2026-05-19T14:35:00+00:00,386.64,387.48,386.64,387.04,1008
2026-05-19T14:40:00+00:00,387.04,387.9,385.74,385.9,1041
2026-05-19T14:45:00+00:00,385.9,386.04,384.52,385.14,999
2026-05-19T14:50:00+00:00,385.14,386.03,384.78,385.47,894
2026-05-19T14:55:00+00:00,385.47,385.97,385.09,385.88,816
2026-05-19T15:00:00+00:00,385.88,386.34,385.48,385.69,896
2026-05-19T15:05:00+00:00,385.69,385.83,384.88,385.8,920
2026-05-19T15:10:00+00:00,385.8,386.19,385.13,385.41,769
2026-05-19T15:15:00+00:00,385.41,385.66,384.68,384.68,723
2026-05-19T15:20:00+00:00,384.68,385.04,383.85,383.86,904
2026-05-19T15:25:00+00:00,383.86,384.18,383.28,383.66,875
2026-05-19T15:30:00+00:00,383.66,385.14,383.59,384.92,764
2026-05-19T15:35:00+00:00,384.92,384.96,384.07,384.36,809
2026-05-19T15:40:00+00:00,384.36,384.61,383.78,384.59,872
2026-05-19T15:45:00+00:00,384.59,384.59,383.78,384.2,804
2026-05-19T15:50:00+00:00,384.2,384.33,383.59,383.85,673
2026-05-19T15:55:00+00:00,383.85,383.85,383.28,383.6,749
2026-05-19T16:00:00+00:00,383.6,384.62,383.54,384.62,811
2026-05-19T16:05:00+00:00,384.62,384.92,383.92,383.93,709
2026-05-19T16:10:00+00:00,383.93,384.11,382.88,382.96,680
2026-05-19T16:15:00+00:00,382.96,384.42,382.96,384.2,838
2026-05-19T16:20:00+00:00,384.2,384.65,384.09,384.46,648
2026-05-19T16:25:00+00:00,384.46,384.95,384.45,384.7,693
2026-05-19T16:30:00+00:00,384.7,385.28,384.48,384.95,728
2026-05-19T16:35:00+00:00,384.95,384.97,384.21,384.68,549
2026-05-19T16:40:00+00:00,384.68,384.77,384.21,384.4,506
2026-05-19T16:45:00+00:00,384.4,384.82,384.08,384.09,703
2026-05-19T16:50:00+00:00,384.09,386.36,383.99,386.27,627
2026-05-19T16:55:00+00:00,386.27,386.8,386.27,386.55,816
2026-05-19T17:00:00+00:00,386.55,387.88,386.28,387.8,839
2026-05-19T17:05:00+00:00,387.8,388.68,387.78,388.01,939
2026-05-19T17:10:00+00:00,388.01,388.32,387.69,387.94,743
2026-05-19T17:15:00+00:00,387.94,389.26,387.81,388.9,829
2026-05-19T17:20:00+00:00,388.9,390.13,388.59,389.46,874
2026-05-19T17:25:00+00:00,389.46,389.85,387.2,387.97,885
2026-05-19T17:30:00+00:00,387.97,388.49,386.62,386.74,688
2026-05-19T17:35:00+00:00,386.74,387.34,386.32,386.6,640
2026-05-19T17:40:00+00:00,386.6,386.87,386.14,386.45,626
2026-05-19T17:45:00+00:00,386.45,386.67,386.13,386.25,723
2026-05-19T17:50:00+00:00,386.25,386.74,386.13,386.68,689
2026-05-19T17:55:00+00:00,386.68,388.12,386.68,387.93,906
2026-05-19T18:00:00+00:00,387.93,388.18,387.43,388,836
2026-05-19T18:05:00+00:00,388,388.09,387.36,387.45,925
2026-05-19T18:10:00+00:00,387.45,387.79,387.22,387.38,880
2026-05-19T18:15:00+00:00,387.38,387.64,386.38,386.46,540
2026-05-19T18:20:00+00:00,386.46,387.06,386.41,386.71,605
2026-05-19T18:25:00+00:00,386.71,387.21,386.29,386.49,619
2026-05-19T18:30:00+00:00,386.49,386.59,386.23,386.51,662
2026-05-19T18:35:00+00:00,386.51,386.67,386.18,386.22,623
2026-05-19T18:40:00+00:00,386.22,386.43,385.99,386.05,557
2026-05-19T18:45:00+00:00,386.05,386.23,385.51,386.16,612
2026-05-19T18:50:00+00:00,386.16,386.16,385.08,385.14,795
2026-05-19T18:55:00+00:00,385.14,385.54,384.89,385.4,717
2026-05-19T19:00:00+00:00,385.4,385.69,384.98,385.33,783
2026-05-19T19:05:00+00:00,385.33,385.75,385.03,385.58,612
2026-05-19T19:10:00+00:00,385.58,386.06,385.27,385.99,868
2026-05-19T19:15:00+00:00,385.99,386.63,385.88,386.37,660
2026-05-19T19:20:00+00:00,386.37,386.49,385.39,385.41,812
2026-05-19T19:25:00+00:00,385.41,386.19,385.17,386.05,885
2026-05-19T19:30:00+00:00,386.05,386.14,385.59,385.64,641
2026-05-19T19:35:00+00:00,385.64,385.74,385.38,385.53,449
2026-05-19T19:40:00+00:00,385.53,385.61,385.05,385.09,495
2026-05-19T19:45:00+00:00,385.09,385.24,384.81,384.83,715
2026-05-19T19:50:00+00:00,384.83,385.12,384.16,384.53,1331
2026-05-19T19:55:00+00:00,384.53,385.03,383.71,384.98,2360
2026-05-20T13:30:00+00:00,384.98,390.46,383.89,389.47,2109
2026-05-20T13:35:00+00:00,389.47,390.08,384.97,385.75,2830
2026-05-20T13:40:00+00:00,385.75,386.95,384.81,385.74,2672
2026-05-20T13:45:00+00:00,385.74,386.14,384.61,385.17,2250
2026-05-20T13:50:00+00:00,385.17,385.5,383.69,383.75,2192
2026-05-20T13:55:00+00:00,383.75,384.12,382.25,383.74,2277
2026-05-20T14:00:00+00:00,383.74,383.85,381.63,381.72,1869
2026-05-20T14:05:00+00:00,381.72,382.11,380.65,381.16,2007
2026-05-20T14:10:00+00:00,381.16,381.98,379.88,380.97,2380
2026-05-20T14:15:00+00:00,380.97,382.94,380.97,382.64,2360
2026-05-20T14:20:00+00:00,382.64,383.88,382.62,383.07,2330
2026-05-20T14:25:00+00:00,383.07,383.2,381.76,381.9,2022
2026-05-20T14:30:00+00:00,381.9,382.56,381.68,381.68,1614
2026-05-20T14:35:00+00:00,381.68,382.21,381.48,381.7,1823
2026-05-20T14:40:00+00:00,381.7,382.09,381.19,382.09,1342
2026-05-20T14:45:00+00:00,382.09,382.19,381.28,381.41,1138
2026-05-20T14:50:00+00:00,381.41,382.12,381,382,1121
2026-05-20T14:55:00+00:00,382,382.64,-1402.1399999999999,-1401.56,1164.9037232042122
2026-05-20T15:00:00+00:00,382.19,382.83,381.88,381.91,1223
2026-05-20T15:05:00+00:00,381.91,382.26,381.12,381.38,1460
2026-05-20T15:10:00+00:00,381.38,381.52,381.13,381.38,760
2026-05-20T15:15:00+00:00,381.38,383.46,381.38,382,2405
2026-05-20T15:20:00+00:00,382,382.75,381.79,381.95,1748
2026-05-20T15:25:00+00:00,381.95,382.08,380.98,381.03,1468
2026-05-20T15:30:00+00:00,381.03,381.68,380.93,381.23,1020
2026-05-20T15:35:00+00:00,381.23,381.69,381.13,381.59,1145
2026-05-20T15:40:00+00:00,381.59,382.27,381.47,382.23,1006
2026-05-20T15:45:00+00:00,382.23,383.68,382.2,383.57,935
2026-05-20T15:50:00+00:00,383.57,383.93,383.28,383.52,1013
2026-05-20T15:55:00+00:00,383.52,383.65,382.65,383.1,1223
2026-05-20T16:00:00+00:00,383.1,383.59,382.88,383.44,788
2026-05-20T16:05:00+00:00,383.44,383.44,382.7,382.82,901
2026-05-20T16:10:00+00:00,382.82,382.97,382.4,382.68,915
2026-05-20T16:15:00+00:00,382.68,382.75,382.18,382.19,1307
2026-05-20T16:20:00+00:00,382.19,382.4,381.58,382.05,1329
2026-05-20T16:25:00+00:00,382.05,382.05,381.68,382.05,1453
2026-05-20T16:30:00+00:00,382.05,382.17,381.4,381.4,1138
2026-05-20T16:35:00+00:00,381.4,381.8,381.26,381.39,983
2026-05-20T16:40:00+00:00,381.39,382.29,381.29,382.22,1075
2026-05-20T16:45:00+00:00,382.22,382.33,381.41,381.69,1030
2026-05-20T16:50:00+00:00,381.69,382.18,381.66,382.1,739
2026-05-20T16:55:00+00:00,382.1,382.18,381.38,381.83,752
2026-05-20T17:00:00+00:00,381.83,382.23,381.59,381.69,837
2026-05-20T17:05:00+00:00,381.69,381.7,380.98,381.08,650
2026-05-20T17:10:00+00:00,381.08,382.18,380.88,381.96,977
2026-05-20T17:15:00+00:00,381.96,382.23,381.6,381.79,812
2026-05-20T17:20:00+00:00,381.79,381.89,381.28,381.4,693
2026-05-20T17:25:00+00:00,381.4,381.97,381.38,381.97,693
2026-05-20T17:30:00+00:00,381.97,382.12,381.16,381.2,913
2026-05-20T17:35:00+00:00,381.2,382.06,381.11,381.72,732
2026-05-20T17:40:00+00:00,381.72,381.86,381.48,381.48,440
2026-05-20T17:45:00+00:00,381.48,381.61,381.13,381.34,514
2026-05-20T17:50:00+00:00,381.34,381.78,381.22,381.51,841
2026-05-20T17:55:00+00:00,381.51,382.47,381.4,382.22,955
2026-05-20T18:00:00+00:00,382.22,382.87,381.79,382.85,1177
2026-05-20T18:05:00+00:00,382.85,383.55,382.71,382.99,1042
2026-05-20T18:10:00+00:00,382.99,383.27,382.79,382.8,799
2026-05-20T18:15:00+00:00,382.8,383.27,382.78,383.09,608
2026-05-20T18:20:00+00:00,383.09,383.47,382.6,382.6,648
2026-05-20T18:25:00+00:00,382.6,383.02,382.39,383.02,651
2026-05-20T18:30:00+00:00,383.02,383.07,382.59,382.92,575
2026-05-20T18:35:00+00:00,382.92,383.76,382.76,383.63,656
2026-05-20T18:40:00+00:00,383.63,383.72,383.33,383.35,559
2026-05-20T18:45:00+00:00,383.35,383.74,383.23,383.3,568
2026-05-20T18:50:00+00:00,383.3,383.95,383.25,383.75,499
2026-05-20T18:55:00+00:00,383.75,384.11,383.67,383.81,498
2026-05-20T19:00:00+00:00,383.81,384.1,383.49,383.49,454
2026-05-20T19:05:00+00:00,383.49,383.5,382.81,382.97,579
2026-05-20T19:10:00+00:00,382.97,383.46,382.88,383.35,643
2026-05-20T19:15:00+00:00,383.35,383.8,382.96,383.59,599
2026-05-20T19:20:00+00:00,383.59,384.06,383.58,383.71,858
2026-05-20T19:25:00+00:00,383.71,384.24,383.63,383.91,747
2026-05-20T19:30:00+00:00,383.91,384.27,383.58,383.88,631
2026-05-20T19:35:00+00:00,383.88,384.53,383.88,384.3,764
2026-05-20T19:40:00+00:00,384.3,384.56,384.22,384.23,553
2026-05-20T19:45:00+00:00,384.23,384.54,383.8,384.39,791
2026-05-20T19:50:00+00:00,384.39,385.08,383.88,384.65,1168
2026-05-20T19:55:00+00:00,384.65,385.19,383.89,384.72,1946
2026-05-21T13:30:00+00:00,384.72,384.72,379.33,381.1,1158
2026-05-21T13:35:00+00:00,381.1,382.46,380.65,381.07,1507
2026-05-21T13:40:00+00:00,381.07,382.87,381.02,382.54,1076
2026-05-21T13:45:00+00:00,382.54,382.89,381.51,381.72,1569
2026-05-21T13:50:00+00:00,381.72,382.48,381.38,382.03,1863
2026-05-21T13:55:00+00:00,382.03,382.36,380.89,381.8,1960
2026-05-21T14:00:00+00:00,381.8,382.13,379.79,379.83,1307
2026-05-21T14:05:00+00:00,379.83,380.89,379.38,380.82,1420
2026-05-21T14:10:00+00:00,380.82,381.49,379.88,380.21,1604
2026-05-21T14:15:00+00:00,380.21,382.18,380.16,381.89,1588
2026-05-21T14:20:00+00:00,381.89,381.97,380.65,381.25,1622
2026-05-21T14:25:00+00:00,381.25,382.58,381.1,382.53,1244
2026-05-21T14:30:00+00:00,382.53,384.29,382.44,383.96,1308
2026-05-21T14:35:00+00:00,383.96,384.4,383.75,383.77,980
2026-05-21T14:40:00+00:00,383.77,384.06,383.39,383.96,1281
2026-05-21T14:45:00+00:00,383.96,384.24,383.52,383.89,1542
2026-05-21T14:50:00+00:00,383.89,384.57,383.52,384.25,1456
2026-05-21T14:55:00+00:00,384.25,385.27,384.23,384.63,1022
2026-05-21T15:00:00+00:00,384.63,385.21,384.18,384.81,773
2026-05-21T15:05:00+00:00,384.81,384.99,383.91,384.37,958
2026-05-21T15:10:00+00:00,384.37,385.34,383.79,385.27,1044
2026-05-21T15:15:00+00:00,385.27,385.31,384.74,385.16,687
2026-05-21T15:20:00+00:00,385.16,385.43,384.58,384.59,765
2026-05-21T15:25:00+00:00,384.59,385.38,384.44,385.17,986
2026-05-21T15:30:00+00:00,385.17,385.61,384.88,384.96,883
2026-05-21T15:35:00+00:00,384.96,386.52,384.91,386.44,916
2026-05-21T15:40:00+00:00,386.44,386.49,385.6,386.04,763
2026-05-21T15:45:00+00:00,386.04,386.28,385.52,385.56,747
2026-05-21T15:50:00+00:00,385.56,385.73,385.22,385.31,694
2026-05-21T15:55:00+00:00,385.31,385.8,385.22,385.48,819
2026-05-21T16:00:00+00:00,385.48,386.19,385.46,385.87,694
2026-05-21T16:05:00+00:00,385.87,385.9,385.22,385.74,549
2026-05-21T16:10:00+00:00,385.74,385.84,385.11,385.34,655
2026-05-21T16:15:00+00:00,385.34,385.69,385.04,385.69,649
2026-05-21T16:20:00+00:00,385.69,385.84,384.78,385.14,573
2026-05-21T16:25:00+00:00,385.14,385.29,384.8,384.98,548
2026-05-21T16:30:00+00:00,384.98,385.2,384.76,384.79,676
2026-05-21T16:35:00+00:00,384.79,384.9,383.9,384.11,549
2026-05-21T16:40:00+00:00,384.11,384.45,383.89,384.14,494
2026-05-21T16:45:00+00:00,384.14,384.43,383.68,383.78,526
2026-05-21T16:50:00+00:00,383.78,384.09,383.43,383.76,579
2026-05-21T16:55:00+00:00,383.76,384.31,383.66,384.1,543
2026-05-21T17:00:00+00:00,384.1,384.6,384.03,384.42,556
2026-05-21T17:05:00+00:00,384.42,384.54,384.04,384.08,485
2026-05-21T17:10:00+00:00,384.08,385.16,384.08,384.97,1095
2026-05-21T17:15:00+00:00,384.97,386.39,384.92,386.04,1496
2026-05-21T17:20:00+00:00,386.04,386.98,385.06,385.78,1582
2026-05-21T17:25:00+00:00,385.78,386.54,385.7,386.31,1038
2026-05-21T17:30:00+00:00,386.31,386.69,385.88,386.28,1017
2026-05-21T17:35:00+00:00,386.28,386.63,386.17,386.44,913
2026-05-21T17:40:00+00:00,386.44,387.22,386.38,386.93,801
2026-05-21T17:45:00+00:00,386.93,387.46,386.23,387.41,600
2026-05-21T17:50:00+00:00,387.41,388.32,387.18,388.19,785
2026-05-21T17:55:00+00:00,388.19,388.51,387.83,387.85,973
2026-05-21T18:00:00+00:00,387.85,387.99,386.23,386.26,1273
2026-05-21T18:05:00+00:00,386.26,386.75,386.17,386.35,794
2026-05-21T18:10:00+00:00,386.35,386.53,385.8,385.89,759
2026-05-21T18:15:00+00:00,385.89,386.63,385.86,386.48,540
2026-05-21T18:20:00+00:00,386.48,387.01,386.4,386.62,483
2026-05-21T18:25:00+00:00,386.62,386.73,386.38,386.4,461
2026-05-21T18:30:00+00:00,386.4,386.63,386.02,386.4,746
2026-05-21T18:35:00+00:00,386.4,386.61,386,386.14,687
2026-05-21T18:40:00+00:00,386.14,386.76,386.08,386.66,702
2026-05-21T18:45:00+00:00,386.66,386.83,385.89,386.18,1052
2026-05-21T18:50:00+00:00,386.18,386.55,384.45,384.56,1669
2026-05-21T18:55:00+00:00,384.56,384.75,384.09,384.62,1478
2026-05-21T19:00:00+00:00,384.62,384.87,384.09,384.64,939
2026-05-21T19:05:00+00:00,384.64,384.91,383.91,384.76,787
2026-05-21T19:10:00+00:00,384.76,384.76,384.08,384.5,596
2026-05-21T19:15:00+00:00,384.5,384.69,384.14,384.62,512
2026-05-21T19:20:00+00:00,384.62,384.67,384.24,384.48,440
2026-05-21T19:25:00+00:00,384.48,384.99,384.48,384.91,471
2026-05-21T19:30:00+00:00,384.91,385.26,384.36,384.6,425
2026-05-21T19:35:00+00:00,384.6,384.64,384.16,384.35,485
2026-05-21T19:40:00+00:00,384.35,384.61,384.07,384.26,469
2026-05-21T19:45:00+00:00,384.26,384.65,384.11,384.62,554
2026-05-21T19:50:00+00:00,384.62,384.67,382.22,382.22,1427
2026-05-21T19:55:00+00:00,382.22,383.47,381.62,383.23,2100
2026-05-22T13:30:00+00:00,383.23,383.23,381.06,382.62,912
2026-05-22T13:35:00+00:00,382.62,383.16,381.88,382.31,1627
2026-05-22T13:40:00+00:00,382.31,382.8,380.48,381.54,1680
2026-05-22T13:45:00+00:00,381.54,382.21,381.28,381.38,1033
2026-05-22T13:50:00+00:00,381.38,381.78,381.03,381.78,1235
2026-05-22T13:55:00+00:00,381.78,382.29,381.39,382.15,814
2026-05-22T14:00:00+00:00,382.15,382.15,380.18,381,1186
2026-05-22T14:05:00+00:00,381,381.39,380.38,381.15,961
2026-05-22T14:10:00+00:00,381.15,381.42,380.88,381.23,872
2026-05-22T14:15:00+00:00,381.23,382.36,381.21,381.65,699
2026-05-22T14:20:00+00:00,381.65,382.06,381.28,381.94,974
2026-05-22T14:25:00+00:00,381.94,383.12,381.89,382.9,1137
2026-05-22T14:30:00+00:00,382.9,383.02,382.2,382.26,1025
2026-05-22T14:35:00+00:00,382.26,382.6,382.04,382.25,854
2026-05-22T14:40:00+00:00,382.25,383.33,382.23,383.1,758
2026-05-22T14:45:00+00:00,383.1,383.31,382.79,383.03,782
2026-05-22T14:50:00+00:00,383.03,383.7,382.92,383.52,633
2026-05-22T14:55:00+00:00,383.52,383.88,-1400.29,-1400.06,630.3345854574725
2026-05-22T15:00:00+00:00,383.76,384.15,383.2,384.01,700
2026-05-22T15:05:00+00:00,384.01,384.34,384,384.32,564
2026-05-22T15:10:00+00:00,384.32,384.74,384.17,384.35,581
2026-05-22T15:15:00+00:00,384.35,384.65,384.08,384.11,611
2026-05-22T15:20:00+00:00,384.11,384.11,382.99,383.01,604
2026-05-22T15:25:00+00:00,383.01,383.11,382.55,383.05,539
2026-05-22T15:30:00+00:00,383.05,383.14,382.78,382.96,500
2026-05-22T15:35:00+00:00,382.96,383.38,382.84,383.12,510
2026-05-22T15:40:00+00:00,383.12,383.39,383.02,383.37,350
2026-05-22T15:45:00+00:00,383.37,383.51,382.78,382.8,468
2026-05-22T15:50:00+00:00,382.8,383.11,382.73,382.97,543
2026-05-22T15:55:00+00:00,382.97,383.08,382.76,382.96,531
2026-05-22T16:00:00+00:00,382.96,383.01,382.64,382.81,607
2026-05-22T16:05:00+00:00,382.81,383.13,382.74,382.88,940
2026-05-22T16:10:00+00:00,382.88,382.93,382.38,382.38,739
2026-05-22T16:15:00+00:00,382.38,382.44,381.76,381.82,1065
2026-05-22T16:20:00+00:00,381.82,382.22,381.78,381.95,654
2026-05-22T16:25:00+00:00,381.95,382.14,381.88,382.01,563
2026-05-22T16:30:00+00:00,382.01,382.24,381.47,381.5,785
2026-05-22T16:35:00+00:00,381.5,381.85,381.42,381.67,644
2026-05-22T16:40:00+00:00,381.67,381.84,381.58,381.61,556
2026-05-22T16:45:00+00:00,381.61,382.1,381.6,381.85,621
2026-05-22T16:50:00+00:00,381.85,382.24,381.83,382.19,720
2026-05-22T16:55:00+00:00,382.19,382.26,381.94,382.09,681
2026-05-22T17:00:00+00:00,382.09,382.33,382,382.25,595
2026-05-22T17:05:00+00:00,382.25,382.37,381.47,381.6,638
2026-05-22T17:10:00+00:00,381.6,382.03,381.59,381.89,453
2026-05-22T17:15:00+00:00,381.89,382.05,381.1,381.11,550
2026-05-22T17:20:00+00:00,381.11,381.53,381.1,381.24,455
2026-05-22T17:25:00+00:00,381.24,382.19,381.19,382.13,731
2026-05-22T17:30:00+00:00,382.13,382.45,381.61,381.97,687
2026-05-22T17:35:00+00:00,381.97,381.97,381.62,381.87,407
2026-05-22T17:40:00+00:00,381.87,382.06,381.59,381.66,367
2026-05-22T17:45:00+00:00,381.66,381.81,381.5,381.56,362
2026-05-22T17:50:00+00:00,381.56,381.81,381.18,381.25,510
2026-05-22T17:55:00+00:00,381.25,381.47,380.89,380.9,389
2026-05-22T18:00:00+00:00,380.9,381.06,380.29,380.42,528
2026-05-22T18:05:00+00:00,380.42,380.97,380.33,380.81,374
2026-05-22T18:10:00+00:00,380.81,380.89,380.48,380.52,262
2026-05-22T18:15:00+00:00,380.52,380.67,380.28,380.61,371
2026-05-22T18:20:00+00:00,380.61,380.75,380.48,380.53,308
2026-05-22T18:25:00+00:00,380.53,380.59,380.24,380.42,363
2026-05-22T18:30:00+00:00,380.42,380.94,380.4,380.86,433
2026-05-22T18:35:00+00:00,380.86,381.18,380.49,380.9,408
2026-05-22T18:40:00+00:00,380.9,381.08,380.62,380.88,435
2026-05-22T18:45:00+00:00,380.88,380.98,380.6,380.67,356
2026-05-22T18:50:00+00:00,380.67,380.78,380.32,380.58,393
2026-05-22T18:55:00+00:00,380.58,380.81,380.44,380.69,381
2026-05-22T19:00:00+00:00,380.69,381.07,380.38,380.39,533
2026-05-22T19:05:00+00:00,380.39,380.56,379.81,379.9,431
2026-05-22T19:10:00+00:00,379.9,380.06,379.23,379.31,458
2026-05-22T19:15:00+00:00,379.31,379.59,379.14,379.44,483
2026-05-22T19:20:00+00:00,379.44,379.5,379.01,379.48,690
2026-05-22T19:25:00+00:00,379.48,379.53,378.82,378.89,1039
2026-05-22T19:30:00+00:00,378.89,379.3,378.73,379.17,451
2026-05-22T19:35:00+00:00,379.17,379.36,378.88,379.08,395
2026-05-22T19:40:00+00:00,379.08,379.14,378.39,378.63,378
2026-05-22T19:45:00+00:00,378.63,378.67,378.19,378.52,555
2026-05-22T19:50:00+00:00,378.52,379.36,378.13,379.36,921
2026-05-22T19:55:00+00:00,379.36,379.58,378.66,379.4,1072
2026-05-26T13:30:00+00:00,379.4,382.53,379.4,380.23,1066
2026-05-26T13:35:00+00:00,380.23,380.72,378.99,379.72,1633
2026-05-26T13:40:00+00:00,379.72,381.33,379.72,380.98,1134
2026-05-26T13:45:00+00:00,380.98,381.59,380.62,381.2,1049
2026-05-26T13:50:00+00:00,381.2,381.35,380.18,381.26,1129
2026-05-26T13:55:00+00:00,381.26,383.24,381,383.24,940
2026-05-26T14:00:00+00:00,383.24,383.99,382.55,383.63,1115
2026-05-26T14:05:00+00:00,383.63,383.98,383.02,383.25,905
2026-05-26T14:10:00+00:00,383.25,384.05,383.04,384.04,747
2026-05-26T14:15:00+00:00,384.04,384.16,383.6,383.9,901
2026-05-26T14:20:00+00:00,383.9,384.27,382.82,382.93,868
2026-05-26T14:25:00+00:00,382.93,383.49,382.82,383.31,839
2026-05-26T14:30:00+00:00,383.31,383.72,382.92,383.62,951
2026-05-26T14:35:00+00:00,383.62,383.92,383.13,383.14,923
2026-05-26T14:40:00+00:00,383.14,383.15,381.9,382.18,880
2026-05-26T14:45:00+00:00,382.18,382.58,381.96,381.96,832
2026-05-26T14:50:00+00:00,381.96,382.57,381.83,382.32,974
2026-05-26T14:55:00+00:00,382.32,384.09,382.26,384.09,1240
2026-05-26T15:00:00+00:00,384.09,384.58,383.75,383.97,1541
2026-05-26T15:05:00+00:00,383.97,385.25,383.68,385.06,1332
2026-05-26T15:10:00+00:00,385.06,385.25,384.03,384.05,1022
2026-05-26T15:15:00+00:00,384.05,384.05,383.08,383.18,1077
2026-05-26T15:20:00+00:00,383.18,383.29,381.9,382.13,1313
2026-05-26T15:25:00+00:00,382.13,382.48,381.78,382,990
2026-05-26T15:30:00+00:00,382,382.34,381.64,381.72,1372
2026-05-26T15:35:00+00:00,381.72,382.31,381.64,382.31,988
2026-05-26T15:40:00+00:00,382.31,382.66,381.98,382.45,1160
2026-05-26T15:45:00+00:00,382.45,382.8,381.88,382.61,943
2026-05-26T15:50:00+00:00,382.61,383.01,382.4,382.8,782
2026-05-26T15:55:00+00:00,382.8,383.05,382.13,382.44,1024
2026-05-26T16:00:00+00:00,382.44,382.56,381.88,381.97,833
2026-05-26T16:05:00+00:00,381.97,382.13,381.79,381.99,529
2026-05-26T16:10:00+00:00,381.99,382.75,381.93,382.44,730
2026-05-26T16:15:00+00:00,382.44,383.15,382.38,383.06,585
2026-05-26T16:20:00+00:00,383.06,383.07,382.06,382.39,558
2026-05-26T16:25:00+00:00,382.39,382.84,382.22,382.69,545
2026-05-26T16:30:00+00:00,382.69,383.09,382.66,383.07,472
2026-05-26T16:35:00+00:00,383.07,383.17,382.26,382.39,480
2026-05-26T16:40:00+00:00,382.39,382.43,381.99,382.12,457
2026-05-26T16:45:00+00:00,382.12,382.35,382,382.16,536
2026-05-26T16:50:00+00:00,382.16,382.73,382.06,382.71,527
2026-05-26T16:55:00+00:00,382.71,382.73,382.08,382.39,580
2026-05-26T17:00:00+00:00,382.39,382.6,382.2,382.38,444
2026-05-26T17:05:00+00:00,382.38,382.69,382,382.09,553
2026-05-26T17:10:00+00:00,382.09,382.23,381.9,381.95,500
2026-05-26T17:15:00+00:00,381.95,382.22,381.18,382.17,616
2026-05-26T17:20:00+00:00,382.17,382.32,381.74,381.9,733
2026-05-26T17:25:00+00:00,381.9,382.2,381.74,381.75,462
2026-05-26T17:30:00+00:00,381.75,382.15,381.58,382.05,585
2026-05-26T17:35:00+00:00,382.05,382.27,381.82,381.88,503
2026-05-26T17:40:00+00:00,381.88,382.39,381.64,382.33,424
2026-05-26T17:45:00+00:00,382.33,382.52,382.06,382.43,314
2026-05-26T17:50:00+00:00,382.43,382.87,382.43,382.68,356
2026-05-26T17:55:00+00:00,382.68,382.68,382.31,382.56,446
2026-05-26T18:00:00+00:00,382.56,382.56,382.02,382.32,488
2026-05-26T18:05:00+00:00,382.32,382.72,382.25,382.63,348
2026-05-26T18:10:00+00:00,382.63,383.06,382.63,382.94,325
2026-05-26T18:15:00+00:00,382.94,383.15,382.71,382.8,415
2026-05-26T18:20:00+00:00,382.8,382.89,381.93,382.17,501
2026-05-26T18:25:00+00:00,382.17,382.81,382.17,382.47,517
2026-05-26T18:30:00+00:00,382.47,382.79,382.27,382.35,461
2026-05-26T18:35:00+00:00,382.35,382.44,382.12,382.25,458
2026-05-26T18:40:00+00:00,382.25,382.33,381.67,381.68,431
2026-05-26T18:45:00+00:00,381.68,382.16,381.67,381.96,442
2026-05-26T18:50:00+00:00,381.96,382.23,381.88,381.93,628
2026-05-26T18:55:00+00:00,381.93,382.24,381.8,381.83,543
2026-05-26T19:00:00+00:00,381.83,382.44,381.79,382.44,389
2026-05-26T19:05:00+00:00,382.44,382.61,381.97,382.57,458
2026-05-26T19:10:00+00:00,382.57,382.73,382.18,382.28,398
2026-05-26T19:15:00+00:00,382.28,382.97,382.19,382.92,485
2026-05-26T19:20:00+00:00,382.92,383.02,382.65,382.69,390
2026-05-26T19:25:00+00:00,382.69,383.11,382.69,383.06,413
2026-05-26T19:30:00+00:00,383.06,383.83,382.96,383.83,515
2026-05-26T19:35:00+00:00,383.83,383.87,383.61,383.7,302
2026-05-26T19:40:00+00:00,383.7,384.41,383.54,384.14,711
2026-05-26T19:45:00+00:00,384.14,384.65,384.1,384.64,657
2026-05-26T19:50:00+00:00,384.64,384.66,383.96,384.04,976
2026-05-26T19:55:00+00:00,384.04,384.86,383.82,384.6,1636
2026-05-27T13:30:00+00:00,384.6,385.29,381.29,382.77,1317
2026-05-27T13:35:00+00:00,382.77,386.64,382.76,385.13,1507
2026-05-27T13:40:00+00:00,385.13,385.86,383.54,384.49,1406
2026-05-27T13:45:00+00:00,384.49,385.54,383.89,384.72,1569
2026-05-27T13:50:00+00:00,384.72,385.68,384.41,385.04,1388
2026-05-27T13:55:00+00:00,385.04,386.43,384.63,386.26,1239
2026-05-27T14:00:00+00:00,386.26,388.58,386.19,388.56,1320
2026-05-27T14:05:00+00:00,388.56,388.56,386.88,386.95,1537
2026-05-27T14:10:00+00:00,386.95,387.21,385.68,387.03,1078
2026-05-27T14:15:00+00:00,387.03,388.71,386.96,388.57,916
2026-05-27T14:20:00+00:00,388.57,388.76,386.88,386.95,1134
2026-05-27T14:25:00+00:00,386.95,387.84,386.59,387.49,1414
2026-05-27T14:30:00+00:00,387.49,388.2,386.88,387.6,1069
2026-05-27T14:35:00+00:00,387.6,388.14,387.52,388.12,957
2026-05-27T14:40:00+00:00,388.12,388.16,387.14,387.37,1057
2026-05-27T14:45:00+00:00,387.37,387.45,386.88,386.91,830
2026-05-27T14:50:00+00:00,386.91,387.15,386.56,386.83,942
2026-05-27T14:55:00+00:00,386.83,387.12,-1396.9099999999999,-1396.87,1031.028499332047
2026-05-27T15:00:00+00:00,386.92,387.77,386.82,387.5,1028
2026-05-27T15:05:00+00:00,387.5,387.62,386.99,387.24,951
2026-05-27T15:10:00+00:00,387.24,387.56,386.38,386.41,841
2026-05-27T15:15:00+00:00,386.41,388.03,386.39,387.39,965
2026-05-27T15:20:00+00:00,387.39,387.6,386.7,387.44,808
2026-05-27T15:25:00+00:00,387.44,387.89,386.92,387.79,833
2026-05-27T15:30:00+00:00,387.79,387.79,387.09,387.39,713
2026-05-27T15:35:00+00:00,387.39,387.91,387.09,387.11,823
2026-05-27T15:40:00+00:00,387.11,387.84,386.92,387.09,780
2026-05-27T15:45:00+00:00,387.09,387.65,386.81,387.05,830
2026-05-27T15:50:00+00:00,387.05,387.87,386.9,387.46,602
2026-05-27T15:55:00+00:00,387.46,387.61,386.93,387.07,697
2026-05-27T16:00:00+00:00,387.07,387.12,385.89,386.24,731
2026-05-27T16:05:00+00:00,386.24,386.94,386.2,386.73,698
2026-05-27T16:10:00+00:00,386.73,387.04,386.51,386.66,615
2026-05-27T16:15:00+00:00,386.66,386.79,386.09,386.24,525
2026-05-27T16:20:00+00:00,386.24,387.21,386.23,387.19,584
2026-05-27T16:25:00+00:00,387.19,387.29,386.73,387.15,534
2026-05-27T16:30:00+00:00,387.15,388.34,387.07,388.32,621
2026-05-27T16:35:00+00:00,388.32,389.5,388.26,389.31,734
2026-05-27T16:40:00+00:00,389.31,389.52,388.97,389.08,744
2026-05-27T16:45:00+00:00,389.08,389.11,388.43,388.76,684
2026-05-27T16:50:00+00:00,388.76,388.81,387.78,387.84,569
2026-05-27T16:55:00+00:00,387.84,387.88,387.2,387.62,551
2026-05-27T17:00:00+00:00,387.62,387.74,387.16,387.49,625
2026-05-27T17:05:00+00:00,387.49,387.64,386.88,386.89,677
2026-05-27T17:10:00+00:00,386.89,387.21,386.48,386.68,530
2026-05-27T17:15:00+00:00,386.68,387.07,386.59,386.83,385
2026-05-27T17:20:00+00:00,386.83,386.94,386.63,386.63,383
2026-05-27T17:25:00+00:00,386.63,386.77,386.26,386.3,413
2026-05-27T17:30:00+00:00,386.3,386.63,386.26,386.3,480
2026-05-27T17:35:00+00:00,386.3,387.46,386.3,387.24,534
2026-05-27T17:40:00+00:00,387.24,387.52,386.89,387.4,529
2026-05-27T17:45:00+00:00,387.4,387.45,386.78,386.8,491
2026-05-27T17:50:00+00:00,386.8,387.57,386.65,387.57,546
2026-05-27T17:55:00+00:00,387.57,388.12,387.46,387.82,642
2026-05-27T18:00:00+00:00,387.82,388.05,387.12,387.26,718
2026-05-27T18:05:00+00:00,387.26,387.84,387.06,387.66,651
2026-05-27T18:10:00+00:00,387.66,387.89,387.54,387.8,489
2026-05-27T18:15:00+00:00,387.8,388.16,387.68,388.02,496
2026-05-27T18:20:00+00:00,388.02,388.31,387.86,388.05,773
2026-05-27T18:25:00+00:00,388.05,388.61,388,388.29,716
2026-05-27T18:30:00+00:00,388.29,388.38,387.88,388.01,808
2026-05-27T18:35:00+00:00,388.01,388.08,387.13,387.47,777
2026-05-27T18:40:00+00:00,387.47,387.58,386.51,386.69,467
2026-05-27T18:45:00+00:00,386.69,386.8,386.33,386.33,451
2026-05-27T18:50:00+00:00,386.33,386.49,386.07,386.35,480
2026-05-27T18:55:00+00:00,386.35,386.97,386.25,386.59,419
2026-05-27T19:00:00+00:00,386.59,387.38,386.59,387.17,466
2026-05-27T19:05:00+00:00,387.17,387.28,386.81,386.92,405
2026-05-27T19:10:00+00:00,386.92,387.07,386.78,387,358
2026-05-27T19:15:00+00:00,387,387.03,386.6,386.8,419
2026-05-27T19:20:00+00:00,386.8,386.81,386.09,386.1,569
2026-05-27T19:25:00+00:00,386.1,386.35,386.03,386.32,384
2026-05-27T19:30:00+00:00,386.32,386.52,385.89,386.06,488
2026-05-27T19:35:00+00:00,386.06,386.31,385.89,386,352
2026-05-27T19:40:00+00:00,386,386.09,385.78,385.96,363
2026-05-27T19:45:00+00:00,385.96,386.11,385.31,385.47,682
2026-05-27T19:50:00+00:00,385.47,385.48,384.56,384.88,1499
2026-05-27T19:55:00+00:00,384.88,384.89,384.18,384.74,1941
2026-05-28T13:30:00+00:00,384.74,384.74,382.01,382.98,1183
2026-05-28T13:35:00+00:00,382.98,384.59,382.57,383.8,1125
2026-05-28T13:40:00+00:00,383.8,384.25,381.38,381.49,997
2026-05-28T13:45:00+00:00,381.49,382.57,381.13,382.28,1046
2026-05-28T13:50:00+00:00,382.28,383.76,382.28,383.26,1043
2026-05-28T13:55:00+00:00,383.26,383.46,382.61,383.16,998
2026-05-28T14:00:00+00:00,383.16,384.41,381.89,384.1,1189
2026-05-28T14:05:00+00:00,384.1,384.54,383.14,384.19,995
2026-05-28T14:10:00+00:00,384.19,386.16,383.73,386.03,1324
2026-05-28T14:15:00+00:00,386.03,386.24,385.08,385.51,1016
2026-05-28T14:20:00+00:00,385.51,385.92,384.69,384.93,933
2026-05-28T14:25:00+00:00,384.93,385.62,384.88,385.54,704
2026-05-28T14:30:00+00:00,385.54,385.67,384.78,384.78,821
2026-05-28T14:35:00+00:00,384.78,385.21,384.68,384.97,674
2026-05-28T14:40:00+00:00,384.97,385.71,384.93,385.59,579
2026-05-28T14:45:00+00:00,385.59,385.79,384.45,384.46,598
2026-05-28T14:50:00+00:00,384.46,385.15,384.45,385.09,619
2026-05-28T14:55:00+00:00,385.09,385.27,384.6,385.06,766
2026-05-28T15:00:00+00:00,385.06,386.73,384.91,386.63,1108
2026-05-28T15:05:00+00:00,386.63,387.23,386.02,386.11,1149
2026-05-28T15:10:00+00:00,386.11,386.16,385.12,385.83,751
2026-05-28T15:15:00+00:00,385.83,385.9,385.32,385.64,640
2026-05-28T15:20:00+00:00,385.64,385.68,385.19,385.42,499
2026-05-28T15:25:00+00:00,385.42,385.74,385.28,385.52,650
2026-05-28T15:30:00+00:00,385.52,386.25,385.44,386.06,658
2026-05-28T15:35:00+00:00,386.06,386.62,385.71,386.37,491
2026-05-28T15:40:00+00:00,386.37,386.45,385.83,385.99,366
2026-05-28T15:45:00+00:00,385.99,386.13,385.77,385.78,330
2026-05-28T15:50:00+00:00,385.78,386.02,385.69,385.7,414
2026-05-28T15:55:00+00:00,385.7,386.29,385.68,386.06,342
2026-05-28T16:00:00+00:00,386.06,386.26,385.81,385.9,497
2026-05-28T16:05:00+00:00,385.9,386.37,385.88,386.08,318
2026-05-28T16:10:00+00:00,386.08,386.2,385.58,385.72,401
2026-05-28T16:15:00+00:00,385.72,386.31,385.47,385.89,393
2026-05-28T16:20:00+00:00,385.89,386.17,385.33,386.04,517
2026-05-28T16:25:00+00:00,386.04,386.13,385.49,385.51,378
2026-05-28T16:30:00+00:00,385.51,385.57,384.98,385.04,395
2026-05-28T16:35:00+00:00,385.04,385.04,384.7,384.84,326
2026-05-28T16:40:00+00:00,384.84,384.95,384.5,384.59,375
2026-05-28T16:45:00+00:00,384.59,384.86,384.49,384.5,419
2026-05-28T16:50:00+00:00,384.5,384.58,384,384.29,459
2026-05-28T16:55:00+00:00,384.29,384.96,384.26,384.75,430
2026-05-28T17:00:00+00:00,384.75,384.96,384.69,384.83,394
2026-05-28T17:05:00+00:00,384.83,384.97,384.49,384.93,398
2026-05-28T17:10:00+00:00,384.93,384.93,384.59,384.68,329
2026-05-28T17:15:00+00:00,384.68,385.04,384.68,384.93,449
2026-05-28T17:20:00+00:00,384.93,385.68,384.88,385.68,495
2026-05-28T17:25:00+00:00,385.68,386.13,385.64,385.78,574
2026-05-28T17:30:00+00:00,385.78,386.63,385.78,386.25,666
2026-05-28T17:35:00+00:00,386.25,386.42,385.99,386.26,793
2026-05-28T17:40:00+00:00,386.26,386.84,386.19,386.48,640
2026-05-28T17:45:00+00:00,386.48,386.88,386.45,386.85,577
2026-05-28T17:50:00+00:00,386.85,386.92,385.88,386.09,849
2026-05-28T17:55:00+00:00,386.09,386.18,385.37,385.57,736
2026-05-28T18:00:00+00:00,385.57,385.79,385.07,385.7,687
2026-05-28T18:05:00+00:00,385.7,385.89,385.25,385.56,514
2026-05-28T18:10:00+00:00,385.56,386.05,385.52,385.83,429
2026-05-28T18:15:00+00:00,385.83,386.47,385.82,386.04,471
2026-05-28T18:20:00+00:00,386.04,386.28,385.92,386.18,298
2026-05-28T18:25:00+00:00,386.18,386.8,386.18,386.24,531
2026-05-28T18:30:00+00:00,386.24,386.68,386.17,386.67,577
2026-05-28T18:35:00+00:00,386.67,386.73,386.05,386.41,471
2026-05-28T18:40:00+00:00,386.41,387.15,386.39,386.82,481
2026-05-28T18:45:00+00:00,386.82,387.16,386.77,386.85,520
2026-05-28T18:50:00+00:00,386.85,387.12,386.7,386.83,631
2026-05-28T18:55:00+00:00,386.83,387.03,386.21,386.21,562
2026-05-28T19:00:00+00:00,386.21,386.5,386.12,386.5,365
2026-05-28T19:05:00+00:00,386.5,386.72,386.23,386.33,285
2026-05-28T19:10:00+00:00,386.33,386.81,386.24,386.32,405
2026-05-28T19:15:00+00:00,386.32,386.68,386.24,386.48,469
2026-05-28T19:20:00+00:00,386.48,386.71,386.35,386.62,340
2026-05-28T19:25:00+00:00,386.62,386.94,386.49,386.83,308
2026-05-28T19:30:00+00:00,386.83,387.32,386.78,386.99,324
2026-05-28T19:35:00+00:00,386.99,387.68,386.95,387.51,620
2026-05-28T19:40:00+00:00,387.51,387.62,386.98,387.02,563
2026-05-28T19:45:00+00:00,387.02,387.18,386.76,386.77,528
2026-05-28T19:50:00+00:00,386.77,386.89,385.92,386.24,1278
2026-05-28T19:55:00+00:00,386.24,386.26,385.02,386.02,1336
2026-05-29T13:30:00+00:00,386.02,386.02,376.4,376.56,1439
2026-05-29T13:35:00+00:00,376.56,379.63,376.5,378.86,1645
2026-05-29T13:40:00+00:00,378.86,380.02,378.79,379.44,1269
2026-05-29T13:45:00+00:00,379.44,380.58,378.88,379.96,1156
2026-05-29T13:50:00+00:00,379.96,380.95,379.88,380.69,1106
2026-05-29T13:55:00+00:00,380.69,381.47,380.38,381.29,1063
2026-05-29T14:00:00+00:00,381.29,381.48,380.49,380.86,999
2026-05-29T14:05:00+00:00,380.86,381.07,380.39,380.45,820
2026-05-29T14:10:00+00:00,380.45,380.78,379.39,379.44,1290
2026-05-29T14:15:00+00:00,379.44,380.22,379.33,379.76,1065
2026-05-29T14:20:00+00:00,379.76,379.92,378.88,378.91,693
2026-05-29T14:25:00+00:00,378.91,379.95,378.63,379.79,990
2026-05-29T14:30:00+00:00,379.79,379.88,379.12,379.2,749
2026-05-29T14:35:00+00:00,379.2,379.38,378.38,378.42,987
2026-05-29T14:40:00+00:00,378.42,378.79,377.17,377.27,1238
2026-05-29T14:45:00+00:00,377.27,378.12,377.08,377.94,946
2026-05-29T14:50:00+00:00,377.94,379.47,377.93,378.92,1150
2026-05-29T14:55:00+00:00,378.92,379.29,-1405.11,-1404.9199999999998,927.6478539576365
2026-05-29T15:00:00+00:00,378.87,379.3,378.48,379.21,869
2026-05-29T15:05:00+00:00,379.21,379.91,379.18,379.75,636
2026-05-29T15:10:00+00:00,379.75,380.02,379.53,379.65,647
2026-05-29T15:15:00+00:00,379.65,379.96,379.32,379.39,699
2026-05-29T15:20:00+00:00,379.39,380.24,379.03,380.18,667
2026-05-29T15:25:00+00:00,380.18,380.18,379.68,379.7,579
2026-05-29T15:30:00+00:00,379.7,380.11,379.68,379.9,445
2026-05-29T15:35:00+00:00,379.9,380.09,379.3,379.55,601
2026-05-29T15:40:00+00:00,379.55,379.81,379.28,379.34,622
2026-05-29T15:45:00+00:00,379.34,379.4,378.88,379.11,632
2026-05-29T15:50:00+00:00,379.11,379.31,378.89,379.03,567
2026-05-29T15:55:00+00:00,379.03,379.16,378.88,379.04,438
2026-05-29T16:00:00+00:00,379.04,379.44,378.8,379.3,444
2026-05-29T16:05:00+00:00,379.3,379.66,379.1,379.55,433
2026-05-29T16:10:00+00:00,379.55,379.65,379.18,379.58,526
2026-05-29T16:15:00+00:00,379.58,380.17,379.45,379.61,478
2026-05-29T16:20:00+00:00,379.61,380.08,379.42,379.68,510
2026-05-29T16:25:00+00:00,379.68,379.91,379.53,379.53,465
2026-05-29T16:30:00+00:00,379.53,379.62,379,379.33,810
2026-05-29T16:35:00+00:00,379.33,379.6,379.26,379.49,536
2026-05-29T16:40:00+00:00,379.49,379.96,379.38,379.58,535
2026-05-29T16:45:00+00:00,379.58,379.58,379.11,379.13,524
2026-05-29T16:50:00+00:00,379.13,379.36,378.94,379.04,478
2026-05-29T16:55:00+00:00,379.04,379.15,378.65,379.08,487
2026-05-29T17:00:00+00:00,379.08,379.31,378.73,378.75,344
2026-05-29T17:05:00+00:00,378.75,378.92,378.68,378.85,373
2026-05-29T17:10:00+00:00,378.85,379.05,378.67,378.71,355
2026-05-29T17:15:00+00:00,378.71,378.89,378.53,378.67,352
2026-05-29T17:20:00+00:00,378.67,378.84,378.26,378.57,615
2026-05-29T17:25:00+00:00,378.57,379.08,378.38,378.94,438
2026-05-29T17:30:00+00:00,378.94,379.2,378.75,379.2,419
2026-05-29T17:35:00+00:00,379.2,379.56,379.14,379.24,377
2026-05-29T17:40:00+00:00,379.24,379.32,378.97,379.17,432
2026-05-29T17:45:00+00:00,379.17,379.74,379.16,379.47,412
2026-05-29T17:50:00+00:00,379.47,379.52,378.89,379.05,558
2026-05-29T17:55:00+00:00,379.05,379.1,378.76,378.76,495
2026-05-29T18:00:00+00:00,378.76,379.39,378.48,379.36,527
2026-05-29T18:05:00+00:00,379.36,379.86,379.29,379.4,440
2026-05-29T18:10:00+00:00,379.4,379.44,379.05,379.05,259
2026-05-29T18:15:00+00:00,379.05,379.19,378.83,378.89,318
2026-05-29T18:20:00+00:00,378.89,379.28,378.88,379.23,286
2026-05-29T18:25:00+00:00,379.23,379.51,379.21,379.35,323
2026-05-29T18:30:00+00:00,379.35,379.54,379.22,379.33,324
2026-05-29T18:35:00+00:00,379.33,379.39,378.95,378.98,406
2026-05-29T18:40:00+00:00,378.98,379.11,378.8,378.87,370
2026-05-29T18:45:00+00:00,378.87,378.93,378.29,378.32,571
2026-05-29T18:50:00+00:00,378.32,378.51,378.13,378.2,445
2026-05-29T18:55:00+00:00,378.2,378.3,377.89,378.07,445
2026-05-29T19:00:00+00:00,378.07,378.74,378.07,378.67,372
2026-05-29T19:05:00+00:00,378.67,378.88,378.58,378.7,350
2026-05-29T19:10:00+00:00,378.7,378.71,378.4,378.45,347
2026-05-29T19:15:00+00:00,378.45,378.51,377.88,378,505
2026-05-29T19:20:00+00:00,378,378.49,378,378.44,393
2026-05-29T19:25:00+00:00,378.44,378.91,378.38,378.7,372
2026-05-29T19:30:00+00:00,378.7,379.24,378.7,378.92,542
2026-05-29T19:35:00+00:00,378.92,378.95,378.73,378.83,426
2026-05-29T19:40:00+00:00,378.83,378.85,378.23,378.25,502
2026-05-29T19:45:00+00:00,378.25,378.3,377.71,378.03,641
2026-05-29T19:50:00+00:00,378.03,378.06,374.18,376.11,2732
2026-05-29T19:55:00+00:00,376.11,376.78,375.2,376.27,1904
2026-06-01T13:30:00+00:00,376.27,376.27,370.88,371.75,1172
2026-06-01T13:35:00+00:00,371.75,372.72,369.59,369.9,1118
2026-06-01T13:40:00+00:00,369.9,371.88,369.88,371.31,915
2026-06-01T13:45:00+00:00,371.31,372.29,370.88,371.54,1042
2026-06-01T13:50:00+00:00,371.54,371.56,369.9,371.14,1076
2026-06-01T13:55:00+00:00,371.14,371.38,370.64,370.77,861
2026-06-01T14:00:00+00:00,370.77,372.58,370.64,371.69,977
2026-06-01T14:05:00+00:00,371.69,372.09,370.68,371.31,830
2026-06-01T14:10:00+00:00,371.31,371.55,370.48,370.68,872
2026-06-01T14:15:00+00:00,370.68,371.65,370.53,370.91,1236
2026-06-01T14:20:00+00:00,370.91,371.83,370.91,371.65,1396
2026-06-01T14:25:00+00:00,371.65,372.32,371.58,371.88,925
2026-06-01T14:30:00+00:00,371.88,372.6,371.75,372.09,1234
2026-06-01T14:35:00+00:00,372.09,372.3,371.88,371.99,899
2026-06-01T14:40:00+00:00,371.99,372.46,371.89,372.23,750
2026-06-01T14:45:00+00:00,372.23,373.09,372.08,372.88,724
2026-06-01T14:50:00+00:00,372.88,373,372.48,372.48,654
2026-06-01T14:55:00+00:00,372.48,372.7,372.28,372.51,851
2026-06-01T15:00:00+00:00,372.51,373.39,372.38,372.91,1018
2026-06-01T15:05:00+00:00,372.91,373.63,372.75,372.93,798
2026-06-01T15:10:00+00:00,372.93,372.96,371.92,371.98,801
2026-06-01T15:15:00+00:00,371.98,372.07,371.18,371.18,812
2026-06-01T15:20:00+00:00,371.18,371.78,371.05,371.46,763
2026-06-01T15:25:00+00:00,371.46,372,371.33,371.59,752
2026-06-01T15:30:00+00:00,371.59,372.43,371.33,371.44,1260
2026-06-01T15:35:00+00:00,371.44,372.01,371.23,371.68,943
2026-06-01T15:40:00+00:00,371.68,371.75,371.08,371.2,732
2026-06-01T15:45:00+00:00,371.2,371.25,370.68,370.93,731
2026-06-01T15:50:00+00:00,370.93,371.48,370.85,371.25,579
2026-06-01T15:55:00+00:00,371.25,371.54,371.13,371.29,560
2026-06-01T16:00:00+00:00,371.29,371.64,371.2,371.24,674
2026-06-01T16:05:00+00:00,371.24,371.31,371.04,371.19,412
2026-06-01T16:10:00+00:00,371.19,371.28,370.88,370.9,579
2026-06-01T16:15:00+00:00,370.9,371.08,370.59,370.64,581
2026-06-01T16:20:00+00:00,370.64,371.19,370.64,371.1,403
2026-06-01T16:25:00+00:00,371.1,371.18,370.88,370.88,474
2026-06-01T16:30:00+00:00,370.88,371.47,370.74,371.28,587
2026-06-01T16:35:00+00:00,371.28,371.67,371.08,371.08,478
2026-06-01T16:40:00+00:00,371.08,371.29,370.96,370.97,389
2026-06-01T16:45:00+00:00,370.97,371.02,370.74,370.9,453
2026-06-01T16:50:00+00:00,370.9,371.38,370.79,371.15,490
2026-06-01T16:55:00+00:00,371.15,372.05,371.15,371.92,574
2026-06-01T17:00:00+00:00,371.92,371.92,371.6,371.71,645
2026-06-01T17:05:00+00:00,371.71,372.62,371.71,372.29,476
2026-06-01T17:10:00+00:00,372.29,372.37,372.05,372.16,517
2026-06-01T17:15:00+00:00,372.16,372.41,372.12,372.4,367
2026-06-01T17:20:00+00:00,372.4,372.99,372.25,372.68,516
2026-06-01T17:25:00+00:00,372.68,373.9,372.68,373.78,624
2026-06-01T17:30:00+00:00,373.78,373.98,372.91,373.1,935
2026-06-01T17:35:00+00:00,373.1,373.5,372.89,372.9,580
2026-06-01T17:40:00+00:00,372.9,374.26,372.82,373.82,996
2026-06-01T17:45:00+00:00,373.82,374.34,373.82,373.99,780
2026-06-01T17:50:00+00:00,373.99,374.03,373.57,373.64,1129
2026-06-01T17:55:00+00:00,373.64,373.71,371.43,372.14,950
2026-06-01T18:00:00+00:00,372.14,372.35,371.8,372.16,741
2026-06-01T18:05:00+00:00,372.16,372.31,371.91,372.17,578
2026-06-01T18:10:00+00:00,372.17,372.3,371.98,372.07,412
2026-06-01T18:15:00+00:00,372.07,373.12,372.07,372.66,1057
2026-06-01T18:20:00+00:00,372.66,373.32,372.49,373.24,546
2026-06-01T18:25:00+00:00,373.24,373.38,373.09,373.18,474
2026-06-01T18:30:00+00:00,373.18,373.23,372.88,373.15,463
2026-06-01T18:35:00+00:00,373.15,373.49,373.07,373.34,420
2026-06-01T18:40:00+00:00,373.34,373.42,373.13,373.36,445
2026-06-01T18:45:00+00:00,373.36,373.8,373.31,373.56,437
2026-06-01T18:50:00+00:00,373.56,373.68,373.38,373.4,377
2026-06-01T18:55:00+00:00,373.4,373.83,373.38,373.68,381
2026-06-01T19:00:00+00:00,373.68,374.23,373.42,374.01,408
2026-06-01T19:05:00+00:00,374.01,374.11,373.67,373.85,524
2026-06-01T19:10:00+00:00,373.85,373.96,373.44,373.58,465
2026-06-01T19:15:00+00:00,373.58,373.98,373.51,373.89,478
2026-06-01T19:20:00+00:00,373.89,374.19,373.79,374.14,282
2026-06-01T19:25:00+00:00,374.14,374.28,373.9,374.27,425
2026-06-01T19:30:00+00:00,374.27,374.44,373.79,373.9,847
2026-06-01T19:35:00+00:00,373.9,373.94,373.32,373.33,672
2026-06-01T19:40:00+00:00,373.33,373.44,372.95,373.32,492
2026-06-01T19:45:00+00:00,373.32,373.89,373.26,373.88,592
2026-06-01T19:50:00+00:00,373.88,373.94,372.92,372.93,1176
2026-06-01T19:55:00+00:00,372.93,372.95,371.93,372.24,1628
2026-06-02T13:30:00+00:00,372.24,372.24,357.41,357.74,1947
2026-06-02T13:35:00+00:00,357.74,358.9,356.3,356.45,1794
2026-06-02T13:40:00+00:00,356.45,356.89,354.88,356.54,1835
2026-06-02T13:45:00+00:00,356.54,358.36,355.72,358.15,1734
2026-06-02T13:50:00+00:00,358.15,359.34,357.65,359.34,1562
2026-06-02T13:55:00+00:00,359.34,360.25,358.79,360.12,1569
2026-06-02T14:00:00+00:00,360.12,362.49,359.72,362.39,1527
2026-06-02T14:05:00+00:00,362.39,364.59,362.22,364.48,1869
2026-06-02T14:10:00+00:00,364.48,365.7,363.88,364.75,1536
2026-06-02T14:15:00+00:00,364.75,366.91,363.65,366.46,1429
2026-06-02T14:20:00+00:00,366.46,367.16,366.25,366.71,1250
2026-06-02T14:25:00+00:00,366.71,367.11,366.38,366.83,1064
2026-06-02T14:30:00+00:00,366.83,367.48,366.58,367.35,975
2026-06-02T14:35:00+00:00,367.35,368.01,366.55,367.44,1167
2026-06-02T14:40:00+00:00,367.44,368.62,367.38,368.18,1130
2026-06-02T14:45:00+00:00,368.18,368.41,367.58,367.81,859
2026-06-02T14:50:00+00:00,367.81,369.31,367.64,368.81,967
2026-06-02T14:55:00+00:00,368.81,369.6,368.53,368.92,904
2026-06-02T15:00:00+00:00,368.92,369.13,367.62,367.64,883
2026-06-02T15:05:00+00:00,367.64,367.68,366.88,366.93,795
2026-06-02T15:10:00+00:00,366.93,367.11,365.76,366.18,888
2026-06-02T15:15:00+00:00,366.18,366.63,366.08,366.08,834
2026-06-02T15:20:00+00:00,366.08,366.62,365.94,366.39,887
2026-06-02T15:25:00+00:00,366.39,366.68,365.69,366.02,815
2026-06-02T15:30:00+00:00,366.02,366.06,364.89,364.89,724
2026-06-02T15:35:00+00:00,364.89,365.29,364.09,364.09,858
2026-06-02T15:40:00+00:00,364.09,364.49,364.01,364.01,666
2026-06-02T15:45:00+00:00,364.01,364.1,363.21,363.22,793
2026-06-02T15:50:00+00:00,363.22,363.56,363.18,363.46,665
2026-06-02T15:55:00+00:00,363.46,364.15,362.88,362.94,702
2026-06-02T16:00:00+00:00,362.94,363.13,362.55,362.7,653
2026-06-02T16:05:00+00:00,362.7,363.48,362.6,363.15,704
2026-06-02T16:10:00+00:00,363.15,364.27,363.15,363.88,671
2026-06-02T16:15:00+00:00,363.88,364.25,363.18,363.2,715
2026-06-02T16:20:00+00:00,363.2,363.88,363.18,363.4,571
2026-06-02T16:25:00+00:00,363.4,364,363.4,363.64,520
2026-06-02T16:30:00+00:00,363.64,363.87,363.38,363.49,462
2026-06-02T16:35:00+00:00,363.49,363.83,363.38,363.62,472
2026-06-02T16:40:00+00:00,363.62,363.85,363.13,363.24,574
2026-06-02T16:45:00+00:00,363.24,364.67,363.17,364.62,685
2026-06-02T16:50:00+00:00,364.62,365.23,364.6,364.76,533
2026-06-02T16:55:00+00:00,364.76,364.81,364.02,364.31,468
2026-06-02T17:00:00+00:00,364.31,364.64,364.15,364.47,560
2026-06-02T17:05:00+00:00,364.47,364.76,364.2,364.5,519
2026-06-02T17:10:00+00:00,364.5,364.58,363.89,363.98,486
2026-06-02T17:15:00+00:00,363.98,364.23,363.48,363.7,528
2026-06-02T17:20:00+00:00,363.7,364,363.38,363.93,540
2026-06-02T17:25:00+00:00,363.93,364.23,363.65,363.8,547
2026-06-02T17:30:00+00:00,363.8,363.99,363.48,363.52,572
2026-06-02T17:35:00+00:00,363.52,364.26,363.48,364.16,706
2026-06-02T17:40:00+00:00,364.16,364.59,363.89,364.5,506
2026-06-02T17:45:00+00:00,364.5,364.71,364.22,364.5,433
2026-06-02T17:50:00+00:00,364.5,364.75,364.21,364.24,463
2026-06-02T17:55:00+00:00,364.24,364.29,363.38,363.38,469
2026-06-02T18:00:00+00:00,363.38,363.44,363.03,363.3,583
2026-06-02T18:05:00+00:00,363.3,363.58,363.23,363.44,441
2026-06-02T18:10:00+00:00,363.44,363.57,362.99,363.27,462
2026-06-02T18:15:00+00:00,363.27,363.35,362.77,362.78,468
2026-06-02T18:20:00+00:00,362.78,362.8,362.12,362.36,594
2026-06-02T18:25:00+00:00,362.36,362.36,360.91,361.02,701
2026-06-02T18:30:00+00:00,361.02,362.03,361.01,361.24,961
2026-06-02T18:35:00+00:00,361.24,361.67,361.07,361.6,748
2026-06-02T18:40:00+00:00,361.6,361.67,361.18,361.56,658
2026-06-02T18:45:00+00:00,361.56,361.56,361.08,361.15,527
2026-06-02T18:50:00+00:00,361.15,361.19,360.59,360.81,461
2026-06-02T18:55:00+00:00,360.81,360.9,360.63,360.73,421
2026-06-02T19:00:00+00:00,360.73,360.93,360.31,360.83,569
2026-06-02T19:05:00+00:00,360.83,361.19,360.63,360.77,523
2026-06-02T19:10:00+00:00,360.77,360.79,360.4,360.61,463
2026-06-02T19:15:00+00:00,360.61,360.75,360.47,360.59,433
2026-06-02T19:20:00+00:00,360.59,360.79,360.48,360.6,427
2026-06-02T19:25:00+00:00,360.6,360.65,360.28,360.34,367
2026-06-02T19:30:00+00:00,360.34,360.56,360.26,360.55,537
2026-06-02T19:35:00+00:00,360.55,360.65,360,360.04,447
2026-06-02T19:40:00+00:00,360.04,360.09,359.49,359.62,523
2026-06-02T19:45:00+00:00,359.62,359.76,358.97,359.18,671
2026-06-02T19:50:00+00:00,359.18,359.48,357.83,358.3,1604
2026-06-02T19:55:00+00:00,358.3,359.16,357.69,358.25,1898
2026-06-03T13:30:00+00:00,358.25,362.36,356.89,359.85,2412
2026-06-03T13:35:00+00:00,359.85,359.93,357.42,358.92,2027
2026-06-03T13:40:00+00:00,358.92,360.84,357.9,359.5,1855
2026-06-03T13:45:00+00:00,359.5,360.38,357.26,358.82,1947
2026-06-03T13:50:00+00:00,358.82,358.96,357.54,358.18,1609
2026-06-03T13:55:00+00:00,358.18,360.2,357.98,360.01,1634
2026-06-03T14:00:00+00:00,360.01,361.76,359.98,361.35,1699
2026-06-03T14:05:00+00:00,361.35,361.91,359.78,360.16,1820
2026-06-03T14:10:00+00:00,360.16,360.96,359.37,359.91,1558
2026-06-03T14:15:00+00:00,359.91,360.05,357.03,357.51,1556
2026-06-03T14:20:00+00:00,357.51,358.71,357.24,357.89,1362
2026-06-03T14:25:00+00:00,357.89,358.3,357.06,357.32,1180
2026-06-03T14:30:00+00:00,357.32,358.59,357.28,358.56,1134
2026-06-03T14:35:00+00:00,358.56,359.74,358.46,359.68,1069
2026-06-03T14:40:00+00:00,359.68,359.97,358.61,358.63,994
2026-06-03T14:45:00+00:00,358.63,358.86,357.48,358.05,832
2026-06-03T14:50:00+00:00,358.05,358.4,357.78,357.88,851
2026-06-03T14:55:00+00:00,357.88,358.1,-1426.6399999999999,-1426.4099999999999,907.5655512890839
2026-06-03T15:00:00+00:00,357.41,357.64,356.21,356.36,1028
2026-06-03T15:05:00+00:00,356.36,356.81,356.28,356.57,805
2026-06-03T15:10:00+00:00,356.57,356.84,355.45,355.74,797
2026-06-03T15:15:00+00:00,355.74,355.76,354.94,355.16,1046
2026-06-03T15:20:00+00:00,355.16,355.25,354.58,354.99,926
2026-06-03T15:25:00+00:00,354.99,355.8,354.82,355.71,953
2026-06-03T15:30:00+00:00,355.71,355.76,355.25,355.34,994
2026-06-03T15:35:00+00:00,355.34,355.5,354.98,355.23,835
2026-06-03T15:40:00+00:00,355.23,356.12,355.07,356.09,795
2026-06-03T15:45:00+00:00,356.09,356.43,355.33,356.16,1055
2026-06-03T15:50:00+00:00,356.16,356.38,354.98,355.45,696
2026-06-03T15:55:00+00:00,355.45,355.9,355.38,355.73,704
2026-06-03T16:00:00+00:00,355.73,356.85,355.7,356.85,672
2026-06-03T16:05:00+00:00,356.85,357.18,355.94,355.96,796
2026-06-03T16:10:00+00:00,355.96,356.25,355.56,355.58,594
2026-06-03T16:15:00+00:00,355.58,355.77,355.1,355.16,741
2026-06-03T16:20:00+00:00,355.16,355.21,354.78,354.89,699
2026-06-03T16:25:00+00:00,354.89,355.37,354.68,355.23,1333
2026-06-03T16:30:00+00:00,355.23,355.93,355.22,355.88,917
2026-06-03T16:35:00+00:00,355.88,356.5,355.54,355.63,1014
2026-06-03T16:40:00+00:00,355.63,356.45,355.19,356.29,807
2026-06-03T16:45:00+00:00,356.29,357.4,356.28,357.03,787
2026-06-03T16:50:00+00:00,357.03,357.74,356.48,356.49,607
2026-06-03T16:55:00+00:00,356.49,357.52,356.38,357.39,635
2026-06-03T17:00:00+00:00,357.39,357.44,356.53,356.84,586
2026-06-03T17:05:00+00:00,356.84,357.52,356.73,357.47,685
2026-06-03T17:10:00+00:00,357.47,357.63,356.71,357.13,970
2026-06-03T17:15:00+00:00,357.13,358,357.12,357.9,760
2026-06-03T17:20:00+00:00,357.9,358.51,357.78,358.37,746
2026-06-03T17:25:00+00:00,358.37,358.48,357.21,357.72,662
2026-06-03T17:30:00+00:00,357.72,357.85,357.28,357.41,757
2026-06-03T17:35:00+00:00,357.41,357.55,356.98,357.31,571
2026-06-03T17:40:00+00:00,357.31,358.14,357.29,357.7,580
2026-06-03T17:45:00+00:00,357.7,357.77,356.48,356.65,633
2026-06-03T17:50:00+00:00,356.65,356.9,356.18,356.39,592
2026-06-03T17:55:00+00:00,356.39,356.66,356.31,356.65,567
2026-06-03T18:00:00+00:00,356.65,356.79,356.33,356.48,708
2026-06-03T18:05:00+00:00,356.48,356.55,355.88,355.89,799
2026-06-03T18:10:00+00:00,355.89,356.02,355.38,355.43,751
2026-06-03T18:15:00+00:00,355.43,356,355.42,355.73,725
2026-06-03T18:20:00+00:00,355.73,355.89,355.38,355.57,790
2026-06-03T18:25:00+00:00,355.57,356.13,355.48,355.78,840
2026-06-03T18:30:00+00:00,355.78,356.16,355.76,355.82,1011
2026-06-03T18:35:00+00:00,355.82,356.55,355.82,356.26,888
2026-06-03T18:40:00+00:00,356.26,356.82,355.92,356.74,889
2026-06-03T18:45:00+00:00,356.74,357.48,356.62,356.9,696
2026-06-03T18:50:00+00:00,356.9,357.61,356.59,357.34,859
2026-06-03T18:55:00+00:00,357.34,357.68,356.67,356.82,902
2026-06-03T19:00:00+00:00,356.82,356.89,355.95,356.03,862
2026-06-03T19:05:00+00:00,356.03,356.28,355.6,356.26,887
2026-06-03T19:10:00+00:00,356.26,356.79,355.81,356.63,706
2026-06-03T19:15:00+00:00,356.63,356.68,355.95,356.01,869
2026-06-03T19:20:00+00:00,356.01,356.28,355.81,355.99,854
2026-06-03T19:25:00+00:00,355.99,356.65,355.88,356.34,636
2026-06-03T19:30:00+00:00,356.34,356.43,355.97,356,528
2026-06-03T19:35:00+00:00,356,356.06,355.64,355.64,693
2026-06-03T19:40:00+00:00,355.64,355.77,355.07,355.21,781
2026-06-03T19:45:00+00:00,355.21,355.47,354.95,355.1,736
2026-06-03T19:50:00+00:00,355.1,355.11,354.31,354.42,1285
2026-06-03T19:55:00+00:00,354.42,355.93,354.23,355.93,2238
2026-06-04T13:30:00+00:00,355.93,361.37,354.29,360.39,1282
2026-06-04T13:35:00+00:00,360.39,361.14,359.38,359.5,1210
2026-06-04T13:40:00+00:00,359.5,360.1,358.08,359.54,1303
2026-06-04T13:45:00+00:00,359.54,361.15,359.34,361.1,1448
2026-06-04T13:50:00+00:00,361.1,362.03,360.75,361.8,1351
2026-06-04T13:55:00+00:00,361.8,363.8,361.69,362.46,1465
2026-06-04T14:00:00+00:00,362.46,363.37,361.05,361.96,1314
2026-06-04T14:05:00+00:00,361.96,362.9,360.95,362.25,1649
2026-06-04T14:10:00+00:00,362.25,363.66,361.88,363.62,1488
2026-06-04T14:15:00+00:00,363.62,364.66,363.47,364.04,1278
2026-06-04T14:20:00+00:00,364.04,364.81,363.05,364.64,1099
2026-06-04T14:25:00+00:00,364.64,365.31,364.38,364.9,1106
2026-06-04T14:30:00+00:00,364.9,365.11,364.23,364.92,1218
2026-06-04T14:35:00+00:00,364.92,364.96,363.88,364.72,1004
2026-06-04T14:40:00+00:00,364.72,365.45,364.58,365.01,870
2026-06-04T14:45:00+00:00,365.01,365.2,364.13,364.36,806
2026-06-04T14:50:00+00:00,364.36,365.23,364.18,365.12,888
2026-06-04T14:55:00+00:00,365.12,365.53,364.61,365.18,931
2026-06-04T15:00:00+00:00,365.18,366.08,365.09,365.69,939
2026-06-04T15:05:00+00:00,365.69,365.81,363.98,365.06,1050
2026-06-04T15:10:00+00:00,365.06,365.44,364.41,365.03,914
2026-06-04T15:15:00+00:00,365.03,365.85,364.9,365.71,810
2026-06-04T15:20:00+00:00,365.71,366.82,364.89,366.8,976
2026-06-04T15:25:00+00:00,366.8,367.71,366.69,367.6,884
2026-06-04T15:30:00+00:00,367.6,367.6,365.9,366.62,1032
2026-06-04T15:35:00+00:00,366.62,367.11,366.36,366.9,997
2026-06-04T15:40:00+00:00,366.9,366.97,365.38,365.62,976
2026-06-04T15:45:00+00:00,365.62,366,364.99,365.59,795
2026-06-04T15:50:00+00:00,365.59,366.4,365.59,366.3,893
2026-06-04T15:55:00+00:00,366.3,367.42,366.22,366.69,1066
2026-06-04T16:00:00+00:00,366.69,367.88,366.28,367.4,1083
2026-06-04T16:05:00+00:00,367.4,369.15,367.32,368.77,837
2026-06-04T16:10:00+00:00,368.77,369.22,368.24,368.31,825
2026-06-04T16:15:00+00:00,368.31,368.36,367.08,367.6,787
2026-06-04T16:20:00+00:00,367.6,368.82,367.51,368.51,875
2026-06-04T16:25:00+00:00,368.51,368.75,367.94,368.11,772
2026-06-04T16:30:00+00:00,368.11,368.27,367.88,368.11,763
2026-06-04T16:35:00+00:00,368.11,368.78,367.58,368.59,739
2026-06-04T16:40:00+00:00,368.59,368.67,367.88,368.01,812
2026-06-04T16:45:00+00:00,368.01,368.15,367.03,367.28,877
2026-06-04T16:50:00+00:00,367.28,367.74,367.2,367.7,557
2026-06-04T16:55:00+00:00,367.7,368.44,367.6,368.25,680
2026-06-04T17:00:00+00:00,368.25,368.3,367.73,367.97,860
2026-06-04T17:05:00+00:00,367.97,369.39,367.94,369.31,855
2026-06-04T17:10:00+00:00,369.31,369.45,369.19,369.42,550
2026-06-04T17:15:00+00:00,369.42,369.42,368.5,369.06,738
2026-06-04T17:20:00+00:00,369.06,369.48,368.51,369.37,694
2026-06-04T17:25:00+00:00,369.37,369.57,368.88,369.51,755
2026-06-04T17:30:00+00:00,369.51,369.56,368.25,368.38,869
2026-06-04T17:35:00+00:00,368.38,369.09,368.06,368.99,678
2026-06-04T17:40:00+00:00,368.99,369.22,368.89,369.1,576
2026-06-04T17:45:00+00:00,369.1,369.43,369,369.33,603
2026-06-04T17:50:00+00:00,369.33,369.61,369.21,369.32,486
2026-06-04T17:55:00+00:00,369.32,369.43,369.12,369.26,444
2026-06-04T18:00:00+00:00,369.26,369.43,368.12,368.31,746
2026-06-04T18:05:00+00:00,368.31,368.56,367.61,368.3,795
2026-06-04T18:10:00+00:00,368.3,368.92,368.15,368.81,684
2026-06-04T18:15:00+00:00,368.81,369.61,368.62,369.42,705
2026-06-04T18:20:00+00:00,369.42,369.7,368.9,369.22,599
2026-06-04T18:25:00+00:00,369.22,369.54,368.66,369.25,629
2026-06-04T18:30:00+00:00,369.25,369.3,368.66,368.87,844
2026-06-04T18:35:00+00:00,368.87,369.34,368.59,369.19,736
2026-06-04T18:40:00+00:00,369.19,369.29,368.82,368.94,821
2026-06-04T18:45:00+00:00,368.94,369.48,368.84,369.38,565
2026-06-04T18:50:00+00:00,369.38,369.47,369.03,369.25,550
2026-06-04T18:55:00+00:00,369.25,369.26,368.39,368.49,719
2026-06-04T19:00:00+00:00,368.49,368.63,368.27,368.39,508
2026-06-04T19:05:00+00:00,368.39,368.44,367.45,367.91,559
2026-06-04T19:10:00+00:00,367.91,367.96,366.91,367.74,681
2026-06-04T19:15:00+00:00,367.74,368.21,367.66,367.96,642
2026-06-04T19:20:00+00:00,367.96,368.12,366.9,367.07,769
2026-06-04T19:25:00+00:00,367.07,367.82,366.93,367.59,704
2026-06-04T19:30:00+00:00,367.59,368.13,367.43,367.73,631
2026-06-04T19:35:00+00:00,367.73,368.51,367.64,368.47,511
2026-06-04T19:40:00+00:00,368.47,368.93,368.44,368.5,712
2026-06-04T19:45:00+00:00,368.5,369.11,368.23,369.05,1024
2026-06-04T19:50:00+00:00,369.05,369.36,368.39,369.04,1612
2026-06-04T19:55:00+00:00,369.04,369.67,368.88,369.46,1714
2026-06-05T13:30:00+00:00,369.46,369.46,361.63,364.79,1943
2026-06-05T13:35:00+00:00,364.79,366.09,364.16,366.05,1795
2026-06-05T13:40:00+00:00,366.05,368.27,365.6,368.08,1972
2026-06-05T13:45:00+00:00,368.08,368.35,366.3,366.64,2405
2026-06-05T13:50:00+00:00,366.64,367.75,365.95,366.79,1881
2026-06-05T13:55:00+00:00,366.79,368.44,366.57,366.8,2017
2026-06-05T14:00:00+00:00,366.8,367.58,-1418.2499999999998,366.56,1757.859455481972
2026-06-05T14:05:00+00:00,366.56,366.81,-1417.1,-1416.2399999999998,1145.4128090634563
2026-06-05T14:10:00+00:00,-1416.1999999999998,-1415.33,-1416.7399999999998,-1415.4399999999998,1331.7854718319709
2026-06-05T14:15:00+00:00,-1415.37,-1414.7999999999997,-1416.08,-1415.8799999999999,1234.9046933721906
2026-06-05T14:20:00+00:00,-1415.8799999999999,-1415.11,-1416.4099999999999,-1416.2099999999998,1313.226070003691
2026-06-05T14:25:00+00:00,-1416.1799999999998,-1416.1,-1417.04,-1416.36,1164.5636278163495
2026-06-05T14:30:00+00:00,-1416.3799999999999,-1416.07,-1417.2099999999998,-1416.7599999999998,1202.2271616890641
2026-06-05T14:35:00+00:00,-1416.87,366.83,-1417.54,366.17,842.8805146903496
2026-06-05T14:40:00+00:00,366.17,366.55,365.17,365.51,1513
2026-06-05T14:45:00+00:00,365.51,365.96,-1418.33,-1417.6299999999999,1073.9068743572577
2026-06-05T14:50:00+00:00,-1417.6299999999999,366.31,-1418.1499999999999,366.18,819.860894890986
2026-06-05T14:55:00+00:00,366.18,367.54,366.14,367.39,1035
2026-06-05T15:00:00+00:00,367.39,367.43,-1417.35,-1417.2999999999997,971.354078113722
2026-06-05T15:05:00+00:00,-1417.31,-1416.3799999999999,-1418.02,-1416.61,1118.9936274618863
2026-06-05T15:10:00+00:00,-1416.61,-1416.1499999999999,-1417.8999999999999,-1417.84,1086.7367691702193
2026-06-05T15:15:00+00:00,-1417.86,-1417.1399999999999,-1417.9399999999998,-1417.1399999999999,1039.969707242914
2026-06-05T15:20:00+00:00,-1417.1299999999999,-1416.9499999999998,-1417.6599999999999,-1417.2499999999998,1153.200186165283
2026-06-05T15:25:00+00:00,366.48,367.2,366.01,367.11,1131
2026-06-05T15:30:00+00:00,367.11,367.44,366.72,366.85,1575
2026-06-05T15:35:00+00:00,366.85,367.33,366.17,366.49,1731
2026-06-05T15:40:00+00:00,366.49,366.91,366.21,366.33,1635
2026-06-05T15:45:00+00:00,366.33,366.88,365.99,366.15,1101
2026-06-05T15:50:00+00:00,366.15,367.89,366.08,367.52,952
2026-06-05T15:55:00+00:00,367.52,368.28,367.41,367.79,965
2026-06-05T16:00:00+00:00,367.79,368.05,367.17,367.42,1046
2026-06-05T16:05:00+00:00,367.42,367.44,366.56,366.85,1101
2026-06-05T16:10:00+00:00,366.85,367.4,366.62,366.98,1694
2026-06-05T16:15:00+00:00,366.98,367.59,366.73,367.18,1354
2026-06-05T16:20:00+00:00,367.18,367.62,367.04,367.5,1251
2026-06-05T16:25:00+00:00,367.5,367.82,367.08,367.09,934
2026-06-05T16:30:00+00:00,367.09,367.46,366.98,367.41,1140
2026-06-05T16:35:00+00:00,367.41,367.8,367.19,367.51,1083
2026-06-05T16:40:00+00:00,367.51,367.72,366.03,366.15,1997
2026-06-05T16:45:00+00:00,366.15,366.37,365.28,365.54,2109
2026-06-05T16:50:00+00:00,365.54,367.15,365.43,366.9,1146
2026-06-05T16:55:00+00:00,366.9,367.28,366.15,367.09,1029
2026-06-05T17:00:00+00:00,367.09,367.67,366.58,367.3,916
2026-06-05T17:05:00+00:00,367.3,367.43,366.51,366.89,968
2026-06-05T17:10:00+00:00,366.89,367.08,366.14,366.73,1678
2026-06-05T17:15:00+00:00,366.73,366.83,365.89,366.16,1848
2026-06-05T17:20:00+00:00,366.16,367.57,365.69,367.28,1870
2026-06-05T17:25:00+00:00,367.28,367.29,366.6,367.03,1671
2026-06-05T17:30:00+00:00,367.03,367.1,365.93,366.43,1515
2026-06-05T17:35:00+00:00,366.43,366.54,365.9,366.48,1813
2026-06-05T17:40:00+00:00,366.48,366.7,365.89,365.98,1957
2026-06-05T17:45:00+00:00,365.98,366.55,365.89,366.2,1534
2026-06-05T17:50:00+00:00,366.2,366.36,365.72,366.15,1477
2026-06-05T17:55:00+00:00,366.15,366.67,365.92,366.52,1281
2026-06-05T18:00:00+00:00,366.52,366.94,366.18,366.33,1629
2026-06-05T18:05:00+00:00,366.33,366.77,366.28,366.74,1568
2026-06-05T18:10:00+00:00,366.74,367.04,364.48,364.51,1067
2026-06-05T18:15:00+00:00,364.51,365.14,363.52,364.9,1189
2026-06-05T18:20:00+00:00,364.9,366.3,364.84,366.07,984
2026-06-05T18:25:00+00:00,366.07,366.19,364.3,364.66,1192
2026-06-05T18:30:00+00:00,364.66,365.21,364.2,364.87,1461
2026-06-05T18:35:00+00:00,364.87,365.62,364.58,365.53,1624
2026-06-05T18:40:00+00:00,365.53,365.63,364.88,365.2,1313
2026-06-05T18:45:00+00:00,365.2,365.7,364.48,365.2,2113
2026-06-05T18:50:00+00:00,365.2,365.47,364.31,364.87,1293
2026-06-05T18:55:00+00:00,364.87,365.57,364.14,364.16,1781
2026-06-05T19:00:00+00:00,364.16,364.38,363.24,363.52,871
2026-06-05T19:05:00+00:00,363.52,363.9,363.21,363.54,1075
2026-06-05T19:10:00+00:00,363.54,363.56,362.56,362.64,1147
2026-06-05T19:15:00+00:00,362.64,362.64,361.79,362.23,1012
2026-06-05T19:20:00+00:00,362.23,362.35,361.53,361.64,887
2026-06-05T19:25:00+00:00,361.64,362.7,361.63,362.65,1538
2026-06-05T19:30:00+00:00,362.65,362.7,361.7,362.06,1311
2026-06-05T19:35:00+00:00,362.06,362.44,361.54,362.11,833
2026-06-05T19:40:00+00:00,362.11,362.25,361.42,362.05,1790
2026-06-05T19:45:00+00:00,362.05,363.64,361.89,363.51,1958
2026-06-05T19:50:00+00:00,363.51,365.49,363.19,365.46,1898
2026-06-05T19:55:00+00:00,365.46,366.27,364.53,365.68,2108
2026-06-08T13:30:00+00:00,365.68,365.68,360.46,361.08,1207
2026-06-08T13:35:00+00:00,361.08,363.2,359.69,362.6,1438
2026-06-08T13:40:00+00:00,362.6,362.81,360.89,361.96,1278
2026-06-08T13:45:00+00:00,361.96,362.13,360.65,361,1215
2026-06-08T13:50:00+00:00,361,361.65,360.65,361.24,1111
2026-06-08T13:55:00+00:00,361.24,361.63,359.91,359.98,1328
2026-06-08T14:00:00+00:00,359.98,360.13,358.78,359.38,1335
2026-06-08T14:05:00+00:00,359.38,359.66,358.38,358.56,1308
2026-06-08T14:10:00+00:00,358.56,358.75,357.69,358.13,1326
2026-06-08T14:15:00+00:00,358.13,358.99,357.73,358.87,1125
2026-06-08T14:20:00+00:00,358.87,359.51,358.49,358.71,1038
2026-06-08T14:25:00+00:00,358.71,359.09,358.16,359,1066
2026-06-08T14:30:00+00:00,359,359.31,358.52,358.74,1232
2026-06-08T14:35:00+00:00,358.74,359.42,358.47,358.92,1181
2026-06-08T14:40:00+00:00,358.92,359,358.08,358.48,1061
2026-06-08T14:45:00+00:00,358.48,360.07,358.46,359.7,1196
2026-06-08T14:50:00+00:00,359.7,360.9,359.63,360.86,909
2026-06-08T14:55:00+00:00,360.86,361.59,360.43,361.45,936
2026-06-08T15:00:00+00:00,361.45,361.74,360.84,360.84,943
2026-06-08T15:05:00+00:00,360.84,360.98,360.44,360.76,798
2026-06-08T15:10:00+00:00,360.76,361.19,360.28,360.71,727
2026-06-08T15:15:00+00:00,360.71,361.11,360.38,360.76,900
2026-06-08T15:20:00+00:00,360.76,361.57,360.2,361.42,878
2026-06-08T15:25:00+00:00,361.42,361.42,360.25,360.26,775
2026-06-08T15:30:00+00:00,360.26,360.34,359.68,359.76,1095
2026-06-08T15:35:00+00:00,359.76,360.52,359.48,360.14,921
2026-06-08T15:40:00+00:00,360.14,360.4,359.48,359.75,967
2026-06-08T15:45:00+00:00,359.75,360.04,359.2,359.25,773
2026-06-08T15:50:00+00:00,359.25,359.5,358.89,359.03,860
2026-06-08T15:55:00+00:00,359.03,359.04,358.51,358.99,939
2026-06-08T16:00:00+00:00,358.99,359.37,358.82,359.26,965
2026-06-08T16:05:00+00:00,359.26,359.61,359.05,359.15,934
2026-06-08T16:10:00+00:00,359.15,359.47,358.81,359.36,768
2026-06-08T16:15:00+00:00,359.36,359.79,359.13,359.79,653
2026-06-08T16:20:00+00:00,359.79,359.89,359.26,359.34,893
2026-06-08T16:25:00+00:00,359.34,359.63,358.88,359.02,876
2026-06-08T16:30:00+00:00,359.02,359.71,358.89,359.26,904
2026-06-08T16:35:00+00:00,359.26,359.61,359.04,359.44,887
2026-06-08T16:40:00+00:00,359.44,359.66,359.17,359.47,714
2026-06-08T16:45:00+00:00,359.47,360.11,359.46,359.8,610
2026-06-08T16:50:00+00:00,359.8,360.12,359.4,359.4,791
2026-06-08T16:55:00+00:00,359.4,359.44,359.08,359.23,507
2026-06-08T17:00:00+00:00,359.23,359.25,358.12,358.52,1036
2026-06-08T17:05:00+00:00,358.52,359.02,358.42,358.68,1141
2026-06-08T17:10:00+00:00,358.68,358.77,358.22,358.73,1149
2026-06-08T17:15:00+00:00,358.73,359.14,358.62,359.02,833
2026-06-08T17:20:00+00:00,359.02,359.85,359.02,359.79,896
2026-06-08T17:25:00+00:00,359.79,361.55,359.73,361.26,1276
2026-06-08T17:30:00+00:00,361.26,362.21,360.79,362.13,1496
2026-06-08T17:35:00+00:00,362.13,362.14,360.89,361.03,1015
2026-06-08T17:40:00+00:00,361.03,361.57,360.97,361.03,853
2026-06-08T17:45:00+00:00,361.03,361.31,360.68,361.25,1155
2026-06-08T17:50:00+00:00,361.25,361.78,361.14,361.24,894
2026-06-08T17:55:00+00:00,361.24,361.61,361.23,361.39,858
2026-06-08T18:00:00+00:00,361.39,361.61,361.21,361.47,925
2026-06-08T18:05:00+00:00,361.47,361.88,361.38,361.74,799
2026-06-08T18:10:00+00:00,361.74,361.74,360.59,361.34,876
2026-06-08T18:15:00+00:00,361.34,361.5,360.98,361.05,658
2026-06-08T18:20:00+00:00,361.05,361.38,360.98,361.1,679
2026-06-08T18:25:00+00:00,361.1,361.72,361.03,361.69,665
2026-06-08T18:30:00+00:00,361.69,362.24,361.15,361.54,765
2026-06-08T18:35:00+00:00,361.54,362.05,361.27,361.37,781
2026-06-08T18:40:00+00:00,361.37,361.57,361.12,361.28,886
2026-06-08T18:45:00+00:00,361.28,361.6,361.12,361.13,675
2026-06-08T18:50:00+00:00,361.13,361.15,360.61,360.84,672
2026-06-08T18:55:00+00:00,360.84,361.21,360.77,360.86,571
2026-06-08T19:00:00+00:00,360.86,360.91,360.38,360.56,531
2026-06-08T19:05:00+00:00,360.56,360.95,360.55,360.83,548
2026-06-08T19:10:00+00:00,360.83,360.85,360.16,360.17,1115
2026-06-08T19:15:00+00:00,360.17,360.31,359.93,360.1,785
2026-06-08T19:20:00+00:00,360.1,360.33,359.79,359.85,732
2026-06-08T19:25:00+00:00,359.85,360.28,359.49,360.28,889
2026-06-08T19:30:00+00:00,360.28,360.49,360.02,360.24,768
2026-06-08T19:35:00+00:00,360.24,360.42,359.92,359.98,721
2026-06-08T19:40:00+00:00,359.98,360.51,359.65,360.51,808
2026-06-08T19:45:00+00:00,360.51,361.09,360.44,360.58,960
2026-06-08T19:50:00+00:00,360.58,361.08,360.15,360.58,829
2026-06-08T19:55:00+00:00,360.58,361.44,359.95,361.1,1761
2026-06-09T13:30:00+00:00,361.1,369.39,361.1,369,1321
2026-06-09T13:35:00+00:00,369,369.49,366.88,367.91,1646
2026-06-09T13:40:00+00:00,367.91,368.4,366.11,368.3,1347
2026-06-09T13:45:00+00:00,368.3,369.12,367.26,368.62,1341
2026-06-09T13:50:00+00:00,368.62,368.62,367.01,367.12,1528
2026-06-09T13:55:00+00:00,367.12,367.89,366.53,366.79,1039
2026-06-09T14:00:00+00:00,366.79,368.12,366.62,367.6,1657
2026-06-09T14:05:00+00:00,367.6,368.12,367.38,367.82,1488
2026-06-09T14:10:00+00:00,367.82,367.83,365.24,365.43,1598
2026-06-09T14:15:00+00:00,365.43,365.56,363.65,363.99,1925
2026-06-09T14:20:00+00:00,363.99,365.37,363.44,365.03,1759
2026-06-09T14:25:00+00:00,365.03,365.47,364.45,365.35,1895
2026-06-09T14:30:00+00:00,365.35,366.47,364.89,366.25,1938
2026-06-09T14:35:00+00:00,366.25,366.26,364.88,365.06,2106
2026-06-09T14:40:00+00:00,365.06,365.15,362.9,362.9,1690
2026-06-09T14:45:00+00:00,362.9,363.03,361.22,361.31,2583
2026-06-09T14:50:00+00:00,361.31,361.81,360.81,361.6,2543
2026-06-09T14:55:00+00:00,361.6,362.71,361.59,362.29,1942
2026-06-09T15:00:00+00:00,362.29,362.56,361.46,361.74,1935
2026-06-09T15:05:00+00:00,361.74,361.95,361.41,361.71,1764
2026-06-09T15:10:00+00:00,361.71,362.22,361.19,361.45,1604
2026-06-09T15:15:00+00:00,361.45,361.52,360.39,360.63,1507
2026-06-09T15:20:00+00:00,360.63,360.89,359.78,359.83,1842
2026-06-09T15:25:00+00:00,359.83,359.94,358.01,358.37,2259
2026-06-09T15:30:00+00:00,358.37,358.69,357.71,357.98,2282
2026-06-09T15:35:00+00:00,357.98,358.08,357.04,357.6,2020
2026-06-09T15:40:00+00:00,357.6,358.4,357.1,357.96,1609
2026-06-09T15:45:00+00:00,357.96,358.78,357.88,358.54,1733
2026-06-09T15:50:00+00:00,358.54,359.05,357.88,358.44,1883
2026-06-09T15:55:00+00:00,358.44,358.81,357.46,357.6,2377
2026-06-09T16:00:00+00:00,357.6,358.85,357.58,358.5,2187
2026-06-09T16:05:00+00:00,358.5,358.69,357.76,358.12,2510
2026-06-09T16:10:00+00:00,358.12,358.42,357.56,357.67,2110
2026-06-09T16:15:00+00:00,357.67,357.79,356.16,356.21,1564
2026-06-09T16:20:00+00:00,356.21,357.16,355.68,357.14,1024
2026-06-09T16:25:00+00:00,357.14,358.26,356.94,358.13,1065
2026-06-09T16:30:00+00:00,358.13,358.93,357.48,358.22,2416
2026-06-09T16:35:00+00:00,358.22,358.54,355.06,355.12,2590
2026-06-09T16:40:00+00:00,355.12,355.76,354.58,355.71,2431
2026-06-09T16:45:00+00:00,355.71,356.26,355.13,355.83,2463
2026-06-09T16:50:00+00:00,355.83,356.69,355.51,355.6,2159
2026-06-09T16:55:00+00:00,355.6,357.47,355.39,357.4,2185
2026-06-09T17:00:00+00:00,357.4,358.52,357.19,358.31,1734
2026-06-09T17:05:00+00:00,358.31,358.98,357.89,358.97,1829
2026-06-09T17:10:00+00:00,358.97,359.79,358.28,359.49,2104
2026-06-09T17:15:00+00:00,359.49,359.93,358.89,359.77,1865
2026-06-09T17:20:00+00:00,359.77,360.49,359.39,360.05,2230
2026-06-09T17:25:00+00:00,360.05,360.31,359.74,360.31,1896
2026-06-09T17:30:00+00:00,360.31,360.47,359.88,360.45,2108
2026-06-09T17:35:00+00:00,360.45,361.21,360.2,361.03,1785
2026-06-09T17:40:00+00:00,361.03,362.5,360.78,361.91,1928
2026-06-09T17:45:00+00:00,361.91,361.96,360.47,360.81,2233
2026-06-09T17:50:00+00:00,360.81,362.06,360.77,361.6,2000
2026-06-09T17:55:00+00:00,361.6,361.9,361.15,361.29,1796
2026-06-09T18:00:00+00:00,361.29,361.95,361.13,361.6,1676
2026-06-09T18:05:00+00:00,361.6,362.51,361.5,362.41,1711
2026-06-09T18:10:00+00:00,362.41,362.49,361.58,362.02,1718
2026-06-09T18:15:00+00:00,362.02,362.91,361.71,362.78,1619
2026-06-09T18:20:00+00:00,362.78,363.01,362.28,362.83,1348
2026-06-09T18:25:00+00:00,362.83,362.99,362.15,362.96,1614
2026-06-09T18:30:00+00:00,362.96,363.54,362.59,363.1,1729
2026-06-09T18:35:00+00:00,363.1,363.53,362.96,363.36,1364
2026-06-09T18:40:00+00:00,363.36,363.39,362.45,362.59,1382
2026-06-09T18:45:00+00:00,362.59,363.11,362.49,362.89,1618
2026-06-09T18:50:00+00:00,362.89,363.46,362.77,362.95,1831
2026-06-09T18:55:00+00:00,362.95,364.04,362.93,363.55,1753
2026-06-09T19:00:00+00:00,363.55,364.18,363.34,364.02,2196
2026-06-09T19:05:00+00:00,364.02,364.47,363.35,364.24,2101
2026-06-09T19:10:00+00:00,364.24,364.24,363.18,363.29,1873
2026-06-09T19:15:00+00:00,363.29,363.33,362.3,362.84,2788
2026-06-09T19:20:00+00:00,362.84,362.97,362.15,362.46,2630
2026-06-09T19:25:00+00:00,362.46,362.51,361.39,361.82,2046
2026-06-09T19:30:00+00:00,361.82,361.9,361.39,361.59,2301
2026-06-09T19:35:00+00:00,361.59,362.1,360.89,360.93,2126
2026-06-09T19:40:00+00:00,360.93,361.43,360.76,361.09,1890
2026-06-09T19:45:00+00:00,361.09,361.46,360.4,360.51,2028
2026-06-09T19:50:00+00:00,360.51,363.04,360.51,362.66,1333
2026-06-09T19:55:00+00:00,362.66,362.91,361.73,361.73,2183
2026-06-10T13:30:00+00:00,361.73,362.67,358.88,361.03,1034
2026-06-10T13:35:00+00:00,361.03,362.54,360.54,362.31,1696
2026-06-10T13:40:00+00:00,362.31,363.91,361.78,363.12,1792
2026-06-10T13:45:00+00:00,363.12,363.25,361.16,361.39,2303
2026-06-10T13:50:00+00:00,361.39,361.72,360.78,361.5,2138
2026-06-10T13:55:00+00:00,361.5,364.35,361.38,363.74,2156
2026-06-10T14:00:00+00:00,363.74,364.63,362.88,364.37,1746
2026-06-10T14:05:00+00:00,364.37,364.85,363.46,363.92,1770
2026-06-10T14:10:00+00:00,363.92,365.63,363.69,364.78,2147
2026-06-10T14:15:00+00:00,364.78,364.95,363.29,364.4,2041
2026-06-10T14:20:00+00:00,364.4,366.17,363.99,365.53,1852
2026-06-10T14:25:00+00:00,365.53,365.83,364.52,364.95,1879
2026-06-10T14:30:00+00:00,364.95,365.18,363.61,364.18,1666
2026-06-10T14:35:00+00:00,364.18,364.26,362.36,362.51,1588
2026-06-10T14:40:00+00:00,362.51,363.48,362.38,362.38,1254
2026-06-10T14:45:00+00:00,362.38,362.68,361.65,361.91,1347
2026-06-10T14:50:00+00:00,361.91,362.45,361.5,361.6,1151
2026-06-10T14:55:00+00:00,361.6,361.79,-1423.12,-1422.7599999999998,1882.4145494176146
2026-06-10T15:00:00+00:00,360.93,361.87,360.4,361.25,2098
2026-06-10T15:05:00+00:00,361.25,361.38,360.39,360.6,1622
2026-06-10T15:10:00+00:00,360.6,360.79,359.28,359.29,1904
2026-06-10T15:15:00+00:00,359.29,359.3,358.28,358.7,1793
2026-06-10T15:20:00+00:00,358.7,360.47,358.47,360.14,1392
2026-06-10T15:25:00+00:00,360.14,360.65,359.89,359.9,1124
2026-06-10T15:30:00+00:00,359.9,360.12,358.89,359.25,953
2026-06-10T15:35:00+00:00,359.25,359.84,358.58,358.92,831
2026-06-10T15:40:00+00:00,358.92,359.82,358.65,359.51,997
2026-06-10T15:45:00+00:00,359.51,359.83,357.38,357.8,1577
2026-06-10T15:50:00+00:00,357.8,358.68,356.88,358.29,1998
2026-06-10T15:55:00+00:00,358.29,358.68,357.76,358.29,2157
2026-06-10T16:00:00+00:00,358.29,358.69,357.88,357.98,1737
2026-06-10T16:05:00+00:00,357.98,358.2,357.09,357.28,1636
2026-06-10T16:10:00+00:00,357.28,357.31,356.41,356.56,1335
2026-06-10T16:15:00+00:00,356.56,356.91,356.28,356.45,1177
2026-06-10T16:20:00+00:00,356.45,356.79,356.29,356.31,1616
2026-06-10T16:25:00+00:00,356.31,356.54,356,356.19,861
2026-06-10T16:30:00+00:00,356.19,356.4,355.78,356.34,926
2026-06-10T16:35:00+00:00,356.34,356.85,356.06,356.45,1292
2026-06-10T16:40:00+00:00,356.45,356.73,355.7,355.91,888
2026-06-10T16:45:00+00:00,355.91,355.91,354.95,355.36,968
2026-06-10T16:50:00+00:00,355.36,356.16,355.22,355.82,893
2026-06-10T16:55:00+00:00,355.82,355.9,355.38,355.78,677
2026-06-10T17:00:00+00:00,355.78,356.27,355.72,356,1035
2026-06-10T17:05:00+00:00,356,356.04,355.06,355.14,727
2026-06-10T17:10:00+00:00,355.14,355.17,354.32,354.38,835
2026-06-10T17:15:00+00:00,354.38,354.74,354.26,354.29,814
2026-06-10T17:20:00+00:00,354.29,354.75,354.19,354.59,1082
2026-06-10T17:25:00+00:00,354.59,354.7,354.28,354.49,960
2026-06-10T17:30:00+00:00,354.49,354.52,353.78,354.1,1290
2026-06-10T17:35:00+00:00,354.1,354.23,353.59,353.72,996
2026-06-10T17:40:00+00:00,353.72,354.18,353.71,353.79,799
2026-06-10T17:45:00+00:00,353.79,354.87,353.68,354.71,1679
2026-06-10T17:50:00+00:00,354.71,354.93,354.01,354.67,1750
2026-06-10T17:55:00+00:00,354.67,355.05,354.48,354.74,1707
2026-06-10T18:00:00+00:00,354.74,355.21,354.63,354.92,1421
2026-06-10T18:05:00+00:00,354.92,355.23,354.51,354.55,1351
2026-06-10T18:10:00+00:00,354.55,355.01,354.53,354.82,1276
2026-06-10T18:15:00+00:00,354.82,355.13,354.13,354.14,1473
2026-06-10T18:20:00+00:00,354.14,354.59,354.08,354.41,1163
2026-06-10T18:25:00+00:00,354.41,354.49,353.96,354.25,1385
2026-06-10T18:30:00+00:00,354.25,354.28,353.87,354.08,1222
2026-06-10T18:35:00+00:00,354.08,354.28,353.6,353.94,1303
2026-06-10T18:40:00+00:00,353.94,354.29,353.78,354.18,872
2026-06-10T18:45:00+00:00,354.18,354.57,353.96,354.13,1077
2026-06-10T18:50:00+00:00,354.13,354.23,353.58,354.06,1200
2026-06-10T18:55:00+00:00,354.06,354.45,353.92,354.15,808
2026-06-10T19:00:00+00:00,354.15,354.76,353.55,354.41,1043
2026-06-10T19:05:00+00:00,354.41,354.73,354.13,354.2,789
2026-06-10T19:10:00+00:00,354.2,354.26,353.72,354.26,804
2026-06-10T19:15:00+00:00,354.26,355.11,354.16,355.08,1439
2026-06-10T19:20:00+00:00,355.08,355.08,354.38,354.52,1522
2026-06-10T19:25:00+00:00,354.52,354.71,353.98,354.3,1975
2026-06-10T19:30:00+00:00,354.3,354.41,353.95,354.11,1584
2026-06-10T19:35:00+00:00,354.11,354.62,354.01,354.5,1453
2026-06-10T19:40:00+00:00,354.5,354.73,354.09,354.67,1838
2026-06-10T19:45:00+00:00,354.67,354.73,353.19,353.41,1135
2026-06-10T19:50:00+00:00,353.41,353.56,352.66,353.03,1519
2026-06-10T19:55:00+00:00,353.03,354.1,353,353.35,2370
2026-06-11T13:30:00+00:00,353.35,354.29,348.9,348.99,1313
2026-06-11T13:35:00+00:00,348.99,349.08,347.28,347.28,1870
2026-06-11T13:40:00+00:00,347.28,347.76,344.58,345.07,2308
2026-06-11T13:45:00+00:00,345.07,347.49,344.88,346.6,2656
2026-06-11T13:50:00+00:00,346.6,348.71,346.43,347.13,2131
2026-06-11T13:55:00+00:00,347.13,347.74,345.25,345.48,1993
2026-06-11T14:00:00+00:00,345.48,348.19,345.37,347.89,1632
2026-06-11T14:05:00+00:00,347.89,348.38,346.88,346.99,1581
2026-06-11T14:10:00+00:00,346.99,347.18,345.24,345.99,2389
2026-06-11T14:15:00+00:00,345.99,346.38,343.96,343.99,2582
2026-06-11T14:20:00+00:00,343.99,346.08,343.96,345.64,2237
2026-06-11T14:25:00+00:00,345.64,346.29,344.69,345.41,1970
2026-06-11T14:30:00+00:00,345.41,345.67,343.9,344.01,2070
2026-06-11T14:35:00+00:00,344.01,346.43,343.94,346.22,2081
2026-06-11T14:40:00+00:00,346.22,346.7,345.46,345.55,1777
2026-06-11T14:45:00+00:00,345.55,345.94,344.99,345.21,1842
2026-06-11T14:50:00+00:00,345.21,345.51,344.74,344.92,1633
2026-06-11T14:55:00+00:00,344.92,345,343.91,344.26,1763
2026-06-11T15:00:00+00:00,344.26,344.78,343.71,344.41,2323
2026-06-11T15:05:00+00:00,344.41,345.34,343.73,344.94,1867
2026-06-11T15:10:00+00:00,344.94,345.46,344.63,344.63,1653
2026-06-11T15:15:00+00:00,344.63,345.29,344.06,344.48,1563
2026-06-11T15:20:00+00:00,344.48,345.69,344.39,344.76,1520
2026-06-11T15:25:00+00:00,344.76,345.39,344.38,344.52,1554
2026-06-11T15:30:00+00:00,344.52,345,344.18,344.74,1795
2026-06-11T15:35:00+00:00,344.74,345.6,344.62,345.18,1708
2026-06-11T15:40:00+00:00,345.18,345.74,344.32,344.58,1434
2026-06-11T15:45:00+00:00,344.58,344.71,344.08,344.09,1304
2026-06-11T15:50:00+00:00,344.09,344.53,343.9,344.17,1232
2026-06-11T15:55:00+00:00,344.17,345.15,344.08,345.03,1485
2026-06-11T16:00:00+00:00,345.03,345.55,344.88,345.21,1520
2026-06-11T16:05:00+00:00,345.21,345.69,344.97,345.39,1364
2026-06-11T16:10:00+00:00,345.39,346.68,345.31,346.62,1835
2026-06-11T16:15:00+00:00,346.62,347.2,346.48,346.98,1498
2026-06-11T16:20:00+00:00,346.98,347.25,345.98,346.04,1536
2026-06-11T16:25:00+00:00,346.04,346.24,345.38,345.38,1320
2026-06-11T16:30:00+00:00,345.38,346.59,345.08,346.26,1755
2026-06-11T16:35:00+00:00,346.26,346.85,345.94,346.06,1535
2026-06-11T16:40:00+00:00,346.06,346.21,345.88,346.06,1328
2026-06-11T16:45:00+00:00,346.06,346.19,345.58,345.79,1180
2026-06-11T16:50:00+00:00,345.79,345.85,344.96,345.04,1262
2026-06-11T16:55:00+00:00,345.04,345.13,344.68,344.69,1133
2026-06-11T17:00:00+00:00,344.69,345.08,343.75,344.12,1409
2026-06-11T17:05:00+00:00,344.12,344.78,344.09,344.55,1271
2026-06-11T17:10:00+00:00,344.55,344.84,344.18,344.31,1310
2026-06-11T17:15:00+00:00,344.31,344.42,343.49,344.03,1328
2026-06-11T17:20:00+00:00,344.03,344.48,343.82,344.38,1254
2026-06-11T17:25:00+00:00,344.38,348.21,344.27,347.92,1535
2026-06-11T17:30:00+00:00,347.92,350.13,347.91,349.47,1368
2026-06-11T17:35:00+00:00,349.47,349.92,348.88,349.03,977
2026-06-11T17:40:00+00:00,349.03,350.86,348.92,350.73,864
2026-06-11T17:45:00+00:00,350.73,350.84,349.17,349.26,925
2026-06-11T17:50:00+00:00,349.26,349.36,348.42,348.9,860
2026-06-11T17:55:00+00:00,348.9,349.42,348.49,349.32,817
2026-06-11T18:00:00+00:00,349.32,349.56,348.18,348.51,912
2026-06-11T18:05:00+00:00,348.51,348.93,348.27,348.42,885
2026-06-11T18:10:00+00:00,348.42,349.4,348.33,349.07,940
2026-06-11T18:15:00+00:00,349.07,351.05,348.88,350.78,846
2026-06-11T18:20:00+00:00,350.78,350.79,349.88,350.29,823
2026-06-11T18:25:00+00:00,350.29,350.4,349.89,350.11,615
2026-06-11T18:30:00+00:00,350.11,350.86,350.08,350.09,737
2026-06-11T18:35:00+00:00,350.09,350.54,349.89,350.03,783
2026-06-11T18:40:00+00:00,350.03,350.36,349.8,350.33,738
2026-06-11T18:45:00+00:00,350.33,351.47,350.13,351.3,770
2026-06-11T18:50:00+00:00,351.3,351.67,351.25,351.38,820
2026-06-11T18:55:00+00:00,351.38,352.04,351.17,351.7,852
2026-06-11T19:00:00+00:00,351.7,353.3,351.68,353.28,774
2026-06-11T19:05:00+00:00,353.28,353.4,352.43,353.11,888
2026-06-11T19:10:00+00:00,353.11,353.75,352.89,353.29,971
2026-06-11T19:15:00+00:00,353.29,353.7,353.21,353.47,611
2026-06-11T19:20:00+00:00,353.47,353.73,353.16,353.62,665
2026-06-11T19:25:00+00:00,353.62,354.51,353.54,354.41,690
2026-06-11T19:30:00+00:00,354.41,355.58,354.41,355.34,1353
2026-06-11T19:35:00+00:00,355.34,355.84,355.18,355.42,1122
2026-06-11T19:40:00+00:00,355.42,355.67,354.49,354.55,1535
2026-06-11T19:45:00+00:00,354.55,354.55,353.43,353.5,1529
2026-06-11T19:50:00+00:00,353.5,355.76,353.45,355.38,2034
2026-06-11T19:55:00+00:00,355.38,357.83,354.07,356.47,3635
2026-06-12T13:30:00+00:00,356.47,362.48,356.47,358.11,1835
2026-06-12T13:35:00+00:00,358.11,359.05,357.07,357.36,2430
2026-06-12T13:40:00+00:00,357.36,357.75,355.39,355.42,2459
2026-06-12T13:45:00+00:00,355.42,355.9,353.7,354.04,2415
2026-06-12T13:50:00+00:00,354.04,356.17,353.13,355.91,2139
2026-06-12T13:55:00+00:00,355.91,357.43,355.63,356.45,1631
2026-06-12T14:00:00+00:00,356.45,357.99,356.28,357.23,981
2026-06-12T14:05:00+00:00,357.23,358.16,356.41,357.91,905
2026-06-12T14:10:00+00:00,357.91,359.59,357.91,358.51,797
2026-06-12T14:15:00+00:00,358.51,360.56,358.51,359.5,821
2026-06-12T14:20:00+00:00,359.5,360.59,359.23,359.25,1198
2026-06-12T14:25:00+00:00,359.25,360.34,359.24,359.89,841
2026-06-12T14:30:00+00:00,359.89,360.98,359.88,360.41,764
2026-06-12T14:35:00+00:00,360.41,361.16,360.36,360.46,803
2026-06-12T14:40:00+00:00,360.46,360.54,357.4,357.52,1149
2026-06-12T14:45:00+00:00,357.52,358.81,357.46,358.33,741
2026-06-12T14:50:00+00:00,358.33,360.62,358.33,360.51,817
2026-06-12T14:55:00+00:00,360.51,361.09,-1423.3999999999999,-1422.6599999999999,694.6565160917881
2026-06-12T15:00:00+00:00,361.16,361.75,360.69,360.88,701
2026-06-12T15:05:00+00:00,360.88,361.18,360.37,360.86,624
2026-06-12T15:10:00+00:00,360.86,361.46,360.34,360.98,653
2026-06-12T15:15:00+00:00,360.98,361.94,360.64,361.94,663
2026-06-12T15:20:00+00:00,361.94,364.54,361.78,364.26,870
2026-06-12T15:25:00+00:00,364.26,364.59,363.29,363.49,1129
2026-06-12T15:30:00+00:00,363.49,363.56,362.12,362.12,1097
2026-06-12T15:35:00+00:00,362.12,363.31,362.02,362.38,1470
2026-06-12T15:40:00+00:00,362.38,362.6,360.38,360.42,1297
2026-06-12T15:45:00+00:00,360.42,360.89,359.38,359.45,1384
2026-06-12T15:50:00+00:00,359.45,360.66,359.38,360.29,1082
2026-06-12T15:55:00+00:00,360.29,360.6,358.56,359.01,1262
2026-06-12T16:00:00+00:00,359.01,359.29,358.21,358.65,1701
2026-06-12T16:05:00+00:00,358.65,359.14,358.38,358.88,1225
2026-06-12T16:10:00+00:00,358.88,360.46,358.34,360.12,1434
2026-06-12T16:15:00+00:00,360.12,360.89,359.57,359.77,1005
2026-06-12T16:20:00+00:00,359.77,360,359.32,359.72,978
2026-06-12T16:25:00+00:00,359.72,359.95,359.23,359.43,860
2026-06-12T16:30:00+00:00,359.43,359.58,358.98,359.5,902
2026-06-12T16:35:00+00:00,359.5,359.67,359.03,359.51,1060
2026-06-12T16:40:00+00:00,359.51,359.9,359,359.21,906
2026-06-12T16:45:00+00:00,359.21,359.52,359.02,359.49,851
2026-06-12T16:50:00+00:00,359.49,359.61,359.18,359.33,857
2026-06-12T16:55:00+00:00,359.33,360,359.13,359.81,793
2026-06-12T17:00:00+00:00,359.81,360.92,359.71,360.86,837
2026-06-12T17:05:00+00:00,360.86,361.47,360.55,360.79,847
2026-06-12T17:10:00+00:00,360.79,360.92,359.63,360.37,743
2026-06-12T17:15:00+00:00,360.37,360.74,360.08,360.63,705
2026-06-12T17:20:00+00:00,360.63,360.86,360.44,360.76,657
2026-06-12T17:25:00+00:00,360.76,360.99,360.55,360.74,600
2026-06-12T17:30:00+00:00,360.74,360.82,359.93,359.96,705
2026-06-12T17:35:00+00:00,359.96,360.13,359.24,359.36,745
2026-06-12T17:40:00+00:00,359.36,359.6,359.19,359.25,728
2026-06-12T17:45:00+00:00,359.25,359.57,359.19,359.46,657
2026-06-12T17:50:00+00:00,359.46,359.62,359.34,359.5,555
2026-06-12T17:55:00+00:00,359.5,359.57,358.89,359.39,775
2026-06-12T18:00:00+00:00,359.39,359.56,359.09,359.19,885
2026-06-12T18:05:00+00:00,359.19,359.2,358.69,359.1,762
2026-06-12T18:10:00+00:00,359.1,359.89,359.04,359.41,1075
2026-06-12T18:15:00+00:00,359.41,359.77,359.18,359.44,892
2026-06-12T18:20:00+00:00,359.44,359.6,359.08,359.19,971
2026-06-12T18:25:00+00:00,359.19,359.29,358.69,359.08,694
2026-06-12T18:30:00+00:00,359.08,359.27,358.89,359.2,857
2026-06-12T18:35:00+00:00,359.2,359.38,359.01,359.18,685
2026-06-12T18:40:00+00:00,359.18,359.89,359.15,359.89,662
2026-06-12T18:45:00+00:00,359.89,359.89,358.98,359.15,643
2026-06-12T18:50:00+00:00,359.15,359.2,358.62,359.04,672
2026-06-12T18:55:00+00:00,359.04,359.24,358.63,358.68,850
2026-06-12T19:00:00+00:00,358.68,359.17,358.63,359.05,770
2026-06-12T19:05:00+00:00,359.05,359.22,358.66,358.83,726
2026-06-12T19:10:00+00:00,358.83,358.88,358.13,358.18,749
2026-06-12T19:15:00+00:00,358.18,358.5,357.98,358.37,817
2026-06-12T19:20:00+00:00,358.37,358.37,357.76,357.89,767
2026-06-12T19:25:00+00:00,357.89,358.61,357.78,358.6,815
2026-06-12T19:30:00+00:00,358.6,358.65,357.89,357.9,985
2026-06-12T19:35:00+00:00,357.9,358.44,357.65,357.89,994
2026-06-12T19:40:00+00:00,357.89,357.91,357.5,357.6,893
2026-06-12T19:45:00+00:00,357.6,357.66,357.15,357.58,901
2026-06-12T19:50:00+00:00,357.58,357.6,356.69,357.07,1059
2026-06-12T19:55:00+00:00,357.07,358.12,357.07,357.96,1141
2026-06-15T13:30:00+00:00,357.96,370.01,357.96,367.43,2344
2026-06-15T13:35:00+00:00,367.43,367.77,366.07,367.13,2359
2026-06-15T13:40:00+00:00,367.13,367.46,364.47,365.91,2519
2026-06-15T13:45:00+00:00,365.91,366.33,364.49,366.21,2312
2026-06-15T13:50:00+00:00,366.21,366.97,365.89,365.96,2053
2026-06-15T13:55:00+00:00,365.96,367.42,365.96,366.91,1861
2026-06-15T14:00:00+00:00,366.91,369.32,366.91,368.12,1964
2026-06-15T14:05:00+00:00,368.12,368.72,365.68,365.72,2130
2026-06-15T14:10:00+00:00,365.72,366.91,365.16,366.01,1909
2026-06-15T14:15:00+00:00,366.01,366.91,365.8,366,1528
2026-06-15T14:20:00+00:00,366,366.75,365.87,366.02,1463
2026-06-15T14:25:00+00:00,366.02,367.59,366.02,366.77,1932
2026-06-15T14:30:00+00:00,366.77,367.15,366.41,366.9,1378
2026-06-15T14:35:00+00:00,366.9,367.39,366.54,367.26,1052
2026-06-15T14:40:00+00:00,367.26,368.08,366.88,366.95,1142
2026-06-15T14:45:00+00:00,366.95,367.24,366.49,366.64,913
2026-06-15T14:50:00+00:00,366.64,367.55,366.64,367.09,1014
2026-06-15T14:55:00+00:00,367.09,368.3,367.09,368.27,1064
2026-06-15T15:00:00+00:00,368.27,368.97,368.04,368.41,1154
2026-06-15T15:05:00+00:00,368.41,368.46,367.75,367.89,920
2026-06-15T15:10:00+00:00,367.89,368.13,367.62,367.87,855
2026-06-15T15:15:00+00:00,367.87,368.27,367.83,368.09,730
2026-06-15T15:20:00+00:00,368.09,368.94,367.96,368.92,854
2026-06-15T15:25:00+00:00,368.92,370.15,368.88,369.93,1055
2026-06-15T15:30:00+00:00,369.93,370.07,369.11,369.23,1094
2026-06-15T15:35:00+00:00,369.23,369.42,368.82,369.34,896
2026-06-15T15:40:00+00:00,369.34,369.34,368.71,369.15,750
2026-06-15T15:45:00+00:00,369.15,369.36,368.93,369.16,931
2026-06-15T15:50:00+00:00,369.16,369.69,369.08,369.35,817
2026-06-15T15:55:00+00:00,369.35,370.19,368.93,369.94,920
2026-06-15T16:00:00+00:00,369.94,370.51,369.62,370.24,983
2026-06-15T16:05:00+00:00,370.24,370.46,370,370.07,800
2026-06-15T16:10:00+00:00,370.07,370.34,369.43,369.47,898
2026-06-15T16:15:00+00:00,369.47,369.76,368.93,369.28,804
2026-06-15T16:20:00+00:00,369.28,369.61,369.15,369.43,801
2026-06-15T16:25:00+00:00,369.43,369.52,368.78,368.9,702
2026-06-15T16:30:00+00:00,368.9,369.15,368.68,368.96,672
2026-06-15T16:35:00+00:00,368.96,369.09,368.68,368.79,640
2026-06-15T16:40:00+00:00,368.79,369.06,368.6,368.86,606
2026-06-15T16:45:00+00:00,368.86,369.11,368.62,368.9,708
2026-06-15T16:50:00+00:00,368.9,369.17,368.76,369.07,619
2026-06-15T16:55:00+00:00,369.07,369.27,368.71,369.19,678
2026-06-15T17:00:00+00:00,369.19,369.59,368.78,369.29,716
2026-06-15T17:05:00+00:00,369.29,369.57,368.76,369.11,700
2026-06-15T17:10:00+00:00,369.11,369.7,369.01,369.47,590
2026-06-15T17:15:00+00:00,369.47,369.92,369.27,369.78,572
2026-06-15T17:20:00+00:00,369.78,369.84,369.21,369.26,607
2026-06-15T17:25:00+00:00,369.26,369.81,369.13,369.53,708
2026-06-15T17:30:00+00:00,369.53,369.7,369.13,369.29,558
2026-06-15T17:35:00+00:00,369.29,369.98,369.09,369.36,593
2026-06-15T17:40:00+00:00,369.36,369.39,369.13,369.28,629
2026-06-15T17:45:00+00:00,369.28,369.65,369.12,369.4,741
2026-06-15T17:50:00+00:00,369.4,369.56,369.06,369.32,634
2026-06-15T17:55:00+00:00,369.32,369.34,368.9,369.31,693
2026-06-15T18:00:00+00:00,369.31,369.69,369.11,369.36,805
2026-06-15T18:05:00+00:00,369.36,369.49,368.94,369.11,710
2026-06-15T18:10:00+00:00,369.11,369.17,368.61,369.06,612
2026-06-15T18:15:00+00:00,369.06,369.34,368.83,369.31,627
2026-06-15T18:20:00+00:00,369.31,369.42,368.98,369.2,593
2026-06-15T18:25:00+00:00,369.2,369.42,369.11,369.27,566
2026-06-15T18:30:00+00:00,369.27,369.57,369.08,369.5,740
2026-06-15T18:35:00+00:00,369.5,369.59,369.21,369.34,731
2026-06-15T18:40:00+00:00,369.34,369.41,368.88,369.09,626
2026-06-15T18:45:00+00:00,369.09,369.21,368.85,369.15,732
2026-06-15T18:50:00+00:00,369.15,369.39,368.88,369.13,715
2026-06-15T18:55:00+00:00,369.13,369.26,368.92,369.19,737
2026-06-15T19:00:00+00:00,369.19,369.38,369.03,369.21,847
2026-06-15T19:05:00+00:00,369.21,369.36,368.78,368.91,777
2026-06-15T19:10:00+00:00,368.91,368.95,367.78,367.81,835
2026-06-15T19:15:00+00:00,367.81,368.38,367.46,367.52,766
2026-06-15T19:20:00+00:00,367.52,367.66,367.2,367.59,738
2026-06-15T19:25:00+00:00,367.59,367.73,367.28,367.52,826
2026-06-15T19:30:00+00:00,367.52,367.59,367.03,367.13,862
2026-06-15T19:35:00+00:00,367.13,367.34,367.03,367.14,660
2026-06-15T19:40:00+00:00,367.14,367.38,366.9,366.94,749
2026-06-15T19:45:00+00:00,366.94,367.39,366.76,366.78,827
2026-06-15T19:50:00+00:00,366.78,366.78,365.44,366.04,1429
2026-06-15T19:55:00+00:00,366.04,367.27,365.88,367.15,1869
2026-06-16T13:30:00+00:00,367.15,369.02,365.48,367.89,2389
2026-06-16T13:35:00+00:00,367.89,367.91,365.54,366.22,2536
2026-06-16T13:40:00+00:00,366.22,366.91,366.17,366.34,2236
2026-06-16T13:45:00+00:00,366.34,366.61,365.18,366.11,2603
2026-06-16T13:50:00+00:00,366.11,366.97,365.72,366.09,2089
2026-06-16T13:55:00+00:00,366.09,367.18,365.93,366.11,1955
2026-06-16T14:00:00+00:00,366.11,367.24,366.11,367,2465
2026-06-16T14:05:00+00:00,367,368.65,366.06,368.61,1724
2026-06-16T14:10:00+00:00,368.61,369.04,367.96,368.31,1763
2026-06-16T14:15:00+00:00,368.31,369.76,368.17,369.55,1816
2026-06-16T14:20:00+00:00,369.55,369.89,368.63,369.48,2479
2026-06-16T14:25:00+00:00,369.48,369.67,367.77,368.2,2013
2026-06-16T14:30:00+00:00,368.2,368.92,368.05,368.76,1588
2026-06-16T14:35:00+00:00,368.76,370.09,368.67,370.02,1208
2026-06-16T14:40:00+00:00,370.02,371.8,369.98,370.77,1337
2026-06-16T14:45:00+00:00,370.77,370.94,370.17,370.4,1351
2026-06-16T14:50:00+00:00,370.4,371.45,370.38,370.7,1503
2026-06-16T14:55:00+00:00,370.7,372.04,370.17,371.97,1213
2026-06-16T15:00:00+00:00,371.97,373.37,371.9,372.82,1731
2026-06-16T15:05:00+00:00,372.82,372.85,371.85,372.2,1419
2026-06-16T15:10:00+00:00,372.2,372.57,372.15,372.35,976
2026-06-16T15:15:00+00:00,372.35,372.6,372.09,372.18,988
2026-06-16T15:20:00+00:00,372.18,373.14,371.49,372.93,1338
2026-06-16T15:25:00+00:00,372.93,373.4,372.62,372.9,1404
2026-06-16T15:30:00+00:00,372.9,373.18,372.2,372.47,1082
2026-06-16T15:35:00+00:00,372.47,372.85,372.26,372.44,955
2026-06-16T15:40:00+00:00,372.44,372.78,371.68,371.68,1133
2026-06-16T15:45:00+00:00,371.68,372.19,371.23,371.77,1444
2026-06-16T15:50:00+00:00,371.77,372,370.94,371.46,1070
2026-06-16T15:55:00+00:00,371.46,371.64,370.82,370.83,1278
2026-06-16T16:00:00+00:00,370.83,370.91,369.78,369.92,1512
2026-06-16T16:05:00+00:00,369.92,370.61,369.44,370.56,1439
2026-06-16T16:10:00+00:00,370.56,370.92,370.41,370.72,1389
2026-06-16T16:15:00+00:00,370.72,370.96,370.25,370.38,1263
2026-06-16T16:20:00+00:00,370.38,370.45,369.93,370.01,982
2026-06-16T16:25:00+00:00,370.01,370.29,369.84,370.06,998
2026-06-16T16:30:00+00:00,370.06,370.08,369.44,369.88,1054
2026-06-16T16:35:00+00:00,369.88,370.04,369.46,369.98,960
2026-06-16T16:40:00+00:00,369.98,370.16,369.28,369.57,1033
2026-06-16T16:45:00+00:00,369.57,369.58,368.93,368.93,890
2026-06-16T16:50:00+00:00,368.93,369.14,367.78,368.22,1023
2026-06-16T16:55:00+00:00,368.22,368.41,367.48,367.94,992
2026-06-16T17:00:00+00:00,367.94,368.27,367.54,368.17,958
2026-06-16T17:05:00+00:00,368.17,368.28,367.94,368.05,742
2026-06-16T17:10:00+00:00,368.05,368.28,367.88,367.92,877
2026-06-16T17:15:00+00:00,367.92,368.28,367.79,368.02,790
2026-06-16T17:20:00+00:00,368.02,368.77,367.93,368.58,901
2026-06-16T17:25:00+00:00,368.58,368.75,368.13,368.24,696
2026-06-16T17:30:00+00:00,368.24,368.81,368.14,368.69,823
2026-06-16T17:35:00+00:00,368.69,369.01,368.6,368.8,1035
2026-06-16T17:40:00+00:00,368.8,369.12,368.55,368.92,1329
2026-06-16T17:45:00+00:00,368.92,369.26,368.63,369,1038
2026-06-16T17:50:00+00:00,369,369.47,368.88,369.24,816
2026-06-16T17:55:00+00:00,369.24,369.3,368.61,368.74,874
2026-06-16T18:00:00+00:00,368.74,369.03,368.41,368.78,1007
2026-06-16T18:05:00+00:00,368.78,369.32,368.73,369.24,960
2026-06-16T18:10:00+00:00,369.24,370.23,369.22,370.21,798
2026-06-16T18:15:00+00:00,370.21,370.34,369.84,370.28,815
2026-06-16T18:20:00+00:00,370.28,370.37,370.04,370.24,662
2026-06-16T18:25:00+00:00,370.24,370.24,369.9,370.03,692
2026-06-16T18:30:00+00:00,370.03,370.25,369.9,370.03,688
2026-06-16T18:35:00+00:00,370.03,370.54,370.01,370.45,821
2026-06-16T18:40:00+00:00,370.45,371.17,370.44,370.84,783
2026-06-16T18:45:00+00:00,370.84,370.92,370.23,370.25,691
2026-06-16T18:50:00+00:00,370.25,371.24,370.23,371.13,704
2026-06-16T18:55:00+00:00,371.13,371.65,371.04,371.41,713
2026-06-16T19:00:00+00:00,371.41,371.47,370.57,370.58,779
2026-06-16T19:05:00+00:00,370.58,370.94,370.44,370.83,761
2026-06-16T19:10:00+00:00,370.83,371.08,370.74,370.78,963
2026-06-16T19:15:00+00:00,370.78,370.84,370.19,370.81,1047
2026-06-16T19:20:00+00:00,370.81,371.23,370.68,370.97,882
2026-06-16T19:25:00+00:00,370.97,371,370.06,370.15,919
2026-06-16T19:30:00+00:00,370.15,370.27,369.52,369.58,830
2026-06-16T19:35:00+00:00,369.58,370.22,369.54,370.18,932
2026-06-16T19:40:00+00:00,370.18,370.79,370.15,370.73,931
2026-06-16T19:45:00+00:00,370.73,371.15,370.18,370.32,1115
2026-06-16T19:50:00+00:00,370.32,370.78,370.01,370.62,1997
2026-06-16T19:55:00+00:00,370.62,371.66,370.06,371.16,3415
2026-06-17T13:30:00+00:00,371.16,371.16,365.64,367.85,1824
2026-06-17T13:35:00+00:00,367.85,368.03,366,366.61,1847
2026-06-17T13:40:00+00:00,366.61,366.79,365.01,365.48,1963
2026-06-17T13:45:00+00:00,365.48,365.53,364.67,365.19,1966
2026-06-17T13:50:00+00:00,365.19,365.33,363.68,363.89,2096
2026-06-17T13:55:00+00:00,363.89,365.66,363.86,364.1,1692
2026-06-17T14:00:00+00:00,364.1,364.25,362.88,363.5,2016
2026-06-17T14:05:00+00:00,363.5,365.06,363.15,364.9,1830
2026-06-17T14:10:00+00:00,364.9,365.54,364.65,365.26,1859
2026-06-17T14:15:00+00:00,365.26,365.64,364.64,365.48,1865
2026-06-17T14:20:00+00:00,365.48,365.92,364.52,365.2,1878
2026-06-17T14:25:00+00:00,365.2,365.42,364.68,364.82,1758
2026-06-17T14:30:00+00:00,364.82,364.98,363.53,363.68,1398
2026-06-17T14:35:00+00:00,363.68,364.04,363.18,363.19,1308
2026-06-17T14:40:00+00:00,363.19,363.3,362.06,362.75,2161
2026-06-17T14:45:00+00:00,362.75,363.13,360.89,362.77,2470
2026-06-17T14:50:00+00:00,362.77,363.16,362.46,362.7,1845
2026-06-17T14:55:00+00:00,362.7,362.72,-1421.9399999999998,-1421.84,1531.4291673909265
2026-06-17T15:00:00+00:00,361.96,362.02,360.64,360.98,1504
2026-06-17T15:05:00+00:00,360.98,361.53,360.73,361.1,1192
2026-06-17T15:10:00+00:00,361.1,361.99,360.75,361.73,1068
2026-06-17T15:15:00+00:00,361.73,362.68,361.59,362.61,1206
2026-06-17T15:20:00+00:00,362.61,362.71,361.79,361.97,1238
2026-06-17T15:25:00+00:00,361.97,362.22,361.68,362.05,978
2026-06-17T15:30:00+00:00,362.05,362.83,361.76,362.59,1152
2026-06-17T15:35:00+00:00,362.59,362.73,362.14,362.52,939
2026-06-17T15:40:00+00:00,362.52,363.03,362.39,362.75,815
2026-06-17T15:45:00+00:00,362.75,362.85,362.39,362.39,760
2026-06-17T15:50:00+00:00,362.39,362.71,362.08,362.16,765
2026-06-17T15:55:00+00:00,362.16,362.78,361.98,362.74,808
2026-06-17T16:00:00+00:00,362.74,362.98,362.59,362.83,762
2026-06-17T16:05:00+00:00,362.83,362.89,362.01,362.12,879
2026-06-17T16:10:00+00:00,362.12,362.34,361.98,362.24,790
2026-06-17T16:15:00+00:00,362.24,362.85,362.09,362.81,641
2026-06-17T16:20:00+00:00,362.81,363.33,362.78,363.3,704
2026-06-17T16:25:00+00:00,363.3,363.86,363.18,363.49,720
2026-06-17T16:30:00+00:00,363.49,363.64,362.88,362.93,870
2026-06-17T16:35:00+00:00,362.93,363.24,362.74,362.99,813
2026-06-17T16:40:00+00:00,362.99,363.02,362.38,362.89,759
2026-06-17T16:45:00+00:00,362.89,363.25,362.73,362.93,836
2026-06-17T16:50:00+00:00,362.93,363.28,362.9,363.13,755
2026-06-17T16:55:00+00:00,363.13,363.37,362.97,363.18,769
2026-06-17T17:00:00+00:00,363.18,363.23,362.58,362.82,814
2026-06-17T17:05:00+00:00,362.82,362.84,361.87,362.06,900
2026-06-17T17:10:00+00:00,362.06,362.55,361.96,361.97,640
2026-06-17T17:15:00+00:00,361.97,362.21,361.68,362.15,777
2026-06-17T17:20:00+00:00,362.15,362.19,361.88,361.99,612
2026-06-17T17:25:00+00:00,361.99,363.01,361.98,362.96,702
2026-06-17T17:30:00+00:00,362.96,363.01,362.45,362.65,721
2026-06-17T17:35:00+00:00,362.65,363.04,362.55,362.8,545
2026-06-17T17:40:00+00:00,362.8,363.08,362.68,362.92,670
2026-06-17T17:45:00+00:00,362.92,363.18,362.63,363.14,718
2026-06-17T17:50:00+00:00,363.14,364.18,363.08,364,736
2026-06-17T17:55:00+00:00,364,364.46,363.68,364.24,757
2026-06-17T18:00:00+00:00,364.24,364.43,362.49,362.7,2440
2026-06-17T18:05:00+00:00,362.7,363.6,362.1,363.45,2152
2026-06-17T18:10:00+00:00,363.45,364.52,363.45,364.07,1655
2026-06-17T18:15:00+00:00,364.07,364.59,363.77,363.9,1255
2026-06-17T18:20:00+00:00,363.9,364.16,363.19,363.4,1078
2026-06-17T18:25:00+00:00,363.4,363.64,362.95,363.52,1003
2026-06-17T18:30:00+00:00,363.52,364.01,362.79,362.91,1769
2026-06-17T18:35:00+00:00,362.91,364.09,362.77,363.63,1411
2026-06-17T18:40:00+00:00,363.63,364.66,363.43,364.52,1870
2026-06-17T18:45:00+00:00,364.52,364.53,363.88,364.03,1290
2026-06-17T18:50:00+00:00,364.03,364.03,363.13,363.24,1358
2026-06-17T18:55:00+00:00,363.24,363.25,362.1,362.4,1414
2026-06-17T19:00:00+00:00,362.4,362.83,362.1,362.66,1544
2026-06-17T19:05:00+00:00,362.66,362.93,362.1,362.19,1315
2026-06-17T19:10:00+00:00,362.19,363.02,362,362.78,1232
2026-06-17T19:15:00+00:00,362.78,362.92,361.38,361.38,1197
2026-06-17T19:20:00+00:00,361.38,361.57,360.51,360.57,1277
2026-06-17T19:25:00+00:00,360.57,361,360.31,360.42,1258
2026-06-17T19:30:00+00:00,360.42,361.07,360.08,360.74,1519
2026-06-17T19:35:00+00:00,360.74,361,360.13,360.35,1595
2026-06-17T19:40:00+00:00,360.35,361.56,360.28,361.26,1835
2026-06-17T19:45:00+00:00,361.26,362.85,361.26,362.21,1705
2026-06-17T19:50:00+00:00,362.21,362.46,360.89,361.02,1499
2026-06-17T19:55:00+00:00,361.02,362.24,361.01,362.24,2109
2026-06-18T13:30:00+00:00,362.24,365.78,361.49,362,2170
2026-06-18T13:35:00+00:00,362,362,358.1,358.18,2461
2026-06-18T13:40:00+00:00,358.18,358.72,357.39,357.39,2173
2026-06-18T13:45:00+00:00,357.39,358.37,356.88,358.27,2085
2026-06-18T13:50:00+00:00,358.27,359.12,357.65,357.67,1907
2026-06-18T13:55:00+00:00,357.67,358.42,356.48,358.23,1928
2026-06-18T14:00:00+00:00,358.23,360.64,358.15,359.78,1927
2026-06-18T14:05:00+00:00,359.78,361.8,359.66,361.4,2070
2026-06-18T14:10:00+00:00,361.4,361.72,360.53,360.63,2438
2026-06-18T14:15:00+00:00,360.63,361.56,360.23,360.47,1803
2026-06-18T14:20:00+00:00,360.47,360.83,359.98,360.51,1496
2026-06-18T14:25:00+00:00,360.51,360.68,359.53,359.65,1380
2026-06-18T14:30:00+00:00,359.65,361.11,359.48,360.84,1255
2026-06-18T14:35:00+00:00,360.84,361.06,359.92,360.88,1230
2026-06-18T14:40:00+00:00,360.88,361.04,360.59,360.87,1486
2026-06-18T14:45:00+00:00,360.87,361.98,360.71,361.88,1410
2026-06-18T14:50:00+00:00,361.88,362.03,361.1,361.91,1417
2026-06-18T14:55:00+00:00,361.91,361.98,-1422.6499999999999,-1422.58,1293.3070866141732
2026-06-18T15:00:00+00:00,361.23,361.77,360.9,361.4,1232
2026-06-18T15:05:00+00:00,361.4,361.99,361.12,361.4,1085
2026-06-18T15:10:00+00:00,361.4,361.98,361.08,361.61,1239
2026-06-18T15:15:00+00:00,361.61,361.78,361.08,361.31,1168
2026-06-18T15:20:00+00:00,361.31,361.59,360.98,361.09,1252
2026-06-18T15:25:00+00:00,361.09,362.49,361.05,362.11,1260
2026-06-18T15:30:00+00:00,362.11,362.34,361.82,362.11,1619
2026-06-18T15:35:00+00:00,362.11,362.99,361.92,362.59,2105
2026-06-18T15:40:00+00:00,362.59,363.49,362.38,363.31,1954
2026-06-18T15:45:00+00:00,363.31,363.49,362.84,363.36,1399
2026-06-18T15:50:00+00:00,363.36,364.86,363.36,364.54,1663
2026-06-18T15:55:00+00:00,364.54,365.45,364.05,364.1,1869
2026-06-18T16:00:00+00:00,364.1,364.21,363.52,363.69,1701
2026-06-18T16:05:00+00:00,363.69,364.2,363.48,363.69,1598
2026-06-18T16:10:00+00:00,363.69,363.69,363.07,363.37,1478
2026-06-18T16:15:00+00:00,363.37,363.88,362.98,363.65,1543
2026-06-18T16:20:00+00:00,363.65,365.05,363.5,364.14,1817
2026-06-18T16:25:00+00:00,364.14,364.75,363.96,364.54,1573
2026-06-18T16:30:00+00:00,364.54,364.69,363.91,364.03,1376
2026-06-18T16:35:00+00:00,364.03,364.71,363.98,364.64,1197
2026-06-18T16:40:00+00:00,364.64,364.72,364.18,364.46,1063
2026-06-18T16:45:00+00:00,364.46,365.46,364.4,365.33,1281
2026-06-18T16:50:00+00:00,365.33,365.4,364.74,365,1391
2026-06-18T16:55:00+00:00,365,365.13,364.63,364.7,1292
2026-06-18T17:00:00+00:00,364.7,365.19,364.7,364.93,1491
2026-06-18T17:05:00+00:00,364.93,365.22,364.65,364.72,1178
2026-06-18T17:10:00+00:00,364.72,364.96,364.49,364.75,1122
2026-06-18T17:15:00+00:00,364.75,365.45,364.73,365.26,1031
2026-06-18T17:20:00+00:00,365.26,365.89,365.15,365.4,1233
2026-06-18T17:25:00+00:00,365.4,366.16,365.26,366.16,1122
2026-06-18T17:30:00+00:00,366.16,366.79,366.13,366.35,1283
2026-06-18T17:35:00+00:00,366.35,366.57,365.99,366,1089
2026-06-18T17:40:00+00:00,366,366.2,365.88,366.04,1008
2026-06-18T17:45:00+00:00,366.04,366.46,365.71,365.85,986
2026-06-18T17:50:00+00:00,365.85,366.22,365.79,365.98,652
2026-06-18T17:55:00+00:00,365.98,366.62,365.89,366.27,925
2026-06-18T18:00:00+00:00,366.27,366.7,366.02,366.56,1335
2026-06-18T18:05:00+00:00,366.56,366.64,366.38,366.47,1277
2026-06-18T18:10:00+00:00,366.47,366.62,366.07,366.07,1051
2026-06-18T18:15:00+00:00,366.07,366.22,365.69,366.09,1200
2026-06-18T18:20:00+00:00,366.09,366.59,365.97,366.29,976
2026-06-18T18:25:00+00:00,366.29,366.41,365.95,365.99,1281
2026-06-18T18:30:00+00:00,365.99,366.15,365.78,365.78,1094
2026-06-18T18:35:00+00:00,365.78,365.97,365.46,365.86,991
2026-06-18T18:40:00+00:00,365.86,366.45,365.77,366.41,866
2026-06-18T18:45:00+00:00,366.41,366.7,366.29,366.64,870
2026-06-18T18:50:00+00:00,366.64,366.9,366.47,366.7,601
2026-06-18T18:55:00+00:00,366.7,366.72,366.41,366.56,624
2026-06-18T19:00:00+00:00,366.56,366.63,365.97,366.03,866
2026-06-18T19:05:00+00:00,366.03,366.19,365.79,366.04,817
2026-06-18T19:10:00+00:00,366.04,366.07,365.09,365.38,1084
2026-06-18T19:15:00+00:00,365.38,365.42,364.53,365.24,749
2026-06-18T19:20:00+00:00,365.24,365.46,365.02,365.3,1000
2026-06-18T19:25:00+00:00,365.3,366.02,365.3,365.8,885
2026-06-18T19:30:00+00:00,365.8,365.93,365.51,365.65,1161
2026-06-18T19:35:00+00:00,365.65,366.28,365.64,366.27,1074
2026-06-18T19:40:00+00:00,366.27,367.26,366.14,367.21,1333
2026-06-18T19:45:00+00:00,367.21,367.98,367.04,367.74,1832
2026-06-18T19:50:00+00:00,367.74,367.78,366.08,367.63,2236
2026-06-18T19:55:00+00:00,367.63,368.22,366.74,366.92,2374
2026-06-22T13:30:00+00:00,366.92,366.92,353.24,353.34,1798
2026-06-22T13:35:00+00:00,353.34,356.54,353.23,355.16,1717
2026-06-22T13:40:00+00:00,355.16,355.42,353.22,353.28,1388
2026-06-22T13:45:00+00:00,353.28,354.25,352.46,354.25,1395
2026-06-22T13:50:00+00:00,354.25,354.43,353.13,353.42,1144
2026-06-22T13:55:00+00:00,353.42,353.87,352.95,353.47,1101
2026-06-22T14:00:00+00:00,353.47,353.56,351.61,351.89,1131
2026-06-22T14:05:00+00:00,351.89,352.1,351.2,351.7,1208
2026-06-22T14:10:00+00:00,351.7,352.03,349.34,349.35,1370
2026-06-22T14:15:00+00:00,349.35,350.08,349.09,349.2,1761
2026-06-22T14:20:00+00:00,349.2,349.53,348.49,348.53,1155
2026-06-22T14:25:00+00:00,348.53,348.92,347.74,348.09,1215
2026-06-22T14:30:00+00:00,348.09,348.24,346.59,347.26,1334
2026-06-22T14:35:00+00:00,347.26,348.32,347.13,348.15,1293
2026-06-22T14:40:00+00:00,348.15,348.32,346.59,346.83,1377
2026-06-22T14:45:00+00:00,346.83,346.9,345.77,346.45,1279
2026-06-22T14:50:00+00:00,346.45,346.5,344.59,344.68,1373
2026-06-22T14:55:00+00:00,344.68,344.74,343.98,344.52,1186
2026-06-22T15:00:00+00:00,344.52,344.53,343.26,343.26,1165
2026-06-22T15:05:00+00:00,343.26,343.26,341.95,342.66,1247
2026-06-22T15:10:00+00:00,342.66,343.33,341.93,342.17,1228
2026-06-22T15:15:00+00:00,342.17,342.44,340.79,341.1,1243
2026-06-22T15:20:00+00:00,341.1,343.64,341.06,343.35,1242
2026-06-22T15:25:00+00:00,343.35,343.8,342.29,342.56,1766
2026-06-22T15:30:00+00:00,342.56,344.81,342.48,344.81,1608
2026-06-22T15:35:00+00:00,344.81,345.3,344.6,345.08,1082
2026-06-22T15:40:00+00:00,345.08,346.17,344.99,346.1,1027
2026-06-22T15:45:00+00:00,346.1,346.38,344.08,344.08,1075
2026-06-22T15:50:00+00:00,344.08,345.75,344.08,345.6,944
2026-06-22T15:55:00+00:00,345.6,346.2,344.98,345.16,985
2026-06-22T16:00:00+00:00,345.16,345.47,344.31,344.42,930
2026-06-22T16:05:00+00:00,344.42,344.78,343.98,344.53,967
2026-06-22T16:10:00+00:00,344.53,345.03,344.23,344.89,844
2026-06-22T16:15:00+00:00,344.89,345.28,344.56,345.16,718
2026-06-22T16:20:00+00:00,345.16,345.7,344.88,345.44,808
2026-06-22T16:25:00+00:00,345.44,346.06,345.13,346,794
2026-06-22T16:30:00+00:00,346,346.12,345.13,345.43,776
2026-06-22T16:35:00+00:00,345.43,345.56,344.88,345.04,817
2026-06-22T16:40:00+00:00,345.04,345.57,344.88,345.29,705
2026-06-22T16:45:00+00:00,345.29,345.47,344.89,345.11,612
2026-06-22T16:50:00+00:00,345.11,345.29,344.78,344.92,535
2026-06-22T16:55:00+00:00,344.92,345.72,344.71,345.54,611
2026-06-22T17:00:00+00:00,345.54,345.69,344.92,345.39,707
2026-06-22T17:05:00+00:00,345.39,345.4,344.8,345.27,681
2026-06-22T17:10:00+00:00,345.27,345.81,344.89,345.53,818
2026-06-22T17:15:00+00:00,345.53,346.13,345.11,346.07,1247
2026-06-22T17:20:00+00:00,346.07,346.47,345.86,346.1,904
2026-06-22T17:25:00+00:00,346.1,346.63,346,346.19,808
2026-06-22T17:30:00+00:00,346.19,346.4,345.71,345.94,812
2026-06-22T17:35:00+00:00,345.94,346.15,345.54,346.13,545
2026-06-22T17:40:00+00:00,346.13,346.36,345.8,345.82,510
2026-06-22T17:45:00+00:00,345.82,346.5,345.59,346.17,626
2026-06-22T17:50:00+00:00,346.17,346.73,346.15,346.63,579
2026-06-22T17:55:00+00:00,346.63,346.85,346.23,346.23,574
2026-06-22T18:00:00+00:00,346.23,346.77,346.16,346.6,705
2026-06-22T18:05:00+00:00,346.6,347.09,346.51,346.97,889
2026-06-22T18:10:00+00:00,346.97,347.17,346.73,347.06,915
2026-06-22T18:15:00+00:00,347.06,347.22,346.68,346.78,764
2026-06-22T18:20:00+00:00,346.78,347.49,346.78,347.45,913
2026-06-22T18:25:00+00:00,347.45,347.5,346.93,347.15,563
2026-06-22T18:30:00+00:00,347.15,347.67,347.15,347.56,549
2026-06-22T18:35:00+00:00,347.56,347.66,347.13,347.43,525
2026-06-22T18:40:00+00:00,347.43,347.66,347.22,347.33,682
2026-06-22T18:45:00+00:00,347.33,347.72,347.33,347.54,639
2026-06-22T18:50:00+00:00,347.54,347.61,346.48,346.59,835
2026-06-22T18:55:00+00:00,346.59,346.97,346.38,346.53,665
2026-06-22T19:00:00+00:00,346.53,347.36,346.51,347.09,650
2026-06-22T19:05:00+00:00,347.09,347.1,346.69,346.75,561
2026-06-22T19:10:00+00:00,346.75,347.14,346.74,346.91,512
2026-06-22T19:15:00+00:00,346.91,347.28,346.73,347.11,889
2026-06-22T19:20:00+00:00,347.11,347.6,346.96,347.36,791
2026-06-22T19:25:00+00:00,347.36,348.83,347.34,348.48,1160
2026-06-22T19:30:00+00:00,348.48,348.78,348.29,348.65,1407
2026-06-22T19:35:00+00:00,348.65,348.86,347.87,347.9,1071
2026-06-22T19:40:00+00:00,347.9,348.17,347.53,347.74,929
2026-06-22T19:45:00+00:00,347.74,348.43,347.65,348.31,956
2026-06-22T19:50:00+00:00,348.31,349.19,348.05,348.91,1580
2026-06-22T19:55:00+00:00,348.91,349.07,347.77,348.5,2431
2026-06-23T13:30:00+00:00,348.5,348.5,339.06,343.16,1344
2026-06-23T13:35:00+00:00,343.16,345.36,342.75,345.28,1290
2026-06-23T13:40:00+00:00,345.28,347,344.48,346.57,1086
2026-06-23T13:45:00+00:00,346.57,347.69,345.88,347.15,1483
2026-06-23T13:50:00+00:00,347.15,347.34,346.06,346.96,1195
2026-06-23T13:55:00+00:00,346.96,348.21,346.88,347.6,1074
2026-06-23T14:00:00+00:00,347.6,348.32,347.22,347.4,1056
2026-06-23T14:05:00+00:00,347.4,348.11,347.15,347.59,885
2026-06-23T14:10:00+00:00,347.59,348.53,347.54,347.98,861
2026-06-23T14:15:00+00:00,347.98,348.14,346.92,347.07,902
2026-06-23T14:20:00+00:00,347.07,347.33,346.29,346.98,871
2026-06-23T14:25:00+00:00,346.98,347.51,346.69,347.42,790
2026-06-23T14:30:00+00:00,347.42,347.87,347.07,347.38,845
2026-06-23T14:35:00+00:00,347.38,347.61,346.75,346.75,840
2026-06-23T14:40:00+00:00,346.75,346.82,345.95,346.4,883
2026-06-23T14:45:00+00:00,346.4,347.17,345.89,347.04,880
2026-06-23T14:50:00+00:00,347.04,347.72,346.92,347.37,884
2026-06-23T14:55:00+00:00,347.37,347.49,345.45,345.83,896
2026-06-23T15:00:00+00:00,345.83,346.25,345.46,345.77,870
2026-06-23T15:05:00+00:00,345.77,346.28,345.58,346.19,778
2026-06-23T15:10:00+00:00,346.19,346.33,345.68,346.29,797
2026-06-23T15:15:00+00:00,346.29,346.36,345.49,345.77,765
2026-06-23T15:20:00+00:00,345.77,345.88,344.97,345.28,862
2026-06-23T15:25:00+00:00,345.28,345.38,344.54,344.81,985
2026-06-23T15:30:00+00:00,344.81,345.09,344.46,344.84,881
2026-06-23T15:35:00+00:00,344.84,345.23,344.48,344.56,756
2026-06-23T15:40:00+00:00,344.56,345.46,344.48,345.23,796
2026-06-23T15:45:00+00:00,345.23,345.78,345.07,345.21,830
2026-06-23T15:50:00+00:00,345.21,346.2,345,345.64,766
2026-06-23T15:55:00+00:00,345.64,345.85,345.12,345.51,720
2026-06-23T16:00:00+00:00,345.51,346.18,344.98,345.33,773
2026-06-23T16:05:00+00:00,345.33,345.76,344.68,345.06,680
2026-06-23T16:10:00+00:00,345.06,345.37,344.61,344.94,562
2026-06-23T16:15:00+00:00,344.94,345.33,344.88,345.09,585
2026-06-23T16:20:00+00:00,345.09,346.47,344.88,346.46,594
2026-06-23T16:25:00+00:00,346.46,347.01,346.16,346.66,1344
2026-06-23T16:30:00+00:00,346.66,346.88,346.39,346.5,1232
2026-06-23T16:35:00+00:00,346.5,346.76,346.39,346.65,688
2026-06-23T16:40:00+00:00,346.65,347.18,346.64,346.7,851
2026-06-23T16:45:00+00:00,346.7,346.85,346.42,346.71,546
2026-06-23T16:50:00+00:00,346.71,347.14,346.39,347.07,611
2026-06-23T16:55:00+00:00,347.07,347.51,346.88,347.16,540
2026-06-23T17:00:00+00:00,347.16,347.34,346.61,346.77,613
2026-06-23T17:05:00+00:00,346.77,347.05,346.48,346.98,649
2026-06-23T17:10:00+00:00,346.98,347.4,346.88,346.93,645
2026-06-23T17:15:00+00:00,346.93,347.09,346.14,346.17,776
2026-06-23T17:20:00+00:00,346.17,347.01,346.17,346.9,1039
2026-06-23T17:25:00+00:00,346.9,347.29,346.88,347.11,613
2026-06-23T17:30:00+00:00,347.11,347.17,346.88,347.01,853
2026-06-23T17:35:00+00:00,347.01,347.18,346.71,346.82,813
2026-06-23T17:40:00+00:00,346.82,347.08,346.47,346.55,707
2026-06-23T17:45:00+00:00,346.55,347.06,346.47,347.03,784
2026-06-23T17:50:00+00:00,347.03,347.05,346.21,346.3,810
2026-06-23T17:55:00+00:00,346.3,346.41,345.88,346,826
2026-06-23T18:00:00+00:00,346,346.41,345.88,345.99,918
2026-06-23T18:05:00+00:00,345.99,346.14,345.53,346.13,592
2026-06-23T18:10:00+00:00,346.13,346.5,345.69,345.77,785
2026-06-23T18:15:00+00:00,345.77,346.04,345.41,345.7,653
2026-06-23T18:20:00+00:00,345.7,345.71,345.26,345.58,642
2026-06-23T18:25:00+00:00,345.58,345.58,345.23,345.26,473
2026-06-23T18:30:00+00:00,345.26,345.62,345.19,345.52,568
2026-06-23T18:35:00+00:00,345.52,345.79,345.46,345.66,562
2026-06-23T18:40:00+00:00,345.66,345.97,345.53,345.89,864
2026-06-23T18:45:00+00:00,345.89,345.97,345.42,345.72,906
2026-06-23T18:50:00+00:00,345.72,346,345.41,345.73,769
2026-06-23T18:55:00+00:00,345.73,346.2,345.34,345.89,753
2026-06-23T19:00:00+00:00,345.89,346.08,345.65,345.97,653
2026-06-23T19:05:00+00:00,345.97,346.44,345.95,346.15,1023
2026-06-23T19:10:00+00:00,346.15,346.4,345.97,346.11,671
2026-06-23T19:15:00+00:00,346.11,346.45,345.9,346.38,745
2026-06-23T19:20:00+00:00,346.38,346.72,346.13,346.32,853
2026-06-23T19:25:00+00:00,346.32,346.46,346.02,346.19,1003
2026-06-23T19:30:00+00:00,346.19,346.47,345.84,346.32,825
2026-06-23T19:35:00+00:00,346.32,346.59,346.14,346.3,862
2026-06-23T19:40:00+00:00,346.3,346.66,346.14,346.57,717
2026-06-23T19:45:00+00:00,346.57,347.57,346.53,347.09,855
2026-06-23T19:50:00+00:00,347.09,347.57,346.87,346.91,1138
2026-06-23T19:55:00+00:00,346.91,346.91,345.63,346.01,2418
2026-06-24T13:30:00+00:00,346.01,351.24,346.01,350.26,1449
2026-06-24T13:35:00+00:00,350.26,351.65,349.39,350.15,1238
2026-06-24T13:40:00+00:00,350.15,350.93,347.89,348.18,1434
2026-06-24T13:45:00+00:00,348.18,349.38,346.63,347.19,1583
2026-06-24T13:50:00+00:00,347.19,348.62,347.06,348.17,1375
2026-06-24T13:55:00+00:00,348.17,350.09,347.58,349.64,950
2026-06-24T14:00:00+00:00,349.64,350.08,349.12,349.66,1287
2026-06-24T14:05:00+00:00,349.66,350.6,349.53,350,1080
2026-06-24T14:10:00+00:00,350,350.11,348.83,349.56,974
2026-06-24T14:15:00+00:00,349.56,349.63,348.74,349.19,831
2026-06-24T14:20:00+00:00,349.19,350.03,348.49,349.84,1075
2026-06-24T14:25:00+00:00,349.84,350.21,349.37,349.72,939
2026-06-24T14:30:00+00:00,349.72,350.43,349.61,349.71,1119
2026-06-24T14:35:00+00:00,349.71,350.09,349.05,349.81,1258
2026-06-24T14:40:00+00:00,349.81,351.27,349.69,351,1138
2026-06-24T14:45:00+00:00,351,352.05,350.99,351.88,1292
2026-06-24T14:50:00+00:00,351.88,352.63,351.24,351.89,1050
2026-06-24T14:55:00+00:00,351.89,352.25,-1431.7499999999998,-1431.4499999999998,896.6014537718288
2026-06-24T15:00:00+00:00,352.35,352.5,351.06,351.22,912
2026-06-24T15:05:00+00:00,351.22,351.6,350.9,351.04,971
2026-06-24T15:10:00+00:00,351.04,351.05,349.94,350.01,1325
2026-06-24T15:15:00+00:00,350.01,350.38,349.58,349.82,1244
2026-06-24T15:20:00+00:00,349.82,350.31,349.48,350.05,1239
2026-06-24T15:25:00+00:00,350.05,350.13,349.48,349.95,1203
2026-06-24T15:30:00+00:00,349.95,350.28,348.67,349.57,967
2026-06-24T15:35:00+00:00,349.57,349.99,349.45,349.81,814
2026-06-24T15:40:00+00:00,349.81,349.92,349.38,349.54,644
2026-06-24T15:45:00+00:00,349.54,349.78,349.13,349.75,823
2026-06-24T15:50:00+00:00,349.75,350.1,349.4,349.6,754
2026-06-24T15:55:00+00:00,349.6,349.94,349.05,349.1,998
2026-06-24T16:00:00+00:00,349.1,349.6,348.91,349.32,1011
2026-06-24T16:05:00+00:00,349.32,349.68,349.2,349.66,927
2026-06-24T16:10:00+00:00,349.66,350.01,349.44,349.77,838
2026-06-24T16:15:00+00:00,349.77,349.93,349.22,349.66,862
2026-06-24T16:20:00+00:00,349.66,349.68,349.18,349.22,1233
2026-06-24T16:25:00+00:00,349.22,349.24,348.58,348.82,1056
2026-06-24T16:30:00+00:00,348.82,348.94,348.47,348.57,1178
2026-06-24T16:35:00+00:00,348.57,348.7,347.78,347.89,1028
2026-06-24T16:40:00+00:00,347.89,347.89,347.32,347.77,947
2026-06-24T16:45:00+00:00,347.77,348.34,347.54,348.04,711
2026-06-24T16:50:00+00:00,348.04,348.45,348.03,348.12,711
2026-06-24T16:55:00+00:00,348.12,348.49,347.88,348.4,621
2026-06-24T17:00:00+00:00,348.4,348.79,348.28,348.76,628
2026-06-24T17:05:00+00:00,348.76,348.78,347.87,347.96,743
2026-06-24T17:10:00+00:00,347.96,348.6,347.92,348.52,699
2026-06-24T17:15:00+00:00,348.52,348.87,348.14,348.25,1016
2026-06-24T17:20:00+00:00,348.25,348.63,347.89,348.17,1026
2026-06-24T17:25:00+00:00,348.17,348.42,347.6,347.94,1054
2026-06-24T17:30:00+00:00,347.94,348.26,347.44,347.89,1094
2026-06-24T17:35:00+00:00,347.89,348.32,347.48,347.78,833
2026-06-24T17:40:00+00:00,347.78,347.88,347.43,347.61,881
2026-06-24T17:45:00+00:00,347.61,348.21,347.43,347.95,773
2026-06-24T17:50:00+00:00,347.95,348.51,347.62,348.33,901
2026-06-24T17:55:00+00:00,348.33,348.64,348.07,348.38,865
2026-06-24T18:00:00+00:00,348.38,348.8,348.27,348.54,1121
2026-06-24T18:05:00+00:00,348.54,348.85,348.06,348.13,718
2026-06-24T18:10:00+00:00,348.13,348.19,347.63,347.78,683
2026-06-24T18:15:00+00:00,347.78,348.04,343.53,345.82,1543
2026-06-24T18:20:00+00:00,345.82,346.46,345.1,345.57,1027
2026-06-24T18:25:00+00:00,345.57,345.88,343.88,344.29,1162
2026-06-24T18:30:00+00:00,344.29,344.37,342.68,343.53,1266
2026-06-24T18:35:00+00:00,343.53,345.03,342.98,343.62,985
2026-06-24T18:40:00+00:00,343.62,344.16,342.27,343.07,1189
2026-06-24T18:45:00+00:00,343.07,343.58,341.83,341.97,918
2026-06-24T18:50:00+00:00,341.97,342.5,341.68,342.13,847
2026-06-24T18:55:00+00:00,342.13,342.85,342.02,342.39,732
2026-06-24T19:00:00+00:00,342.39,342.53,341.39,342.25,748
2026-06-24T19:05:00+00:00,342.25,342.94,341.91,342.71,879
2026-06-24T19:10:00+00:00,342.71,343.56,342.43,343.4,942
2026-06-24T19:15:00+00:00,343.4,343.73,343.02,343.52,842
2026-06-24T19:20:00+00:00,343.52,344.28,343.39,344.23,672
2026-06-24T19:25:00+00:00,344.23,344.36,343.57,343.73,560
2026-06-24T19:30:00+00:00,343.73,343.75,342.98,343.33,646
2026-06-24T19:35:00+00:00,343.33,343.95,342.99,343.87,919
2026-06-24T19:40:00+00:00,343.87,344.31,343.66,343.76,934
2026-06-24T19:45:00+00:00,343.76,344.2,343.47,343.88,802
2026-06-24T19:50:00+00:00,343.88,345.03,342.98,344.08,1152
2026-06-24T19:55:00+00:00,344.08,344.97,342.98,344.9,2335
2026-06-25T13:30:00+00:00,344.9,344.9,335.84,336.04,1409
2026-06-25T13:35:00+00:00,336.04,337.45,335.77,337.14,2298
2026-06-25T13:40:00+00:00,337.14,337.53,335.83,336.49,1605
2026-06-25T13:45:00+00:00,336.49,338.2,336.49,337.08,2430
2026-06-25T13:50:00+00:00,337.08,338.53,337.07,338.29,1645
2026-06-25T13:55:00+00:00,338.29,338.97,337.88,338.84,1681
2026-06-25T14:00:00+00:00,338.84,340.7,338.38,339.98,1586
2026-06-25T14:05:00+00:00,339.98,341.21,339.89,340.9,1427
2026-06-25T14:10:00+00:00,340.9,341.36,338.56,339.54,1421
2026-06-25T14:15:00+00:00,339.54,339.72,338.68,339.64,1287
2026-06-25T14:20:00+00:00,339.64,340.35,338.68,338.99,1097
2026-06-25T14:25:00+00:00,338.99,340.17,338.59,340,1217
2026-06-25T14:30:00+00:00,340,341.32,339.57,340.72,1122
2026-06-25T14:35:00+00:00,340.72,342.13,340.46,341.94,1106
2026-06-25T14:40:00+00:00,341.94,342.43,341.35,342.24,1144
2026-06-25T14:45:00+00:00,342.24,342.57,341.24,342.1,1131
2026-06-25T14:50:00+00:00,342.1,342.47,341.6,342.36,975
2026-06-25T14:55:00+00:00,342.36,342.37,340.91,341.06,1515
2026-06-25T15:00:00+00:00,341.06,341.3,340.38,341.16,1073
2026-06-25T15:05:00+00:00,341.16,341.49,340,340.24,930
2026-06-25T15:10:00+00:00,340.24,340.59,338.96,339.23,1130
2026-06-25T15:15:00+00:00,339.23,340.52,338.81,340.33,1282
2026-06-25T15:20:00+00:00,340.33,341.11,339.88,340.6,1118
2026-06-25T15:25:00+00:00,340.6,340.85,340.24,340.37,1069
2026-06-25T15:30:00+00:00,340.37,341.35,340.31,340.52,1294
2026-06-25T15:35:00+00:00,340.52,341.1,340.51,340.55,914
2026-06-25T15:40:00+00:00,340.55,340.95,340.38,340.59,980
2026-06-25T15:45:00+00:00,340.59,341.35,340.38,340.44,1000
2026-06-25T15:50:00+00:00,340.44,341.03,340.38,340.84,946
2026-06-25T15:55:00+00:00,340.84,341.36,340.55,340.73,1073
2026-06-25T16:00:00+00:00,340.73,340.95,340.31,340.61,959
2026-06-25T16:05:00+00:00,340.61,341.07,340.59,340.77,1065
2026-06-25T16:10:00+00:00,340.77,341.57,340.77,341.38,957
2026-06-25T16:15:00+00:00,341.38,341.77,341.31,341.47,833
2026-06-25T16:20:00+00:00,341.47,341.59,340.49,340.55,804
2026-06-25T16:25:00+00:00,340.55,340.7,340.24,340.29,741
2026-06-25T16:30:00+00:00,340.29,340.33,339.88,340.08,672
2026-06-25T16:35:00+00:00,340.08,340.67,339.76,340.37,885
2026-06-25T16:40:00+00:00,340.37,340.71,340.25,340.63,1089
2026-06-25T16:45:00+00:00,340.63,340.64,340.18,340.47,1367
2026-06-25T16:50:00+00:00,340.47,340.76,340.19,340.71,1196
2026-06-25T16:55:00+00:00,340.71,340.93,340.07,340.58,1102
2026-06-25T17:00:00+00:00,340.58,341.17,339.96,340.2,1202
2026-06-25T17:05:00+00:00,340.2,340.32,339.96,340.19,1049
2026-06-25T17:10:00+00:00,340.19,340.91,339.89,340.04,1305
2026-06-25T17:15:00+00:00,340.04,340.54,339.04,339.16,980
2026-06-25T17:20:00+00:00,339.16,339.73,338.89,339.72,1044
2026-06-25T17:25:00+00:00,339.72,340.27,339.26,339.52,1054
2026-06-25T17:30:00+00:00,339.52,339.75,339,339.01,912
2026-06-25T17:35:00+00:00,339.01,339.41,338.96,339.07,817
2026-06-25T17:40:00+00:00,339.07,339.42,338.38,338.51,827
2026-06-25T17:45:00+00:00,338.51,338.62,337.98,338.05,797
2026-06-25T17:50:00+00:00,338.05,338.97,337.9,338.78,719
2026-06-25T17:55:00+00:00,338.78,339.98,338.72,339.83,728
2026-06-25T18:00:00+00:00,339.83,340.03,338.38,338.89,887
2026-06-25T18:05:00+00:00,338.89,340.06,338.68,339.86,754
2026-06-25T18:10:00+00:00,339.86,340.36,339.84,340.08,642
2026-06-25T18:15:00+00:00,340.08,340.94,339.91,340.71,851
2026-06-25T18:20:00+00:00,340.71,340.98,340.43,340.51,711
2026-06-25T18:25:00+00:00,340.51,340.86,340.48,340.69,701
2026-06-25T18:30:00+00:00,340.69,340.74,339.89,339.92,704
2026-06-25T18:35:00+00:00,339.92,340.42,339.89,340.42,776
2026-06-25T18:40:00+00:00,340.42,340.5,339.76,339.9,595
2026-06-25T18:45:00+00:00,339.9,340.34,339.71,340.25,907
2026-06-25T18:50:00+00:00,340.25,341.13,340.19,340.55,705
2026-06-25T18:55:00+00:00,340.55,340.71,340.14,340.41,692
2026-06-25T19:00:00+00:00,340.41,340.52,339.58,339.68,635
2026-06-25T19:05:00+00:00,339.68,340.58,339.64,340.34,675
2026-06-25T19:10:00+00:00,340.34,340.67,340.03,340.54,840
2026-06-25T19:15:00+00:00,340.54,341.03,340.28,340.92,715
2026-06-25T19:20:00+00:00,340.92,341.34,340.88,341.34,583
2026-06-25T19:25:00+00:00,341.34,341.59,341.19,341.49,708
2026-06-25T19:30:00+00:00,341.49,341.58,340.64,341.13,1074
2026-06-25T19:35:00+00:00,341.13,341.26,340.64,340.96,608
2026-06-25T19:40:00+00:00,340.96,341.05,339.62,340.05,940
2026-06-25T19:45:00+00:00,340.05,340.28,339.39,339.53,890
2026-06-25T19:50:00+00:00,339.53,341.37,339.39,341.37,1329
2026-06-25T19:55:00+00:00,341.37,343.05,339.64,341.59,2354
2026-06-26T13:30:00+00:00,341.59,341.59,335.78,336.22,1418
2026-06-26T13:35:00+00:00,336.22,337.78,335.78,335.78,1568
2026-06-26T13:40:00+00:00,335.78,336.49,335.19,335.69,1535
2026-06-26T13:45:00+00:00,335.69,336.01,334.38,334.38,1751
2026-06-26T13:50:00+00:00,334.38,335.14,333.98,334.94,961
2026-06-26T13:55:00+00:00,334.94,335.93,334.62,335.86,1053
2026-06-26T14:00:00+00:00,335.86,336.31,335.18,335.54,1259
2026-06-26T14:05:00+00:00,335.54,336.51,335.49,335.58,966
2026-06-26T14:10:00+00:00,335.58,337.03,335.49,336.82,1146
2026-06-26T14:15:00+00:00,336.82,337.19,336.45,337.08,947
2026-06-26T14:20:00+00:00,337.08,337.64,335.75,336.04,916
2026-06-26T14:25:00+00:00,336.04,336.67,335.88,336.38,801
2026-06-26T14:30:00+00:00,336.38,337.47,336.19,337.29,854
2026-06-26T14:35:00+00:00,337.29,337.61,336.52,336.9,1012
2026-06-26T14:40:00+00:00,336.9,338.09,336.51,337.85,800
2026-06-26T14:45:00+00:00,337.85,338.5,337.76,338,786
2026-06-26T14:50:00+00:00,338,338.16,337.65,337.94,625
2026-06-26T14:55:00+00:00,337.94,338.58,-1445.7399999999998,-1445.3799999999999,796.8255487704241
2026-06-26T15:00:00+00:00,338.45,339.26,338.39,339.02,648
2026-06-26T15:05:00+00:00,339.02,339.27,338.61,339.1,639
2026-06-26T15:10:00+00:00,339.1,339.16,338.15,339.12,666
2026-06-26T15:15:00+00:00,339.12,340.17,338.93,339.82,837
2026-06-26T15:20:00+00:00,339.82,340.36,339.57,340.05,778
2026-06-26T15:25:00+00:00,340.05,341.14,339.96,340.91,824
2026-06-26T15:30:00+00:00,340.91,341.57,339.9,340.14,798
2026-06-26T15:35:00+00:00,340.14,340.73,340.12,340.58,821
2026-06-26T15:40:00+00:00,340.58,341.95,340.55,341.71,678
2026-06-26T15:45:00+00:00,341.71,342.44,341.5,342.16,798
2026-06-26T15:50:00+00:00,342.16,342.55,341.34,342.54,912
2026-06-26T15:55:00+00:00,342.54,343.37,342.34,342.69,897
2026-06-26T16:00:00+00:00,342.69,343.77,342.49,343.6,819
2026-06-26T16:05:00+00:00,343.6,343.92,342.94,343.01,715
2026-06-26T16:10:00+00:00,343.01,343.03,341.94,342.07,785
2026-06-26T16:15:00+00:00,342.07,342.34,341.18,341.78,639
2026-06-26T16:20:00+00:00,341.78,341.86,340.88,341.08,793
2026-06-26T16:25:00+00:00,341.08,341.28,340.88,340.97,617
2026-06-26T16:30:00+00:00,340.97,341.4,340.68,341.16,698
2026-06-26T16:35:00+00:00,341.16,341.64,340.26,340.33,757
2026-06-26T16:40:00+00:00,340.33,340.41,338.88,339.02,644
2026-06-26T16:45:00+00:00,339.02,339.64,338.88,339.39,645
2026-06-26T16:50:00+00:00,339.39,340.17,339.33,339.98,775
2026-06-26T16:55:00+00:00,339.98,340.68,339.5,340.39,916
2026-06-26T17:00:00+00:00,340.39,340.71,339.7,340.43,850
2026-06-26T17:05:00+00:00,340.43,341.08,340.12,340.57,709
2026-06-26T17:10:00+00:00,340.57,341.01,339.89,340.16,640
2026-06-26T17:15:00+00:00,340.16,340.91,339.9,340.75,807
2026-06-26T17:20:00+00:00,340.75,341.03,340.29,340.4,798
2026-06-26T17:25:00+00:00,340.4,341.02,340.11,340.63,791
2026-06-26T17:30:00+00:00,340.63,340.89,339.5,339.72,869
2026-06-26T17:35:00+00:00,339.72,339.9,339.38,339.48,698
2026-06-26T17:40:00+00:00,339.48,339.89,339.18,339.71,645
2026-06-26T17:45:00+00:00,339.71,340.37,339.62,340.31,596
2026-06-26T17:50:00+00:00,340.31,340.94,340.31,340.78,529
2026-06-26T17:55:00+00:00,340.78,340.82,339.88,340.22,633
2026-06-26T18:00:00+00:00,340.22,340.75,339.98,340.53,871
2026-06-26T18:05:00+00:00,340.53,340.74,340.09,340.15,685
2026-06-26T18:10:00+00:00,340.15,340.41,340.01,340.18,654
2026-06-26T18:15:00+00:00,340.18,340.38,340.05,340.07,591
2026-06-26T18:20:00+00:00,340.07,340.13,339.41,339.83,538
2026-06-26T18:25:00+00:00,339.83,340.01,339.47,339.73,644
2026-06-26T18:30:00+00:00,339.73,339.95,339.48,339.86,905
2026-06-26T18:35:00+00:00,339.86,340.32,339.29,339.99,779
2026-06-26T18:40:00+00:00,339.99,340.54,339.86,340.39,730
2026-06-26T18:45:00+00:00,340.39,340.6,339.89,340.46,676
2026-06-26T18:50:00+00:00,340.46,341.25,340.22,341.12,821
2026-06-26T18:55:00+00:00,341.12,341.5,340.61,341.04,834
2026-06-26T19:00:00+00:00,341.04,341.7,340.89,341.05,694
2026-06-26T19:05:00+00:00,341.05,341.99,341.02,341.64,686
2026-06-26T19:10:00+00:00,341.64,341.88,340.92,341.49,706
2026-06-26T19:15:00+00:00,341.49,341.93,341.39,341.76,756
2026-06-26T19:20:00+00:00,341.76,342.04,341.16,341.33,762
2026-06-26T19:25:00+00:00,341.33,341.63,340.86,340.91,714
2026-06-26T19:30:00+00:00,340.91,341.6,340.86,340.91,774
2026-06-26T19:35:00+00:00,340.91,341.92,340.86,341.6,842
2026-06-26T19:40:00+00:00,341.6,341.92,340.89,341.32,855
2026-06-26T19:45:00+00:00,341.32,342.01,341.27,341.53,875
2026-06-26T19:50:00+00:00,341.53,341.69,333.56,334.88,2653
2026-06-26T19:55:00+00:00,334.88,336.35,333.6,334.55,2209
2026-06-29T13:30:00+00:00,334.55,346.23,334.55,346.06,895
2026-06-29T13:35:00+00:00,346.06,346.28,343.89,345.1,1388
2026-06-29T13:40:00+00:00,345.1,345.34,343.88,343.95,1382
2026-06-29T13:45:00+00:00,343.95,345.29,343.88,344.72,1628
2026-06-29T13:50:00+00:00,344.72,346.19,344.06,345.84,1405
2026-06-29T13:55:00+00:00,345.84,345.95,344.5,345.6,1193
2026-06-29T14:00:00+00:00,345.6,345.84,344.25,344.56,1391
2026-06-29T14:05:00+00:00,344.56,347.06,344.23,346.3,1400
2026-06-29T14:10:00+00:00,346.3,346.53,344.91,344.98,1217
2026-06-29T14:15:00+00:00,344.98,346.75,344.57,345.53,1270
2026-06-29T14:20:00+00:00,345.53,346.6,345.25,346.37,866
2026-06-29T14:25:00+00:00,346.37,347.85,345.73,346.82,1187
2026-06-29T14:30:00+00:00,346.82,347.47,345.89,346.9,1042
2026-06-29T14:35:00+00:00,346.9,348.53,346.46,348.53,866
2026-06-29T14:40:00+00:00,348.53,349.56,347.48,347.49,1236
2026-06-29T14:45:00+00:00,347.49,347.49,346.12,346.87,1342
2026-06-29T14:50:00+00:00,346.87,348.14,346.72,347.72,904
2026-06-29T14:55:00+00:00,347.72,348.23,347.14,348.18,877
2026-06-29T15:00:00+00:00,348.18,349.26,347.89,348.98,788
2026-06-29T15:05:00+00:00,348.98,349.24,347.89,348.37,848
2026-06-29T15:10:00+00:00,348.37,348.42,347.88,348.1,837
2026-06-29T15:15:00+00:00,348.1,349.13,347.96,348.92,868
2026-06-29T15:20:00+00:00,348.92,349.62,348.07,348.56,858
2026-06-29T15:25:00+00:00,348.56,349.55,348.38,349.21,822
2026-06-29T15:30:00+00:00,349.21,349.37,348.41,348.77,981
2026-06-29T15:35:00+00:00,348.77,349.55,348.38,349.29,904
2026-06-29T15:40:00+00:00,349.29,350.26,349.19,350.18,856
2026-06-29T15:45:00+00:00,350.18,350.27,349.37,349.63,1091
2026-06-29T15:50:00+00:00,349.63,349.78,349.06,349.65,725
2026-06-29T15:55:00+00:00,349.65,350.78,349.55,350.59,923
2026-06-29T16:00:00+00:00,350.59,350.7,350.24,350.59,784
2026-06-29T16:05:00+00:00,350.59,350.78,350.21,350.49,725
2026-06-29T16:10:00+00:00,350.49,350.82,350.24,350.46,788
2026-06-29T16:15:00+00:00,350.46,350.92,350.4,350.68,527
2026-06-29T16:20:00+00:00,350.68,350.8,350.07,350.12,606
2026-06-29T16:25:00+00:00,350.12,350.3,349.75,349.85,586
2026-06-29T16:30:00+00:00,349.85,350.31,349.69,349.9,653
2026-06-29T16:35:00+00:00,349.9,350.06,349.08,349.2,574
2026-06-29T16:40:00+00:00,349.2,349.22,348.53,348.89,551
2026-06-29T16:45:00+00:00,348.89,349.54,348.85,349.39,580
2026-06-29T16:50:00+00:00,349.39,350.17,349.36,349.9,739
2026-06-29T16:55:00+00:00,349.9,350.07,349.38,349.45,494
2026-06-29T17:00:00+00:00,349.45,350.14,349.38,349.91,458
2026-06-29T17:05:00+00:00,349.91,350.4,349.76,350.24,358
2026-06-29T17:10:00+00:00,350.24,350.77,350.11,350.59,393
2026-06-29T17:15:00+00:00,350.59,350.67,350.15,350.31,488
2026-06-29T17:20:00+00:00,350.31,350.73,350.28,350.52,476
2026-06-29T17:25:00+00:00,350.52,350.7,350.2,350.36,494
2026-06-29T17:30:00+00:00,350.36,351.25,350.36,351,623
2026-06-29T17:35:00+00:00,351,351.42,350.91,351.25,441
2026-06-29T17:40:00+00:00,351.25,351.56,351.15,351.25,445
2026-06-29T17:45:00+00:00,351.25,351.25,350.68,350.9,416
2026-06-29T17:50:00+00:00,350.9,351.41,350.85,351.12,410
2026-06-29T17:55:00+00:00,351.12,351.33,350.97,351.26,461
2026-06-29T18:00:00+00:00,351.26,351.52,350.71,350.89,478
2026-06-29T18:05:00+00:00,350.89,351.14,350.69,351.01,416
2026-06-29T18:10:00+00:00,351.01,351.13,350.68,350.75,451
2026-06-29T18:15:00+00:00,350.75,350.86,350.14,350.16,507
2026-06-29T18:20:00+00:00,350.16,350.42,350,350.22,335
2026-06-29T18:25:00+00:00,350.22,350.81,350.11,350.65,397
2026-06-29T18:30:00+00:00,350.65,350.97,350.47,350.81,681
2026-06-29T18:35:00+00:00,350.81,351.16,350.69,350.94,619
2026-06-29T18:40:00+00:00,350.94,351.3,350.79,351.01,653
2026-06-29T18:45:00+00:00,351.01,351.24,350.88,351,368
2026-06-29T18:50:00+00:00,351,351.14,350.43,350.63,406
2026-06-29T18:55:00+00:00,350.63,350.63,350.06,350.14,375
2026-06-29T19:00:00+00:00,350.14,350.8,350.14,350.67,490
2026-06-29T19:05:00+00:00,350.67,350.82,350.48,350.63,383
2026-06-29T19:10:00+00:00,350.63,350.68,350.02,350.49,402
2026-06-29T19:15:00+00:00,350.49,350.79,350.17,350.32,571
2026-06-29T19:20:00+00:00,350.32,350.53,349.98,349.98,524
2026-06-29T19:25:00+00:00,349.98,350.07,349.5,349.62,427
2026-06-29T19:30:00+00:00,349.62,350.6,349.61,350.55,697
2026-06-29T19:35:00+00:00,350.55,351.15,350.41,351.1,606
2026-06-29T19:40:00+00:00,351.1,351.73,351.06,351.58,568
2026-06-29T19:45:00+00:00,351.58,351.84,351.08,351.16,573
2026-06-29T19:50:00+00:00,351.16,351.4,350.27,351.22,992
2026-06-29T19:55:00+00:00,351.22,351.42,350.74,350.89,1768
2026-06-30T13:30:00+00:00,350.89,352.04,348.08,348.62,794
2026-06-30T13:35:00+00:00,348.62,349.65,348.16,348.58,1107
2026-06-30T13:40:00+00:00,348.58,349.44,348.4,348.76,855
2026-06-30T13:45:00+00:00,348.76,350.47,348.74,349.67,1210
2026-06-30T13:50:00+00:00,349.67,349.81,348.54,348.54,997
2026-06-30T13:55:00+00:00,348.54,349.56,348.54,349.28,819
2026-06-30T14:00:00+00:00,349.28,349.91,347.97,349.69,943
2026-06-30T14:05:00+00:00,349.69,350.83,349.26,349.65,829
2026-06-30T14:10:00+00:00,349.65,350.21,349.38,349.89,697
2026-06-30T14:15:00+00:00,349.89,350.89,349.69,350.04,557
2026-06-30T14:20:00+00:00,350.04,351.33,350.02,351.32,495
2026-06-30T14:25:00+00:00,351.32,351.32,350.51,350.62,487
2026-06-30T14:30:00+00:00,350.62,351.07,350.58,350.88,489
2026-06-30T14:35:00+00:00,350.88,351.84,350.53,351.82,712
2026-06-30T14:40:00+00:00,351.82,352.38,351.44,351.46,675
2026-06-30T14:45:00+00:00,351.46,351.55,350.73,351.31,624
2026-06-30T14:50:00+00:00,351.31,351.88,351.21,351.68,587
2026-06-30T14:55:00+00:00,351.68,352.71,351.58,351.89,641
2026-06-30T15:00:00+00:00,351.89,352.34,351.51,351.86,632
2026-06-30T15:05:00+00:00,351.86,352.28,351.38,351.49,679
2026-06-30T15:10:00+00:00,351.49,351.93,351.16,351.89,542
2026-06-30T15:15:00+00:00,351.89,353.57,351.49,353.49,622
2026-06-30T15:20:00+00:00,353.49,353.91,353.09,353.29,634
2026-06-30T15:25:00+00:00,353.29,353.75,353.09,353.69,434
2026-06-30T15:30:00+00:00,353.69,353.78,353.08,353.13,376
2026-06-30T15:35:00+00:00,353.13,353.32,352.73,353.14,566
2026-06-30T15:40:00+00:00,353.14,353.51,352.99,353.29,568
2026-06-30T15:45:00+00:00,353.29,353.92,353.19,353.3,466
2026-06-30T15:50:00+00:00,353.3,353.48,352.88,353.43,695
2026-06-30T15:55:00+00:00,353.43,354.17,353.35,354.03,502
2026-06-30T16:00:00+00:00,354.03,354.53,353.78,353.81,456
2026-06-30T16:05:00+00:00,353.81,354.02,353.55,353.66,391
2026-06-30T16:10:00+00:00,353.66,354.08,353.59,353.93,354
2026-06-30T16:15:00+00:00,353.93,354.57,353.93,354.42,357
2026-06-30T16:20:00+00:00,354.42,355,354.33,354.72,308
2026-06-30T16:25:00+00:00,354.72,354.74,354.13,354.24,422
2026-06-30T16:30:00+00:00,354.24,354.72,354.15,354.57,452
2026-06-30T16:35:00+00:00,354.57,354.79,354.28,354.72,381
2026-06-30T16:40:00+00:00,354.72,355.05,354.5,354.51,352
2026-06-30T16:45:00+00:00,354.51,355.23,354.42,354.85,469
2026-06-30T16:50:00+00:00,354.85,354.95,354.07,354.14,567
2026-06-30T16:55:00+00:00,354.14,354.4,354.05,354.4,382
2026-06-30T17:00:00+00:00,354.4,354.61,353.51,354.04,425
2026-06-30T17:05:00+00:00,354.04,354.34,353.82,354.05,523
2026-06-30T17:10:00+00:00,354.05,354.25,353.94,353.98,442
2026-06-30T17:15:00+00:00,353.98,354.42,353.83,354.05,533
2026-06-30T17:20:00+00:00,354.05,354.13,353.46,353.54,399
2026-06-30T17:25:00+00:00,353.54,353.67,352.58,352.59,471
2026-06-30T17:30:00+00:00,352.59,352.76,352.22,352.73,639
2026-06-30T17:35:00+00:00,352.73,353.05,352.48,352.69,461
2026-06-30T17:40:00+00:00,352.69,352.98,352.62,352.8,355
2026-06-30T17:45:00+00:00,352.8,352.97,352.4,352.81,576
2026-06-30T17:50:00+00:00,352.81,353.21,352.64,353.09,487
2026-06-30T17:55:00+00:00,353.09,353.14,352.76,352.96,413
2026-06-30T18:00:00+00:00,352.96,353.34,352.39,352.69,742
2026-06-30T18:05:00+00:00,352.69,353.05,352.51,352.86,507
2026-06-30T18:10:00+00:00,352.86,353.4,352.86,352.95,474
2026-06-30T18:15:00+00:00,352.95,353.4,352.89,353.4,441
2026-06-30T18:20:00+00:00,353.4,353.57,353.13,353.53,442
2026-06-30T18:25:00+00:00,353.53,353.72,353.29,353.59,438
2026-06-30T18:30:00+00:00,353.59,353.76,353.41,353.67,418
2026-06-30T18:35:00+00:00,353.67,353.75,353.44,353.53,510
2026-06-30T18:40:00+00:00,353.53,353.84,352.51,352.65,470
2026-06-30T18:45:00+00:00,352.65,353.04,352.4,353.04,446
2026-06-30T18:50:00+00:00,353.04,353.53,352.94,353.25,467
2026-06-30T18:55:00+00:00,353.25,353.39,353.14,353.26,326
2026-06-30T19:00:00+00:00,353.26,353.61,353.09,353.61,309
2026-06-30T19:05:00+00:00,353.61,353.77,353.27,353.72,356
2026-06-30T19:10:00+00:00,353.72,353.9,353.4,353.66,358
2026-06-30T19:15:00+00:00,353.66,353.89,353.44,353.48,381
2026-06-30T19:20:00+00:00,353.48,353.75,353.26,353.3,321
2026-06-30T19:25:00+00:00,353.3,353.95,353.3,353.8,382
2026-06-30T19:30:00+00:00,353.8,354.38,353.76,354.18,722
2026-06-30T19:35:00+00:00,354.18,354.42,354.03,354.35,495
2026-06-30T19:40:00+00:00,354.35,354.6,354.17,354.2,435
2026-06-30T19:45:00+00:00,354.2,354.43,354.1,354.25,446
2026-06-30T19:50:00+00:00,354.25,354.27,353.22,353.72,876
2026-06-30T19:55:00+00:00,353.72,354.04,352.6,352.96,2414
2026-07-01T13:30:00+00:00,352.96,356.15,352.96,355.16,1900
2026-07-01T13:35:00+00:00,355.16,357.98,354.86,357.34,2147
2026-07-01T13:40:00+00:00,357.34,358.64,355.31,355.32,2582
2026-07-01T13:45:00+00:00,355.32,356.39,354.3,354.6,2416
2026-07-01T13:50:00+00:00,354.6,354.76,352.97,353.68,2189
2026-07-01T13:55:00+00:00,353.68,354.95,352.92,354.74,1613
2026-07-01T14:00:00+00:00,354.74,356.3,354.74,354.88,1796
2026-07-01T14:05:00+00:00,354.88,355.01,354.08,355.01,1830
2026-07-01T14:10:00+00:00,355.01,355.7,354.65,355.32,1403
2026-07-01T14:15:00+00:00,355.32,356.05,355.12,355.12,1258
2026-07-01T14:20:00+00:00,355.12,355.81,354.89,355.79,1273
2026-07-01T14:25:00+00:00,355.79,356.7,355.68,356.55,1009
2026-07-01T14:30:00+00:00,356.55,357.39,356.52,357.19,1253
2026-07-01T14:35:00+00:00,357.19,358.01,356.88,357.75,1543
2026-07-01T14:40:00+00:00,357.75,359.31,357.6,358.27,1569
2026-07-01T14:45:00+00:00,358.27,358.73,357.47,358.15,1743
2026-07-01T14:50:00+00:00,358.15,358.52,357.88,358.14,1590
2026-07-01T14:55:00+00:00,358.14,358.47,-1426.3899999999999,-1426.3899999999999,1310.544600938967
2026-07-01T15:00:00+00:00,357.35,357.77,357.12,357.47,1577
2026-07-01T15:05:00+00:00,357.47,358.44,357.39,358.24,1396
2026-07-01T15:10:00+00:00,358.24,358.84,357.46,357.84,1342
2026-07-01T15:15:00+00:00,357.84,358.13,356.88,357.65,1697
2026-07-01T15:20:00+00:00,357.65,359.08,357.57,358.31,1539
2026-07-01T15:25:00+00:00,358.31,358.76,358.08,358.36,1278
2026-07-01T15:30:00+00:00,358.36,358.71,357.64,357.67,1319
2026-07-01T15:35:00+00:00,357.67,357.73,356.6,356.73,1261
2026-07-01T15:40:00+00:00,356.73,356.78,355.93,356.29,1211
2026-07-01T15:45:00+00:00,356.29,356.53,356.07,356.4,793
2026-07-01T15:50:00+00:00,356.4,356.54,355.88,355.9,990
2026-07-01T15:55:00+00:00,355.9,356.17,355.71,355.98,999
2026-07-01T16:00:00+00:00,355.98,356.24,355.5,355.69,895
2026-07-01T16:05:00+00:00,355.69,356.07,355.55,355.72,1141
2026-07-01T16:10:00+00:00,355.72,355.89,355.24,355.26,914
2026-07-01T16:15:00+00:00,355.26,355.78,355.04,355.44,915
2026-07-01T16:20:00+00:00,355.44,355.74,354.91,355.31,751
2026-07-01T16:25:00+00:00,355.31,355.87,355,355.16,669
2026-07-01T16:30:00+00:00,355.16,355.45,354.44,354.45,575
2026-07-01T16:35:00+00:00,354.45,354.95,354.43,354.69,662
2026-07-01T16:40:00+00:00,354.69,354.69,354.22,354.25,505
2026-07-01T16:45:00+00:00,354.25,354.67,354.01,354.5,652
2026-07-01T16:50:00+00:00,354.5,355.42,354.45,355.26,831
2026-07-01T16:55:00+00:00,355.26,355.75,354.8,354.89,680
2026-07-01T17:00:00+00:00,354.89,355.9,354.88,355.85,1175
2026-07-01T17:05:00+00:00,355.85,355.96,355.14,355.76,971
2026-07-01T17:10:00+00:00,355.76,355.91,355.34,355.82,660
2026-07-01T17:15:00+00:00,355.82,355.86,355.13,355.47,658
2026-07-01T17:20:00+00:00,355.47,355.77,355.42,355.54,558
2026-07-01T17:25:00+00:00,355.54,355.67,355.31,355.39,552
2026-07-01T17:30:00+00:00,355.39,355.82,355.13,355.22,874
2026-07-01T17:35:00+00:00,355.22,356.2,355.01,356.08,1283
2026-07-01T17:40:00+00:00,356.08,356.08,355.36,355.8,1054
2026-07-01T17:45:00+00:00,355.8,356.27,355.74,356.22,665
2026-07-01T17:50:00+00:00,356.22,356.48,355.8,356.45,609
2026-07-01T17:55:00+00:00,356.45,356.69,356.24,356.36,644
2026-07-01T18:00:00+00:00,356.36,357.37,356.33,357.14,999
2026-07-01T18:05:00+00:00,357.14,357.26,356.6,356.85,859
2026-07-01T18:10:00+00:00,356.85,357.15,356.65,356.87,853
2026-07-01T18:15:00+00:00,356.87,357.02,356.49,356.74,835
2026-07-01T18:20:00+00:00,356.74,356.82,356.42,356.52,733
2026-07-01T18:25:00+00:00,356.52,356.7,355.87,356.08,813
2026-07-01T18:30:00+00:00,356.08,356.97,356.08,356.37,763
2026-07-01T18:35:00+00:00,356.37,357,356.28,356.7,670
2026-07-01T18:40:00+00:00,356.7,356.86,356.48,356.64,496
2026-07-01T18:45:00+00:00,356.64,357.13,356.45,356.92,576
2026-07-01T18:50:00+00:00,356.92,357.16,356.72,356.74,595
2026-07-01T18:55:00+00:00,356.74,357.72,356.63,356.89,1034
2026-07-01T19:00:00+00:00,356.89,357.02,356.08,356.39,1022
2026-07-01T19:05:00+00:00,356.39,356.81,356.15,356.34,1027
2026-07-01T19:10:00+00:00,356.34,356.52,356.08,356.28,560
2026-07-01T19:15:00+00:00,356.28,356.95,356.2,356.83,887
2026-07-01T19:20:00+00:00,356.83,357.28,356.64,357.21,838
2026-07-01T19:25:00+00:00,357.21,357.46,356.65,356.69,846
2026-07-01T19:30:00+00:00,356.69,357.16,356.64,356.89,787
2026-07-01T19:35:00+00:00,356.89,357.2,356.77,356.94,663
2026-07-01T19:40:00+00:00,356.94,357.9,356.94,357.9,874
2026-07-01T19:45:00+00:00,357.9,358.07,357.27,357.37,778
2026-07-01T19:50:00+00:00,357.37,358.03,357.29,357.68,1191
2026-07-01T19:55:00+00:00,357.68,358.07,356.92,357.61,1752
2026-07-02T13:30:00+00:00,357.61,359.6,354.31,355.45,729
2026-07-02T13:35:00+00:00,355.45,358.08,354.83,357.41,1226
2026-07-02T13:40:00+00:00,357.41,359.79,357.2,358.06,925
2026-07-02T13:45:00+00:00,358.06,359.8,357.77,359.36,1184
2026-07-02T13:50:00+00:00,359.36,360.36,358.28,360.31,1068
2026-07-02T13:55:00+00:00,360.31,360.56,358.71,359.07,697
2026-07-02T14:00:00+00:00,359.07,360.23,358.34,358.55,731
2026-07-02T14:05:00+00:00,358.55,359.75,358.29,358.78,567
2026-07-02T14:10:00+00:00,358.78,359.06,358,358.51,654
2026-07-02T14:15:00+00:00,358.51,359.36,357.68,359.04,591
2026-07-02T14:20:00+00:00,359.04,359.32,358.51,358.89,649
2026-07-02T14:25:00+00:00,358.89,359.11,358.04,358.65,825
2026-07-02T14:30:00+00:00,358.65,360.81,358.59,359.93,872
2026-07-02T14:35:00+00:00,359.93,360.28,359.5,359.94,656
2026-07-02T14:40:00+00:00,359.94,360.22,358.33,358.67,760
2026-07-02T14:45:00+00:00,358.67,359.02,357.68,357.76,778
2026-07-02T14:50:00+00:00,357.76,358.22,357.14,357.25,826
2026-07-02T14:55:00+00:00,357.25,357.39,-1426.7599999999998,-1426.5099999999998,861.7261361562329
2026-07-02T15:00:00+00:00,357.22,357.3,355.74,355.79,831
2026-07-02T15:05:00+00:00,355.79,356.36,354.25,354.43,1052
2026-07-02T15:10:00+00:00,354.43,355.6,354.26,355.09,778
2026-07-02T15:15:00+00:00,355.09,355.75,354.66,354.76,912
2026-07-02T15:20:00+00:00,354.76,355.08,353.88,354.23,865
2026-07-02T15:25:00+00:00,354.23,354.6,353.38,353.64,891
2026-07-02T15:30:00+00:00,353.64,354.34,353.4,354.15,750
2026-07-02T15:35:00+00:00,354.15,354.62,353.68,353.68,588
2026-07-02T15:40:00+00:00,353.68,353.85,352.22,352.26,644
2026-07-02T15:45:00+00:00,352.26,353.07,352.21,352.69,908
2026-07-02T15:50:00+00:00,352.69,352.7,351.9,352.37,789
2026-07-02T15:55:00+00:00,352.37,352.61,351.93,352.54,784
2026-07-02T16:00:00+00:00,352.54,352.65,351.49,351.73,729
2026-07-02T16:05:00+00:00,351.73,351.79,350.81,350.86,800
2026-07-02T16:10:00+00:00,350.86,351.53,350.83,351.53,686
2026-07-02T16:15:00+00:00,351.53,352.65,351.36,352.54,631
2026-07-02T16:20:00+00:00,352.54,352.87,352.23,352.62,527
2026-07-02T16:25:00+00:00,352.62,352.66,351.84,351.87,637
2026-07-02T16:30:00+00:00,351.87,352.08,351.59,351.81,760
2026-07-02T16:35:00+00:00,351.81,351.91,351.39,351.7,866
2026-07-02T16:40:00+00:00,351.7,352.32,351.62,352.08,551
2026-07-02T16:45:00+00:00,352.08,352.09,351.24,351.58,544
2026-07-02T16:50:00+00:00,351.58,351.62,350.55,350.57,602
2026-07-02T16:55:00+00:00,350.57,351.28,350.25,350.28,676
2026-07-02T17:00:00+00:00,350.28,351.4,350.16,350.46,683
2026-07-02T17:05:00+00:00,350.46,350.77,350.17,350.51,678
2026-07-02T17:10:00+00:00,350.51,351.6,350.49,351.37,579
2026-07-02T17:15:00+00:00,351.37,351.54,351.22,351.28,562
2026-07-02T17:20:00+00:00,351.28,351.47,351.11,351.11,400
2026-07-02T17:25:00+00:00,351.11,351.91,351.11,351.73,555
2026-07-02T17:30:00+00:00,351.73,352.11,351.49,351.65,504
2026-07-02T17:35:00+00:00,351.65,352.35,351.64,352.33,488
2026-07-02T17:40:00+00:00,352.33,353.64,352.18,353.29,567
2026-07-02T17:45:00+00:00,353.29,353.63,352.84,353.45,546
2026-07-02T17:50:00+00:00,353.45,353.81,353.1,353.11,536
2026-07-02T17:55:00+00:00,353.11,353.29,352.88,353.13,378
2026-07-02T18:00:00+00:00,353.13,353.68,353.01,353.52,452
2026-07-02T18:05:00+00:00,353.52,354.32,353.34,354.06,500
2026-07-02T18:10:00+00:00,354.06,354.84,353.85,354.68,464
2026-07-02T18:15:00+00:00,354.68,355.1,354.44,354.82,731
2026-07-02T18:20:00+00:00,354.82,355.08,354.49,354.57,540
2026-07-02T18:25:00+00:00,354.57,354.92,354.51,354.82,389
2026-07-02T18:30:00+00:00,354.82,355.19,354.75,355.15,496
2026-07-02T18:35:00+00:00,355.15,355.29,354.68,354.86,427
2026-07-02T18:40:00+00:00,354.86,355.1,354.79,354.94,400
2026-07-02T18:45:00+00:00,354.94,355.55,354.69,355.28,486
2026-07-02T18:50:00+00:00,355.28,355.29,354.28,354.33,405
2026-07-02T18:55:00+00:00,354.33,354.72,354.11,354.61,537
2026-07-02T19:00:00+00:00,354.61,355.2,354.48,354.61,560
2026-07-02T19:05:00+00:00,354.61,355.82,354.49,355.73,587
2026-07-02T19:10:00+00:00,355.73,356,355.38,355.4,553
2026-07-02T19:15:00+00:00,355.4,355.8,355.38,355.53,566
2026-07-02T19:20:00+00:00,355.53,355.74,355.38,355.72,621
2026-07-02T19:25:00+00:00,355.72,356.13,355.11,355.33,602
2026-07-02T19:30:00+00:00,355.33,355.63,355.23,355.54,609
2026-07-02T19:35:00+00:00,355.54,355.81,355.35,355.55,593
2026-07-02T19:40:00+00:00,355.55,355.82,355.46,355.53,608
2026-07-02T19:45:00+00:00,355.53,355.68,355.31,355.61,824
2026-07-02T19:50:00+00:00,355.61,356.2,354.92,356,1422
2026-07-02T19:55:00+00:00,356,356.68,355.1,355.69,1498
2026-07-06T13:30:00+00:00,355.69,360.23,355.69,356.98,1070
2026-07-06T13:35:00+00:00,356.98,358.64,356.51,357.29,1156
2026-07-06T13:40:00+00:00,357.29,357.87,355.29,356.39,928
2026-07-06T13:45:00+00:00,356.39,356.99,354.59,354.6,1107
2026-07-06T13:50:00+00:00,354.6,355.05,354.28,354.65,1112
2026-07-06T13:55:00+00:00,354.65,355.09,354.07,354.11,939
2026-07-06T14:00:00+00:00,354.11,355.03,354,354.56,875
2026-07-06T14:05:00+00:00,354.56,355.38,354.33,354.6,844
2026-07-06T14:10:00+00:00,354.6,356.35,354.36,356.29,864
2026-07-06T14:15:00+00:00,356.29,356.59,355.17,355.76,876
2026-07-06T14:20:00+00:00,355.76,357.01,355.64,356.69,681
2026-07-06T14:25:00+00:00,356.69,357.86,356.69,357.66,636
2026-07-06T14:30:00+00:00,357.66,358.41,357.42,358.25,795
2026-07-06T14:35:00+00:00,358.25,358.57,357.62,357.96,639
2026-07-06T14:40:00+00:00,357.96,358.2,357.67,358.05,538
2026-07-06T14:45:00+00:00,358.05,358.7,357.78,358.58,663
2026-07-06T14:50:00+00:00,358.58,358.99,358.15,358.53,693
2026-07-06T14:55:00+00:00,358.53,358.85,358.19,358.43,731
2026-07-06T15:00:00+00:00,358.43,358.58,357.71,358.3,621
2026-07-06T15:05:00+00:00,358.3,359.37,358.11,359.11,661
2026-07-06T15:10:00+00:00,359.11,359.31,358.77,359.12,599
2026-07-06T15:15:00+00:00,359.12,359.94,359.02,359.77,586
2026-07-06T15:20:00+00:00,359.77,359.95,359.41,359.57,635
2026-07-06T15:25:00+00:00,359.57,359.83,359.36,359.51,618
2026-07-06T15:30:00+00:00,359.51,360.11,359.41,359.95,685
2026-07-06T15:35:00+00:00,359.95,360.18,359.83,359.95,566
2026-07-06T15:40:00+00:00,359.95,360.44,359.91,360.33,605
2026-07-06T15:45:00+00:00,360.33,360.87,360.15,360.77,591
2026-07-06T15:50:00+00:00,360.77,360.81,360.48,360.52,537
2026-07-06T15:55:00+00:00,360.52,360.88,360.1,360.66,537
2026-07-06T16:00:00+00:00,360.66,361.41,360.46,361.36,666
2026-07-06T16:05:00+00:00,361.36,361.71,361.08,361.29,593
2026-07-06T16:10:00+00:00,361.29,361.9,361.18,361.68,683
2026-07-06T16:15:00+00:00,361.68,362.37,361.67,361.98,804
2026-07-06T16:20:00+00:00,361.98,362.07,361.01,361.03,795
2026-07-06T16:25:00+00:00,361.03,361.25,360.81,360.84,478
2026-07-06T16:30:00+00:00,360.84,361.49,360.82,361.43,485
2026-07-06T16:35:00+00:00,361.43,361.56,360.95,360.96,611
2026-07-06T16:40:00+00:00,360.96,361.22,360.95,361.22,500
2026-07-06T16:45:00+00:00,361.22,361.29,360.95,361.14,371
2026-07-06T16:50:00+00:00,361.14,361.63,360.97,361.35,429
2026-07-06T16:55:00+00:00,361.35,361.42,360.76,360.89,393
2026-07-06T17:00:00+00:00,360.89,361.43,360.81,361.33,304
2026-07-06T17:05:00+00:00,361.33,361.92,361.29,361.83,423
2026-07-06T17:10:00+00:00,361.83,362.11,361.49,361.76,468
2026-07-06T17:15:00+00:00,361.76,361.87,361.05,361.28,395
2026-07-06T17:20:00+00:00,361.28,361.43,361.07,361.13,383
2026-07-06T17:25:00+00:00,361.13,362.02,361.13,361.95,363
2026-07-06T17:30:00+00:00,361.95,362.5,361.72,361.74,588
2026-07-06T17:35:00+00:00,361.74,362.1,361.57,362.01,634
2026-07-06T17:40:00+00:00,362.01,362.13,361.39,361.64,422
2026-07-06T17:45:00+00:00,361.64,361.74,361.5,361.55,438
2026-07-06T17:50:00+00:00,361.55,361.85,361.4,361.4,387
2026-07-06T17:55:00+00:00,361.4,361.6,360.88,361.53,508
2026-07-06T18:00:00+00:00,361.53,361.63,361.31,361.47,414
2026-07-06T18:05:00+00:00,361.47,361.84,361.36,361.54,380
2026-07-06T18:10:00+00:00,361.54,361.67,361.21,361.56,503
2026-07-06T18:15:00+00:00,361.56,362.09,361.38,361.39,557
2026-07-06T18:20:00+00:00,361.39,361.87,361.19,361.87,638
2026-07-06T18:25:00+00:00,361.87,361.91,361.58,361.81,499
2026-07-06T18:30:00+00:00,361.81,362.66,361.77,362.31,721
2026-07-06T18:35:00+00:00,362.31,362.65,362.16,362.65,708
2026-07-06T18:40:00+00:00,362.65,362.93,362.47,362.54,796
2026-07-06T18:45:00+00:00,362.54,363.35,362.47,363.31,649
2026-07-06T18:50:00+00:00,363.31,363.81,363.22,363.73,368
2026-07-06T18:55:00+00:00,363.73,364.03,363.56,363.99,400
2026-07-06T19:00:00+00:00,363.99,364.31,363.88,364.23,398
2026-07-06T19:05:00+00:00,364.23,364.76,363.92,364.1,527
2026-07-06T19:10:00+00:00,364.1,364.64,364.1,364.33,630
2026-07-06T19:15:00+00:00,364.33,364.49,364.12,364.36,474
2026-07-06T19:20:00+00:00,364.36,364.8,364.33,364.36,444
2026-07-06T19:25:00+00:00,364.36,365.08,364.23,365.01,649
2026-07-06T19:30:00+00:00,365.01,365.47,364.83,365.05,837
2026-07-06T19:35:00+00:00,365.05,365.25,364.88,365.1,726
2026-07-06T19:40:00+00:00,365.1,365.15,364.84,365.01,529
2026-07-06T19:45:00+00:00,365.01,365.22,364.88,364.89,611
2026-07-06T19:50:00+00:00,364.89,364.89,363.75,364.56,1890
2026-07-06T19:55:00+00:00,364.56,365.53,364.13,364.8,1936
2026-07-07T13:30:00+00:00,364.8,367.09,364.16,366.23,1272
2026-07-07T13:35:00+00:00,366.23,367.65,365.53,367.46,1693
2026-07-07T13:40:00+00:00,367.46,369.8,366.57,369.38,1650
2026-07-07T13:45:00+00:00,369.38,370.61,368.61,369.54,1398
2026-07-07T13:50:00+00:00,369.54,370.44,369.09,369.64,1062
2026-07-07T13:55:00+00:00,369.64,370.72,367.88,368.76,1495
2026-07-07T14:00:00+00:00,368.76,369.45,368.39,368.83,1234
2026-07-07T14:05:00+00:00,368.83,369.02,367.73,368.67,986
2026-07-07T14:10:00+00:00,368.67,369.66,368.58,369.44,1012
2026-07-07T14:15:00+00:00,369.44,369.49,368.39,368.99,1140
2026-07-07T14:20:00+00:00,368.99,369.5,368.11,368.12,1091
2026-07-07T14:25:00+00:00,368.12,368.57,367.51,368.18,916
2026-07-07T14:30:00+00:00,368.18,368.33,367.12,367.45,924
2026-07-07T14:35:00+00:00,367.45,367.79,366.97,366.97,1195
2026-07-07T14:40:00+00:00,366.97,367.26,365.91,366.33,1102
2026-07-07T14:45:00+00:00,366.33,366.67,365.53,365.64,797
2026-07-07T14:50:00+00:00,365.64,365.69,364.65,365.5,817
2026-07-07T14:55:00+00:00,365.5,365.5,364.35,364.68,759
2026-07-07T15:00:00+00:00,364.68,365.03,364.35,364.67,704
2026-07-07T15:05:00+00:00,364.67,365.2,364.47,364.81,690
2026-07-07T15:10:00+00:00,364.81,365.21,364.24,364.88,686
2026-07-07T15:15:00+00:00,364.88,365.56,364.54,365.15,639
2026-07-07T15:20:00+00:00,365.15,365.45,364.84,365.2,643
2026-07-07T15:25:00+00:00,365.2,366.27,365.19,366.22,581
2026-07-07T15:30:00+00:00,366.22,366.6,365.92,365.99,495
2026-07-07T15:35:00+00:00,365.99,366.49,365.88,365.89,503
2026-07-07T15:40:00+00:00,365.89,365.89,365.14,365.75,620
2026-07-07T15:45:00+00:00,365.75,366.12,365.57,365.96,541
2026-07-07T15:50:00+00:00,365.96,366.21,365.71,366.15,430
2026-07-07T15:55:00+00:00,366.15,366.3,365.59,365.92,341
2026-07-07T16:00:00+00:00,365.92,366.13,364.88,364.89,596
2026-07-07T16:05:00+00:00,364.89,365.3,364.88,365.19,470
2026-07-07T16:10:00+00:00,365.19,365.52,365.03,365.14,460
2026-07-07T16:15:00+00:00,365.14,365.9,365.07,365.39,414
2026-07-07T16:20:00+00:00,365.39,365.67,365.03,365.44,445
2026-07-07T16:25:00+00:00,365.44,365.7,365.09,365.17,470
2026-07-07T16:30:00+00:00,365.17,365.6,365.12,365.43,423
2026-07-07T16:35:00+00:00,365.43,366.2,365.35,366.09,428
2026-07-07T16:40:00+00:00,366.09,366.26,365.88,366.05,364
2026-07-07T16:45:00+00:00,366.05,366.5,365.88,365.98,406
2026-07-07T16:50:00+00:00,365.98,366.32,365.88,366.17,401
2026-07-07T16:55:00+00:00,366.17,366.83,366.09,366.17,474
2026-07-07T17:00:00+00:00,366.17,366.25,365.88,366.13,593
2026-07-07T17:05:00+00:00,366.13,366.18,365.89,366,494
2026-07-07T17:10:00+00:00,366,366.3,365.89,366.26,452
2026-07-07T17:15:00+00:00,366.26,366.41,365.88,366.07,431
2026-07-07T17:20:00+00:00,366.07,366.85,366.01,366.68,499
2026-07-07T17:25:00+00:00,366.68,366.99,366.44,366.51,268
2026-07-07T17:30:00+00:00,366.51,366.61,366.07,366.28,438
2026-07-07T17:35:00+00:00,366.28,366.47,366.16,366.29,314
2026-07-07T17:40:00+00:00,366.29,366.42,365.92,366.32,414
2026-07-07T17:45:00+00:00,366.32,366.53,365.91,366.1,317
2026-07-07T17:50:00+00:00,366.1,366.4,366.1,366.39,262
2026-07-07T17:55:00+00:00,366.39,366.72,366.36,366.72,334
2026-07-07T18:00:00+00:00,366.72,367.14,366.58,366.7,624
2026-07-07T18:05:00+00:00,366.7,366.98,366.58,366.85,566
2026-07-07T18:10:00+00:00,366.85,366.95,365.93,366,634
2026-07-07T18:15:00+00:00,366,366.48,365.91,366.21,628
2026-07-07T18:20:00+00:00,366.21,366.26,365.67,365.92,493
2026-07-07T18:25:00+00:00,365.92,366.1,365.68,365.94,495
2026-07-07T18:30:00+00:00,365.94,366.08,365.13,365.25,786
2026-07-07T18:35:00+00:00,365.25,365.77,365.08,365.69,663
2026-07-07T18:40:00+00:00,365.69,366.13,365.56,365.92,815
2026-07-07T18:45:00+00:00,365.92,366.29,365.48,365.78,588
2026-07-07T18:50:00+00:00,365.78,365.98,365.08,365.25,615
2026-07-07T18:55:00+00:00,365.25,365.57,365.08,365.25,563
2026-07-07T19:00:00+00:00,365.25,365.46,364.73,364.83,556
2026-07-07T19:05:00+00:00,364.83,365.56,364.74,365.29,623
2026-07-07T19:10:00+00:00,365.29,365.56,365.17,365.38,588
2026-07-07T19:15:00+00:00,365.38,365.59,364.88,365.26,716
2026-07-07T19:20:00+00:00,365.26,365.28,364.69,365.07,578
2026-07-07T19:25:00+00:00,365.07,365.28,364.7,364.77,488
2026-07-07T19:30:00+00:00,364.77,364.92,364.38,364.41,556
2026-07-07T19:35:00+00:00,364.41,364.68,363.73,363.87,495
2026-07-07T19:40:00+00:00,363.87,363.97,362.25,362.61,609
2026-07-07T19:45:00+00:00,362.61,363.23,362.44,362.7,736
2026-07-07T19:50:00+00:00,362.7,364.33,362.7,364.28,846
2026-07-07T19:55:00+00:00,364.28,364.66,362.93,363.35,1401
2026-07-08T13:30:00+00:00,363.35,364.58,360.2,360.2,1132
2026-07-08T13:35:00+00:00,360.2,361.85,359.56,359.9,980
2026-07-08T13:40:00+00:00,359.9,361.77,359.88,361.58,1537
2026-07-08T13:45:00+00:00,361.58,362.1,360.48,360.64,1772
2026-07-08T13:50:00+00:00,360.64,361.12,359.88,359.9,1882
2026-07-08T13:55:00+00:00,359.9,360.48,359.48,359.57,1473
2026-07-08T14:00:00+00:00,359.57,359.85,358.73,359.14,2024
2026-07-08T14:05:00+00:00,359.14,360.26,359.13,360.16,1597
2026-07-08T14:10:00+00:00,360.16,360.25,359.28,359.45,1751
2026-07-08T14:15:00+00:00,359.45,359.79,358.88,358.98,1324
2026-07-08T14:20:00+00:00,358.98,359.78,358.88,359.46,1076
2026-07-08T14:25:00+00:00,359.46,359.83,358.88,358.89,1018
2026-07-08T14:30:00+00:00,358.89,359.3,358.73,358.88,1873
2026-07-08T14:35:00+00:00,358.88,358.98,357.9,357.92,1867
2026-07-08T14:40:00+00:00,357.92,358.58,357.87,358.25,1592
2026-07-08T14:45:00+00:00,358.25,359.25,358.13,359.2,982
2026-07-08T14:50:00+00:00,359.2,359.3,358.44,358.79,1500
2026-07-08T14:55:00+00:00,358.79,358.89,-1425.4399999999998,-1425.2799999999997,1345.1916951080773
2026-07-08T15:00:00+00:00,358.46,358.81,358.18,358.7,1210
2026-07-08T15:05:00+00:00,358.7,358.77,358.18,358.18,900
2026-07-08T15:10:00+00:00,358.18,358.79,358.03,358.62,1396
2026-07-08T15:15:00+00:00,358.62,358.88,358.18,358.81,1330
2026-07-08T15:20:00+00:00,358.81,359.18,358.48,358.51,1359
2026-07-08T15:25:00+00:00,358.51,358.62,357.58,358.08,1325
2026-07-08T15:30:00+00:00,358.08,358.19,357.39,357.46,1479
2026-07-08T15:35:00+00:00,357.46,358.11,357.13,357.95,1265
2026-07-08T15:40:00+00:00,357.95,358.32,357.88,358.06,955
2026-07-08T15:45:00+00:00,358.06,358.35,357.45,357.54,998
2026-07-08T15:50:00+00:00,357.54,357.71,356.82,356.94,869
2026-07-08T15:55:00+00:00,356.94,357.37,356.92,357.24,1145
2026-07-08T16:00:00+00:00,357.24,357.73,357.15,357.35,1162
2026-07-08T16:05:00+00:00,357.35,357.49,357.18,357.39,789
2026-07-08T16:10:00+00:00,357.39,358.05,357.36,357.77,636
2026-07-08T16:15:00+00:00,357.77,358.34,357.75,357.92,635
2026-07-08T16:20:00+00:00,357.92,358.3,357.69,358.13,938
2026-07-08T16:25:00+00:00,358.13,358.44,357.88,357.93,797
2026-07-08T16:30:00+00:00,357.93,358.55,357.88,358.04,924
2026-07-08T16:35:00+00:00,358.04,358.3,357.68,357.98,1010
2026-07-08T16:40:00+00:00,357.98,358.29,357.69,358.05,1519
2026-07-08T16:45:00+00:00,358.05,358.21,357.79,357.83,1053
2026-07-08T16:50:00+00:00,357.83,358.14,357.71,357.85,1129
2026-07-08T16:55:00+00:00,357.85,358.32,357.77,357.86,803
2026-07-08T17:00:00+00:00,357.86,357.86,357.45,357.64,819
2026-07-08T17:05:00+00:00,357.64,357.85,357.49,357.71,667
2026-07-08T17:10:00+00:00,357.71,357.92,357.31,357.42,719
2026-07-08T17:15:00+00:00,357.42,357.86,357.38,357.81,606
2026-07-08T17:20:00+00:00,357.81,357.88,357.59,357.84,576
2026-07-08T17:25:00+00:00,357.84,358,357.61,357.94,412
2026-07-08T17:30:00+00:00,357.94,357.97,356.98,356.98,846
2026-07-08T17:35:00+00:00,356.98,356.99,356.39,356.76,556
2026-07-08T17:40:00+00:00,356.76,356.79,356.48,356.53,577
2026-07-08T17:45:00+00:00,356.53,356.85,356.39,356.39,661
2026-07-08T17:50:00+00:00,356.39,356.72,355.98,355.98,653
2026-07-08T17:55:00+00:00,355.98,355.98,355.41,355.45,562
2026-07-08T18:00:00+00:00,355.45,356.17,355.41,356.1,947
2026-07-08T18:05:00+00:00,356.1,356.3,356.05,356.18,554
2026-07-08T18:10:00+00:00,356.18,356.18,355.53,355.62,715
2026-07-08T18:15:00+00:00,355.62,355.7,355.13,355.26,561
2026-07-08T18:20:00+00:00,355.26,355.3,354.98,355.1,564
2026-07-08T18:25:00+00:00,355.1,355.29,355.08,355.08,620
2026-07-08T18:30:00+00:00,355.08,355.13,354.63,354.71,737
2026-07-08T18:35:00+00:00,354.71,355.36,354.51,355.12,722
2026-07-08T18:40:00+00:00,355.12,355.32,354.89,355.29,612
2026-07-08T18:45:00+00:00,355.29,355.54,355.07,355.49,474
2026-07-08T18:50:00+00:00,355.49,355.74,355.36,355.67,623
2026-07-08T18:55:00+00:00,355.67,355.74,355.4,355.52,397
2026-07-08T19:00:00+00:00,355.52,355.69,355.35,355.47,591
2026-07-08T19:05:00+00:00,355.47,355.93,355.4,355.41,537
2026-07-08T19:10:00+00:00,355.41,355.57,354.93,354.95,645
2026-07-08T19:15:00+00:00,354.95,355.44,354.7,355.43,554
2026-07-08T19:20:00+00:00,355.43,355.68,355.25,355.39,731
2026-07-08T19:25:00+00:00,355.39,355.77,355.38,355.57,571
2026-07-08T19:30:00+00:00,355.57,355.94,355.48,355.72,643
2026-07-08T19:35:00+00:00,355.72,356.28,355.67,356.03,664
2026-07-08T19:40:00+00:00,356.03,356.54,355.96,356.36,790
2026-07-08T19:45:00+00:00,356.36,356.67,355.95,356.6,888
2026-07-08T19:50:00+00:00,356.6,357.96,356.55,357.75,1178
2026-07-08T19:55:00+00:00,357.75,359.65,357.75,358.31,2030
2026-07-09T13:30:00+00:00,358.31,358.31,350.07,353.39,1305
2026-07-09T13:35:00+00:00,353.39,356.14,353.2,355.27,2085
2026-07-09T13:40:00+00:00,355.27,355.36,354.48,354.69,1465
2026-07-09T13:45:00+00:00,354.69,354.72,352.94,353.36,1186
2026-07-09T13:50:00+00:00,353.36,353.7,353.26,353.54,814
2026-07-09T13:55:00+00:00,353.54,354.1,353.15,353.56,864
2026-07-09T14:00:00+00:00,353.56,354.24,352.06,352.26,1722
2026-07-09T14:05:00+00:00,352.26,352.33,351.38,351.54,1045
2026-07-09T14:10:00+00:00,351.54,351.58,349.25,350.56,1080
2026-07-09T14:15:00+00:00,350.56,350.66,349.1,349.15,970
2026-07-09T14:20:00+00:00,349.15,349.66,348.48,348.93,837
2026-07-09T14:25:00+00:00,348.93,350.79,348.78,350.79,849
2026-07-09T14:30:00+00:00,350.79,351.77,350.73,351.46,873
2026-07-09T14:35:00+00:00,351.46,352.01,351.02,351.18,635
2026-07-09T14:40:00+00:00,351.18,351.29,349.88,349.97,927
2026-07-09T14:45:00+00:00,349.97,350.23,349.63,350.07,1115
2026-07-09T14:50:00+00:00,350.07,350.53,349.87,350.3,1164
2026-07-09T14:55:00+00:00,350.3,350.71,350,350.49,1127
2026-07-09T15:00:00+00:00,350.49,350.75,349.85,349.89,915
2026-07-09T15:05:00+00:00,349.89,351.23,349.89,351.03,766
2026-07-09T15:10:00+00:00,351.03,351.1,350.09,350.1,606
2026-07-09T15:15:00+00:00,350.1,350.51,349.88,350.24,1227
2026-07-09T15:20:00+00:00,350.24,351.07,350.19,350.84,963
2026-07-09T15:25:00+00:00,350.84,351.29,350.61,351.06,689
2026-07-09T15:30:00+00:00,351.06,351.3,350.61,350.78,675
2026-07-09T15:35:00+00:00,350.78,350.96,350.32,350.56,619
2026-07-09T15:40:00+00:00,350.56,350.64,350.32,350.47,598
2026-07-09T15:45:00+00:00,350.47,350.55,349.78,349.86,618
2026-07-09T15:50:00+00:00,349.86,349.97,349.63,349.74,490
2026-07-09T15:55:00+00:00,349.74,350.3,349.7,350.17,551
2026-07-09T16:00:00+00:00,350.17,350.39,349.94,350.36,480
2026-07-09T16:05:00+00:00,350.36,351.21,350.08,350.95,847
2026-07-09T16:10:00+00:00,350.95,351.41,350.53,350.68,809
2026-07-09T16:15:00+00:00,350.68,350.74,350.12,350.66,698
2026-07-09T16:20:00+00:00,350.66,351.78,350.44,351.56,749
2026-07-09T16:25:00+00:00,351.56,351.9,351.39,351.6,478
2026-07-09T16:30:00+00:00,351.6,352.07,351.41,351.62,578
2026-07-09T16:35:00+00:00,351.62,352.34,351.4,352.11,577
2026-07-09T16:40:00+00:00,352.11,352.48,352.07,352.39,467
2026-07-09T16:45:00+00:00,352.39,352.46,351.84,352,537
2026-07-09T16:50:00+00:00,352,352.15,351.86,352.13,528
2026-07-09T16:55:00+00:00,352.13,352.35,351.78,352.24,490
2026-07-09T17:00:00+00:00,352.24,352.6,352.18,352.37,580
2026-07-09T17:05:00+00:00,352.37,352.42,351.91,351.95,654
2026-07-09T17:10:00+00:00,351.95,352.08,351.78,351.85,654
2026-07-09T17:15:00+00:00,351.85,352.31,351.85,352.23,422
2026-07-09T17:20:00+00:00,352.23,352.35,351.96,352.19,545
2026-07-09T17:25:00+00:00,352.19,352.61,352.11,352.43,537
2026-07-09T17:30:00+00:00,352.43,352.62,352.12,352.45,600
2026-07-09T17:35:00+00:00,352.45,352.76,352.24,352.3,654
2026-07-09T17:40:00+00:00,352.3,352.41,352.16,352.36,449
2026-07-09T17:45:00+00:00,352.36,352.79,352.19,352.69,562
2026-07-09T17:50:00+00:00,352.69,352.93,352.52,352.78,403
2026-07-09T17:55:00+00:00,352.78,352.87,352.49,352.73,562
2026-07-09T18:00:00+00:00,352.73,353.51,352.71,353.48,583
2026-07-09T18:05:00+00:00,353.48,353.65,353.16,353.61,686
2026-07-09T18:10:00+00:00,353.61,354.06,353.42,353.66,584
2026-07-09T18:15:00+00:00,353.66,354.1,353.42,353.89,589
2026-07-09T18:20:00+00:00,353.89,354.03,353.47,353.51,539
2026-07-09T18:25:00+00:00,353.51,353.74,353.42,353.55,685
2026-07-09T18:30:00+00:00,353.55,353.9,353.42,353.53,720
2026-07-09T18:35:00+00:00,353.53,353.73,353.41,353.62,624
2026-07-09T18:40:00+00:00,353.62,353.86,353.41,353.82,532
2026-07-09T18:45:00+00:00,353.82,353.88,353.08,353.17,503
2026-07-09T18:50:00+00:00,353.17,353.54,353.11,353.54,516
2026-07-09T18:55:00+00:00,353.54,354.01,353.5,353.81,448
2026-07-09T19:00:00+00:00,353.81,354.18,353.59,354.13,404
2026-07-09T19:05:00+00:00,354.13,354.28,353.75,354.05,439
2026-07-09T19:10:00+00:00,354.05,354.66,354.05,354.55,408
2026-07-09T19:15:00+00:00,354.55,355.12,354.21,354.3,524
2026-07-09T19:20:00+00:00,354.3,354.36,353.95,353.99,495
2026-07-09T19:25:00+00:00,353.99,354.98,353.98,354.85,449
2026-07-09T19:30:00+00:00,354.85,355.37,354.85,355.26,467
2026-07-09T19:35:00+00:00,355.26,355.54,355.01,355.18,459
2026-07-09T19:40:00+00:00,355.18,355.37,355.03,355.08,423
2026-07-09T19:45:00+00:00,355.08,355.75,355.01,355.57,465
2026-07-09T19:50:00+00:00,355.57,356.4,355.39,356.17,1337
2026-07-09T19:55:00+00:00,356.17,356.52,355.48,356.26,1716
2026-07-10T13:30:00+00:00,356.26,356.26,351.84,354.18,1491
2026-07-10T13:35:00+00:00,354.18,354.82,353.33,354.5,1154
2026-07-10T13:40:00+00:00,354.5,355.1,353.28,353.59,998
2026-07-10T13:45:00+00:00,353.59,353.85,353.07,353.78,1046
2026-07-10T13:50:00+00:00,353.78,354.14,353.07,353.91,814
2026-07-10T13:55:00+00:00,353.91,354.75,353.77,354.1,875
2026-07-10T14:00:00+00:00,354.1,354.89,353.39,353.81,973
2026-07-10T14:05:00+00:00,353.81,353.93,352.16,353.25,894
2026-07-10T14:10:00+00:00,353.25,354.56,352.78,352.8,951
2026-07-10T14:15:00+00:00,352.8,353.12,352.43,352.95,996
2026-07-10T14:20:00+00:00,352.95,353.28,352.64,352.99,951
2026-07-10T14:25:00+00:00,352.99,353.64,352.88,353.14,731
2026-07-10T14:30:00+00:00,353.14,353.37,351.13,352.01,1293
2026-07-10T14:35:00+00:00,352.01,352.62,351.72,352.53,763
2026-07-10T14:40:00+00:00,352.53,352.66,351.88,352.18,736
2026-07-10T14:45:00+00:00,352.18,352.19,351.14,351.8,737
2026-07-10T14:50:00+00:00,351.8,352.01,351.19,351.26,575
2026-07-10T14:55:00+00:00,351.26,351.42,-1432.9999999999998,-1432.9099999999999,759.8445522538913
2026-07-10T15:00:00+00:00,350.92,351.18,350.58,350.61,721
2026-07-10T15:05:00+00:00,350.61,351.29,350.58,351.25,608
2026-07-10T15:10:00+00:00,351.25,351.69,351.12,351.41,462
2026-07-10T15:15:00+00:00,351.41,352.04,351.34,351.96,607
2026-07-10T15:20:00+00:00,351.96,351.96,351.48,351.79,449
2026-07-10T15:25:00+00:00,351.79,352.04,351.64,351.91,491
2026-07-10T15:30:00+00:00,351.91,352.38,351.81,351.86,486
2026-07-10T15:35:00+00:00,351.86,352.14,351.63,351.76,520
2026-07-10T15:40:00+00:00,351.76,352.15,351.59,351.88,711
2026-07-10T15:45:00+00:00,351.88,352.49,351.39,352.04,897
2026-07-10T15:50:00+00:00,352.04,353.04,352.04,352.81,543
2026-07-10T15:55:00+00:00,352.81,352.92,352.33,352.45,366
2026-07-10T16:00:00+00:00,352.45,352.64,352.16,352.26,488
2026-07-10T16:05:00+00:00,352.26,352.53,352.13,352.51,374
2026-07-10T16:10:00+00:00,352.51,352.99,352.43,352.78,411
2026-07-10T16:15:00+00:00,352.78,353.04,352.73,352.81,415
2026-07-10T16:20:00+00:00,352.81,353,352.65,352.79,360
2026-07-10T16:25:00+00:00,352.79,352.89,352.65,352.85,379
2026-07-10T16:30:00+00:00,352.85,353.7,352.73,353.21,527
2026-07-10T16:35:00+00:00,353.21,353.29,352.88,353.13,478
2026-07-10T16:40:00+00:00,353.13,353.72,353.13,353.52,485
2026-07-10T16:45:00+00:00,353.52,353.68,353.01,353.25,518
2026-07-10T16:50:00+00:00,353.25,353.4,353,353.21,490
2026-07-10T16:55:00+00:00,353.21,353.31,352.83,352.99,576
2026-07-10T17:00:00+00:00,352.99,353.01,352.46,352.48,468
2026-07-10T17:05:00+00:00,352.48,352.64,352.46,352.46,354
2026-07-10T17:10:00+00:00,352.46,352.6,352.28,352.46,407
2026-07-10T17:15:00+00:00,352.46,352.67,352.35,352.41,420
2026-07-10T17:20:00+00:00,352.41,352.55,352.18,352.36,284
2026-07-10T17:25:00+00:00,352.36,352.43,351.98,352.04,245
2026-07-10T17:30:00+00:00,352.04,352.13,351.76,351.9,369
2026-07-10T17:35:00+00:00,351.9,352.15,351.78,351.86,302
2026-07-10T17:40:00+00:00,351.86,351.93,351.43,351.43,337
2026-07-10T17:45:00+00:00,351.43,351.82,351.43,351.76,403
2026-07-10T17:50:00+00:00,351.76,352.14,351.7,352.14,395
2026-07-10T17:55:00+00:00,352.14,352.66,352.04,352.5,541
2026-07-10T18:00:00+00:00,352.5,352.73,352.29,352.7,541
2026-07-10T18:05:00+00:00,352.7,353.11,352.68,352.93,571
2026-07-10T18:10:00+00:00,352.93,353.11,352.79,353.05,346
2026-07-10T18:15:00+00:00,353.05,353.15,352.89,352.97,302
2026-07-10T18:20:00+00:00,352.97,353.11,352.88,353.05,278
2026-07-10T18:25:00+00:00,353.05,353.38,353.05,353.33,336
2026-07-10T18:30:00+00:00,353.33,353.45,353.05,353.15,554
2026-07-10T18:35:00+00:00,353.15,353.33,353.06,353.22,376
2026-07-10T18:40:00+00:00,353.22,353.64,353.19,353.48,389
2026-07-10T18:45:00+00:00,353.48,353.62,353.19,353.2,330
2026-07-10T18:50:00+00:00,353.2,353.41,352.98,353.25,251
2026-07-10T18:55:00+00:00,353.25,353.37,353.05,353.22,284
2026-07-10T19:00:00+00:00,353.22,353.56,353.21,353.4,356
2026-07-10T19:05:00+00:00,353.4,353.55,353.3,353.38,275
2026-07-10T19:10:00+00:00,353.38,353.8,353.36,353.62,290
2026-07-10T19:15:00+00:00,353.62,354.24,353.58,353.99,363
2026-07-10T19:20:00+00:00,353.99,354.17,353.96,354.04,409
2026-07-10T19:25:00+00:00,354.04,354.28,353.93,354.08,474
2026-07-10T19:30:00+00:00,354.08,354.37,353.88,354.27,546
2026-07-10T19:35:00+00:00,354.27,354.28,353.98,354,473
2026-07-10T19:40:00+00:00,354,354.24,353.95,354.23,587
2026-07-10T19:45:00+00:00,354.23,354.88,354.11,354.6,583
2026-07-10T19:50:00+00:00,354.6,354.78,354.17,354.17,694
2026-07-10T19:55:00+00:00,354.17,355.32,354.17,354.88,1090
2026-07-13T13:30:00+00:00,354.88,354.88,351.88,352.29,800
2026-07-13T13:35:00+00:00,352.29,354.21,351.99,354.14,1219
2026-07-13T13:40:00+00:00,354.14,354.91,353.78,354.86,1251
2026-07-13T13:45:00+00:00,354.86,355.5,352.47,353.46,1270
2026-07-13T13:50:00+00:00,353.46,353.82,351.92,353.7,1537
2026-07-13T13:55:00+00:00,353.7,354.33,353,354.3,1145
2026-07-13T14:00:00+00:00,354.3,354.42,352.88,353.1,663
2026-07-13T14:05:00+00:00,353.1,353.48,352.39,352.92,588
2026-07-13T14:10:00+00:00,352.92,353.67,352.88,353.14,613
2026-07-13T14:15:00+00:00,353.14,353.28,351.51,352.28,880
2026-07-13T14:20:00+00:00,352.28,352.48,351.89,352.2,621
2026-07-13T14:25:00+00:00,352.2,353.01,352.2,352.93,647
2026-07-13T14:30:00+00:00,352.93,352.97,352.21,352.22,790
2026-07-13T14:35:00+00:00,352.22,352.56,352.07,352.09,572
2026-07-13T14:40:00+00:00,352.09,352.3,351.67,351.92,868
2026-07-13T14:45:00+00:00,351.92,352.52,351.79,352.46,697
2026-07-13T14:50:00+00:00,352.46,352.71,352.2,352.63,865
2026-07-13T14:55:00+00:00,352.63,353.01,352.47,352.67,683
2026-07-13T15:00:00+00:00,352.67,353.13,352.4,352.9,583
2026-07-13T15:05:00+00:00,352.9,353.6,352.88,353.18,574
2026-07-13T15:10:00+00:00,353.18,353.31,352.39,352.52,548
2026-07-13T15:15:00+00:00,352.52,352.72,352.28,352.45,477
2026-07-13T15:20:00+00:00,352.45,352.63,352.18,352.22,536
2026-07-13T15:25:00+00:00,352.22,352.57,352.03,352.44,568
2026-07-13T15:30:00+00:00,352.44,352.5,351.94,352.11,584
2026-07-13T15:35:00+00:00,352.11,352.34,351.9,352.32,526
2026-07-13T15:40:00+00:00,352.32,352.71,352.05,352.06,465
2026-07-13T15:45:00+00:00,352.06,352.27,352.05,352.18,396
2026-07-13T15:50:00+00:00,352.18,352.45,352.05,352.35,616
2026-07-13T15:55:00+00:00,352.35,352.72,352.24,352.68,577
2026-07-13T16:00:00+00:00,352.68,352.98,352.52,352.55,528
2026-07-13T16:05:00+00:00,352.55,352.95,352.48,352.92,573
2026-07-13T16:10:00+00:00,352.92,353.02,352.74,353,493
2026-07-13T16:15:00+00:00,353,353.29,352.91,353.13,666
2026-07-13T16:20:00+00:00,353.13,353.28,352.81,352.94,540
2026-07-13T16:25:00+00:00,352.94,353.33,352.83,353.31,539
2026-07-13T16:30:00+00:00,353.31,353.31,352.89,352.93,758
2026-07-13T16:35:00+00:00,352.93,353.47,352.77,353.23,972
2026-07-13T16:40:00+00:00,353.23,353.74,353.19,353.61,775
2026-07-13T16:45:00+00:00,353.61,354.04,353.11,353.14,708
2026-07-13T16:50:00+00:00,353.14,353.22,352.23,352.3,700
2026-07-13T16:55:00+00:00,352.3,352.89,352.23,352.74,690
2026-07-13T17:00:00+00:00,352.74,353.04,352.6,352.64,612
2026-07-13T17:05:00+00:00,352.64,352.92,352.62,352.89,566
2026-07-13T17:10:00+00:00,352.89,353.4,352.88,353.23,540
2026-07-13T17:15:00+00:00,353.23,353.75,352.89,353.73,531
2026-07-13T17:20:00+00:00,353.73,353.88,353.26,353.37,532
2026-07-13T17:25:00+00:00,353.37,353.72,353.19,353.19,549
2026-07-13T17:30:00+00:00,353.19,353.31,352.66,352.7,720
2026-07-13T17:35:00+00:00,352.7,352.98,352.38,352.69,570
2026-07-13T17:40:00+00:00,352.69,353.11,352.61,353.1,702
2026-07-13T17:45:00+00:00,353.1,353.21,352.75,353.03,581
2026-07-13T17:50:00+00:00,353.03,353.26,352.88,352.88,524
2026-07-13T17:55:00+00:00,352.88,353.04,352.54,352.63,489
2026-07-13T18:00:00+00:00,352.63,352.77,352.45,352.49,553
2026-07-13T18:05:00+00:00,352.49,352.87,352.38,352.74,398
2026-07-13T18:10:00+00:00,352.74,353.46,352.67,353.34,544
2026-07-13T18:15:00+00:00,353.34,353.44,352.74,352.99,503
2026-07-13T18:20:00+00:00,352.99,353.17,352.78,353.1,575
2026-07-13T18:25:00+00:00,353.1,353.3,352.88,352.98,531
2026-07-13T18:30:00+00:00,352.98,352.99,352.57,352.62,659
2026-07-13T18:35:00+00:00,352.62,352.92,352.38,352.9,684
2026-07-13T18:40:00+00:00,352.9,352.91,352.48,352.59,655
2026-07-13T18:45:00+00:00,352.59,352.71,352.16,352.38,474
2026-07-13T18:50:00+00:00,352.38,352.66,352.27,352.48,459
2026-07-13T18:55:00+00:00,352.48,352.57,352.1,352.13,426
2026-07-13T19:00:00+00:00,352.13,352.41,351.88,352.35,411
2026-07-13T19:05:00+00:00,352.35,352.71,352.18,352.59,471
2026-07-13T19:10:00+00:00,352.59,352.67,351.92,352.09,597
2026-07-13T19:15:00+00:00,352.09,352.13,351.91,351.96,495
2026-07-13T19:20:00+00:00,351.96,352.04,351.58,351.77,508
2026-07-13T19:25:00+00:00,351.77,351.8,351.21,351.46,593
2026-07-13T19:30:00+00:00,351.46,351.46,350.73,350.79,517
2026-07-13T19:35:00+00:00,350.79,350.91,350.21,350.35,653
2026-07-13T19:40:00+00:00,350.35,350.51,350.09,350.4,538
2026-07-13T19:45:00+00:00,350.4,350.69,350.34,350.34,659
2026-07-13T19:50:00+00:00,350.34,350.41,349.66,349.86,1258
2026-07-13T19:55:00+00:00,349.86,350.82,349.67,350.79,1848
2026-07-14T13:30:00+00:00,350.79,351.83,347.09,350.85,1302
2026-07-14T13:35:00+00:00,350.85,350.95,349.88,350.46,1044
2026-07-14T13:40:00+00:00,350.46,351.72,349.97,351.28,1329
2026-07-14T13:45:00+00:00,351.28,352.48,349.92,350.4,1764
2026-07-14T13:50:00+00:00,350.4,351.37,350.4,350.82,1474
2026-07-14T13:55:00+00:00,350.82,351.6,350.56,351.44,1214
2026-07-14T14:00:00+00:00,351.44,351.71,350.66,351.01,1463
2026-07-14T14:05:00+00:00,351.01,352.16,350.91,351.78,1502
2026-07-14T14:10:00+00:00,351.78,352.2,351.14,352.14,1122
2026-07-14T14:15:00+00:00,352.14,352.38,351.26,351.85,1269
2026-07-14T14:20:00+00:00,351.85,353.18,351.74,352.9,1193
2026-07-14T14:25:00+00:00,352.9,353.94,352.81,353.6,1331
2026-07-14T14:30:00+00:00,353.6,354.94,353.39,354.24,1384
2026-07-14T14:35:00+00:00,354.24,354.72,354,354.46,1019
2026-07-14T14:40:00+00:00,354.46,355.1,354.3,354.5,756
2026-07-14T14:45:00+00:00,354.5,354.85,354.18,354.37,746
2026-07-14T14:50:00+00:00,354.37,354.57,353.91,354.14,787
2026-07-14T14:55:00+00:00,354.14,354.75,353.96,354.54,678
2026-07-14T15:00:00+00:00,354.54,355.49,354.54,355.19,1017
2026-07-14T15:05:00+00:00,355.19,355.77,354.91,355.54,922
2026-07-14T15:10:00+00:00,355.54,355.81,355.33,355.62,708
2026-07-14T15:15:00+00:00,355.62,355.82,355.13,355.21,735
2026-07-14T15:20:00+00:00,355.21,355.5,354.91,355.19,847
2026-07-14T15:25:00+00:00,355.19,355.62,355.11,355.52,647
2026-07-14T15:30:00+00:00,355.52,355.95,355.07,355.33,906
2026-07-14T15:35:00+00:00,355.33,355.39,354.38,354.46,876
2026-07-14T15:40:00+00:00,354.46,354.53,353.18,353.89,915
2026-07-14T15:45:00+00:00,353.89,354.1,353.5,353.66,819
2026-07-14T15:50:00+00:00,353.66,354.09,353.51,353.72,614
2026-07-14T15:55:00+00:00,353.72,354.18,353.48,353.56,622
2026-07-14T16:00:00+00:00,353.56,353.7,352.76,352.94,672
2026-07-14T16:05:00+00:00,352.94,353.59,352.9,353.35,634
2026-07-14T16:10:00+00:00,353.35,353.66,353.21,353.51,557
2026-07-14T16:15:00+00:00,353.51,353.54,353.14,353.26,792
2026-07-14T16:20:00+00:00,353.26,353.31,352.75,352.89,673
2026-07-14T16:25:00+00:00,352.89,353.36,352.75,353.14,629
2026-07-14T16:30:00+00:00,353.14,353.23,352.14,352.46,850
2026-07-14T16:35:00+00:00,352.46,353.39,352.36,353.31,701
2026-07-14T16:40:00+00:00,353.31,353.73,353.31,353.58,463
2026-07-14T16:45:00+00:00,353.58,353.9,353.25,353.53,501
2026-07-14T16:50:00+00:00,353.53,353.77,353.36,353.53,435
2026-07-14T16:55:00+00:00,353.53,353.94,353.53,353.75,345
2026-07-14T17:00:00+00:00,353.75,354.37,353.65,354.26,603
2026-07-14T17:05:00+00:00,354.26,354.43,353.97,354.36,439
2026-07-14T17:10:00+00:00,354.36,354.7,354.13,354.55,458
2026-07-14T17:15:00+00:00,354.55,354.98,354.25,354.87,641
2026-07-14T17:20:00+00:00,354.87,355.85,354.77,355.81,526
2026-07-14T17:25:00+00:00,355.81,356,355.57,355.91,514
2026-07-14T17:30:00+00:00,355.91,356.55,355.89,356.3,755
2026-07-14T17:35:00+00:00,356.3,356.37,355.69,355.86,533
2026-07-14T17:40:00+00:00,355.86,355.95,355.49,355.74,374
2026-07-14T17:45:00+00:00,355.74,355.93,355.43,355.71,563
2026-07-14T17:50:00+00:00,355.71,355.71,355.14,355.34,495
2026-07-14T17:55:00+00:00,355.34,355.51,355.13,355.21,504
2026-07-14T18:00:00+00:00,355.21,355.31,354.55,355.08,648
2026-07-14T18:05:00+00:00,355.08,355.12,354.68,354.99,481
2026-07-14T18:10:00+00:00,354.99,355.2,354.5,354.74,419
2026-07-14T18:15:00+00:00,354.74,355.09,354.63,354.9,452
2026-07-14T18:20:00+00:00,354.9,355.24,354.77,355.15,485
2026-07-14T18:25:00+00:00,355.15,355.61,354.95,354.95,358
2026-07-14T18:30:00+00:00,354.95,355.03,354.62,354.76,582
2026-07-14T18:35:00+00:00,354.76,355.32,354.38,355.16,719
2026-07-14T18:40:00+00:00,355.16,355.28,354.39,354.95,774
2026-07-14T18:45:00+00:00,354.95,355.39,354.93,355.23,354
2026-07-14T18:50:00+00:00,355.23,355.78,355.11,355.76,366
2026-07-14T18:55:00+00:00,355.76,355.87,355.54,355.83,449
2026-07-14T19:00:00+00:00,355.83,356.81,355.81,356.6,599
2026-07-14T19:05:00+00:00,356.6,356.99,356.44,356.87,474
2026-07-14T19:10:00+00:00,356.87,356.98,356.4,356.66,475
2026-07-14T19:15:00+00:00,356.66,356.81,356.28,356.54,472
2026-07-14T19:20:00+00:00,356.54,356.96,356.46,356.91,522
2026-07-14T19:25:00+00:00,356.91,357.18,356.78,357.09,506
2026-07-14T19:30:00+00:00,357.09,357.25,356.46,357.08,1016
2026-07-14T19:35:00+00:00,357.08,357.39,356.86,357.19,648
2026-07-14T19:40:00+00:00,357.19,357.46,356.92,357.09,603
2026-07-14T19:45:00+00:00,357.09,357.45,356.95,357.3,569
2026-07-14T19:50:00+00:00,357.3,357.66,356.8,356.9,1140
2026-07-14T19:55:00+00:00,356.9,357.56,356.64,357.34,1691
2026-07-15T13:30:00+00:00,357.34,361.3,354.88,360.28,1442
2026-07-15T13:35:00+00:00,360.28,361.83,359.62,361.11,986
2026-07-15T13:40:00+00:00,361.11,362.05,360.45,361.68,1176
2026-07-15T13:45:00+00:00,361.68,362.12,360.58,360.85,1219
2026-07-15T13:50:00+00:00,360.85,361.43,360.26,361.33,1270
2026-07-15T13:55:00+00:00,361.33,362.21,361.03,361.63,1280
2026-07-15T14:00:00+00:00,361.63,363.18,361.54,363.02,1224
2026-07-15T14:05:00+00:00,363.02,363.28,362.41,362.5,1017
2026-07-15T14:10:00+00:00,362.5,364.12,362.38,363.17,1160
2026-07-15T14:15:00+00:00,363.17,364.77,363.17,364.52,1346
2026-07-15T14:20:00+00:00,364.52,364.65,362.39,362.73,1454
2026-07-15T14:25:00+00:00,362.73,364.49,362.17,364.11,1270
2026-07-15T14:30:00+00:00,364.11,365.36,363.93,365.36,1195
2026-07-15T14:35:00+00:00,365.36,366.96,365.31,366.9,1360
2026-07-15T14:40:00+00:00,366.9,367.06,365.1,365.12,1486
2026-07-15T14:45:00+00:00,365.12,366,364.77,365.57,1268
2026-07-15T14:50:00+00:00,365.57,365.71,364.92,365.17,1028
2026-07-15T14:55:00+00:00,365.17,365.49,-1418.6799999999998,-1418.6799999999998,976.1281219591308
2026-07-15T15:00:00+00:00,365.18,367.3,365.03,366.95,1169
2026-07-15T15:05:00+00:00,366.95,367.67,366.56,367.57,1136
2026-07-15T15:10:00+00:00,367.57,368.07,367.21,367.87,1009
2026-07-15T15:15:00+00:00,367.87,367.95,367.29,367.59,1012
2026-07-15T15:20:00+00:00,367.59,368.34,367.17,368.31,927
2026-07-15T15:25:00+00:00,368.31,369.42,368.21,369.19,1014
2026-07-15T15:30:00+00:00,369.19,370.35,368.98,369.99,966
2026-07-15T15:35:00+00:00,369.99,370.49,369.4,369.92,1011
2026-07-15T15:40:00+00:00,369.92,370.25,369.44,369.66,916
2026-07-15T15:45:00+00:00,369.66,370.71,369.56,369.89,937
2026-07-15T15:50:00+00:00,369.89,369.93,368.59,369.15,966
2026-07-15T15:55:00+00:00,369.15,370.38,369.11,369.9,922
2026-07-15T16:00:00+00:00,369.9,370.05,369.36,369.97,1027
2026-07-15T16:05:00+00:00,369.97,370.75,369.87,370.44,1010
2026-07-15T16:10:00+00:00,370.44,371.46,370.38,370.83,1019
2026-07-15T16:15:00+00:00,370.83,371.35,370.6,371,1037
2026-07-15T16:20:00+00:00,371,371.32,370.28,371.3,1127
2026-07-15T16:25:00+00:00,371.3,371.95,371.04,371.08,1117
2026-07-15T16:30:00+00:00,371.08,371.38,370.41,371.06,1116
2026-07-15T16:35:00+00:00,371.06,371.45,370.46,371.22,1063
2026-07-15T16:40:00+00:00,371.22,371.44,370.65,370.69,932
2026-07-15T16:45:00+00:00,370.69,370.78,369.99,370.66,1054
2026-07-15T16:50:00+00:00,370.66,370.81,369.52,370.22,802
2026-07-15T16:55:00+00:00,370.22,370.7,369.73,370.7,669
2026-07-15T17:00:00+00:00,370.7,371.1,370.08,370.31,825
2026-07-15T17:05:00+00:00,370.31,370.92,370.08,370.62,684
2026-07-15T17:10:00+00:00,370.62,370.67,369.77,369.9,652
2026-07-15T17:15:00+00:00,369.9,370,369.02,369.5,697
2026-07-15T17:20:00+00:00,369.5,369.64,368.69,369.24,659
2026-07-15T17:25:00+00:00,369.24,369.48,368.88,369.4,551
2026-07-15T17:30:00+00:00,369.4,369.43,368.48,368.64,651
2026-07-15T17:35:00+00:00,368.64,369.22,368.31,368.87,931
2026-07-15T17:40:00+00:00,368.87,369.29,368.87,369.26,730
2026-07-15T17:45:00+00:00,369.26,370.08,368.88,369.87,777
2026-07-15T17:50:00+00:00,369.87,370.79,369.73,370.59,744
2026-07-15T17:55:00+00:00,370.59,370.84,370.41,370.74,650
2026-07-15T18:00:00+00:00,370.74,370.96,370.27,370.33,527
2026-07-15T18:05:00+00:00,370.33,370.75,370.18,370.62,676
2026-07-15T18:10:00+00:00,370.62,370.96,370.21,370.95,588
2026-07-15T18:15:00+00:00,370.95,371.56,370.82,371.47,518
2026-07-15T18:20:00+00:00,371.47,371.97,371.22,371.27,499
2026-07-15T18:25:00+00:00,371.27,371.27,370.83,370.85,469
2026-07-15T18:30:00+00:00,370.85,371.12,370.74,370.96,484
2026-07-15T18:35:00+00:00,370.96,371.23,370.87,371.23,602
2026-07-15T18:40:00+00:00,371.23,371.26,370.53,370.67,624
2026-07-15T18:45:00+00:00,370.67,370.74,369.6,369.79,711
2026-07-15T18:50:00+00:00,369.79,370.19,369.04,369.15,726
2026-07-15T18:55:00+00:00,369.15,369.36,368.98,369.1,641
2026-07-15T19:00:00+00:00,369.1,369.65,368.92,369.13,749
2026-07-15T19:05:00+00:00,369.13,369.27,368.76,369.05,793
2026-07-15T19:10:00+00:00,369.05,369.36,368.79,369.06,734
2026-07-15T19:15:00+00:00,369.06,369.69,368.94,369.28,705
2026-07-15T19:20:00+00:00,369.28,369.53,369.07,369.14,718
2026-07-15T19:25:00+00:00,369.14,369.16,368.71,369.05,629
2026-07-15T19:30:00+00:00,369.05,369.12,368.31,368.89,796
2026-07-15T19:35:00+00:00,368.89,369.74,368.83,369.39,584
2026-07-15T19:40:00+00:00,369.39,369.91,369.13,369.6,712
2026-07-15T19:45:00+00:00,369.6,369.82,367.97,368.36,1005
2026-07-15T19:50:00+00:00,368.36,369.88,368.29,369.8,1153
2026-07-15T19:55:00+00:00,369.8,370.43,368.56,370.15,1847
2026-07-16T13:30:00+00:00,370.15,374.13,368.6,369.59,1534
2026-07-16T13:35:00+00:00,369.59,371.56,368.59,370.73,1465
2026-07-16T13:40:00+00:00,370.73,371.07,368.16,368.77,1418
2026-07-16T13:45:00+00:00,368.77,370.47,368.57,369.93,1429
2026-07-16T13:50:00+00:00,369.93,370.4,369.13,369.9,1186
2026-07-16T13:55:00+00:00,369.9,370.64,369.37,369.71,1158
2026-07-16T14:00:00+00:00,369.71,370.25,368.89,370.02,1300
2026-07-16T14:05:00+00:00,370.02,370.1,368.57,369.65,1199
2026-07-16T14:10:00+00:00,369.65,370.12,369.36,369.66,936
2026-07-16T14:15:00+00:00,369.66,371.17,369.64,370.85,986
2026-07-16T14:20:00+00:00,370.85,371.48,370.81,371.01,997
2026-07-16T14:25:00+00:00,371.01,372.22,370.88,372.08,1123
2026-07-16T14:30:00+00:00,372.08,373.94,372.08,373.55,1476
2026-07-16T14:35:00+00:00,373.55,373.75,372.89,373.02,1330
2026-07-16T14:40:00+00:00,373.02,373.38,372.2,372.69,926
2026-07-16T14:45:00+00:00,372.69,372.72,371.64,372.35,1068
2026-07-16T14:50:00+00:00,372.35,372.83,371.41,371.56,1115
2026-07-16T14:55:00+00:00,371.56,372.15,370.59,372.07,1336
2026-07-16T15:00:00+00:00,372.07,372.44,371.56,371.78,934
2026-07-16T15:05:00+00:00,371.78,371.91,370.69,371.16,933
2026-07-16T15:10:00+00:00,371.16,371.52,370.89,371.06,906
2026-07-16T15:15:00+00:00,371.06,371.72,371.04,371.63,851
2026-07-16T15:20:00+00:00,371.63,371.78,370.92,371.1,784
2026-07-16T15:25:00+00:00,371.1,371.75,370.77,370.85,933
2026-07-16T15:30:00+00:00,370.85,371.52,370.38,371.04,839
2026-07-16T15:35:00+00:00,371.04,371.16,370.55,370.68,601
2026-07-16T15:40:00+00:00,370.68,371.27,370.63,371.1,727
2026-07-16T15:45:00+00:00,371.1,371.58,370.67,371.13,1009
2026-07-16T15:50:00+00:00,371.13,372.25,371.04,371.58,1088
2026-07-16T15:55:00+00:00,371.58,371.97,370.44,370.6,1046
2026-07-16T16:00:00+00:00,370.6,370.72,369.7,369.95,984
2026-07-16T16:05:00+00:00,369.95,370.19,369.5,369.55,1206
2026-07-16T16:10:00+00:00,369.55,370.53,369.17,370.34,1160
2026-07-16T16:15:00+00:00,370.34,370.93,370.14,370.58,1076
2026-07-16T16:20:00+00:00,370.58,370.69,369.65,369.65,1120
2026-07-16T16:25:00+00:00,369.65,370.74,369.52,370.64,1164
2026-07-16T16:30:00+00:00,370.64,371.02,370.26,370.54,870
2026-07-16T16:35:00+00:00,370.54,370.91,370.38,370.57,793
2026-07-16T16:40:00+00:00,370.57,370.68,370.29,370.44,848
2026-07-16T16:45:00+00:00,370.44,371,370.44,370.72,929
2026-07-16T16:50:00+00:00,370.72,371.53,370.63,371.2,832
2026-07-16T16:55:00+00:00,371.2,371.48,370.77,371.01,838
2026-07-16T17:00:00+00:00,371.01,371.08,370.68,371.01,723
2026-07-16T17:05:00+00:00,371.01,371.01,370.35,370.36,688
2026-07-16T17:10:00+00:00,370.36,370.51,370.07,370.22,670
2026-07-16T17:15:00+00:00,370.22,370.79,370.15,370.6,677
2026-07-16T17:20:00+00:00,370.6,370.92,370.52,370.61,628
2026-07-16T17:25:00+00:00,370.61,371.05,370.58,370.99,654
2026-07-16T17:30:00+00:00,370.99,371.33,370.77,370.84,513
2026-07-16T17:35:00+00:00,370.84,371.03,370.39,370.46,570
2026-07-16T17:40:00+00:00,370.46,370.88,370.3,370.83,813
2026-07-16T17:45:00+00:00,370.83,371.4,370.76,370.92,848
2026-07-16T17:50:00+00:00,370.92,371.16,370.79,371.02,840
2026-07-16T17:55:00+00:00,371.02,371.12,370.73,370.73,578
2026-07-16T18:00:00+00:00,370.73,370.81,369.88,369.91,885
2026-07-16T18:05:00+00:00,369.91,370.08,361.11,361.15,2588
2026-07-16T18:10:00+00:00,361.15,364.11,360.54,363.4,2544
2026-07-16T18:15:00+00:00,363.4,365.11,362.08,362.55,2049
2026-07-16T18:20:00+00:00,362.55,363.33,360.02,360.08,2149
2026-07-16T18:25:00+00:00,360.08,361.03,358.54,360.6,1973
2026-07-16T18:30:00+00:00,360.6,361.28,359.69,360.39,1753
2026-07-16T18:35:00+00:00,360.39,360.52,358.26,358.35,1779
2026-07-16T18:40:00+00:00,358.35,359.94,357.68,358.66,1607
2026-07-16T18:45:00+00:00,358.66,359.81,358.18,358.28,1185
2026-07-16T18:50:00+00:00,358.28,358.48,356.9,357.38,942
2026-07-16T18:55:00+00:00,357.38,357.44,355.78,355.81,1194
2026-07-16T19:00:00+00:00,355.81,356.36,354.68,355.87,1425
2026-07-16T19:05:00+00:00,355.87,356.24,353.97,354,1460
2026-07-16T19:10:00+00:00,354,354.36,352.94,353.28,1612
2026-07-16T19:15:00+00:00,353.28,353.33,351.49,352.89,1836
2026-07-16T19:20:00+00:00,352.89,353.15,351.68,352.2,1752
2026-07-16T19:25:00+00:00,352.2,354.08,351.9,353.43,1843
2026-07-16T19:30:00+00:00,353.43,354.23,353,353.55,1945
2026-07-16T19:35:00+00:00,353.55,354.46,352.95,354.02,1324
2026-07-16T19:40:00+00:00,354.02,354.15,352.62,352.64,1351
2026-07-16T19:45:00+00:00,352.64,353.16,352.48,352.91,1600
2026-07-16T19:50:00+00:00,352.91,354.29,352.48,352.8,1999
2026-07-16T19:55:00+00:00,352.8,353.94,352.49,353.76,2217
2026-07-17T13:30:00+00:00,353.76,353.76,343.41,344.88,2146
2026-07-17T13:35:00+00:00,344.88,345.47,342.54,343.16,2603
2026-07-17T13:40:00+00:00,343.16,343.41,341.01,341.39,2588
2026-07-17T13:45:00+00:00,341.39,343.18,341.01,343.08,2398
2026-07-17T13:50:00+00:00,343.08,344.7,342.82,344.53,2026
2026-07-17T13:55:00+00:00,344.53,345.96,344.24,345.91,1937
2026-07-17T14:00:00+00:00,345.91,346.81,345.73,346.45,1949
2026-07-17T14:05:00+00:00,346.45,346.89,345.67,346,1744
2026-07-17T14:10:00+00:00,346,346.56,345.46,346.23,1845
2026-07-17T14:15:00+00:00,346.23,346.53,343.91,344.14,1483
2026-07-17T14:20:00+00:00,344.14,345.77,343.91,345.74,1331
2026-07-17T14:25:00+00:00,345.74,345.99,344.54,344.65,1111
2026-07-17T14:30:00+00:00,344.65,344.97,344.21,344.71,920
2026-07-17T14:35:00+00:00,344.71,345.65,344.53,345.62,1241
2026-07-17T14:40:00+00:00,345.62,346.19,345.26,346.17,1188
2026-07-17T14:45:00+00:00,346.17,347.48,345.92,346.61,1666
2026-07-17T14:50:00+00:00,346.61,346.78,345.48,345.63,899
2026-07-17T14:55:00+00:00,345.63,345.82,-1438.8899999999999,-1438.6899999999998,840.7839643652561
2026-07-17T15:00:00+00:00,345.13,345.16,344.38,344.56,932
2026-07-17T15:05:00+00:00,344.56,345.74,344.45,345.64,998
2026-07-17T15:10:00+00:00,345.64,346.21,345.15,345.43,852
2026-07-17T15:15:00+00:00,345.43,345.9,345.19,345.72,837
2026-07-17T15:20:00+00:00,345.72,345.82,345.4,345.82,675
2026-07-17T15:25:00+00:00,345.82,346.65,345.82,346.41,914
2026-07-17T15:30:00+00:00,346.41,347.29,346.36,346.61,969
2026-07-17T15:35:00+00:00,346.61,346.87,346.05,346.77,1024
2026-07-17T15:40:00+00:00,346.77,347.35,346.7,347.33,1315
2026-07-17T15:45:00+00:00,347.33,347.63,346.77,346.92,1106
2026-07-17T15:50:00+00:00,346.92,347.28,346.38,346.73,849
2026-07-17T15:55:00+00:00,346.73,347.13,346.53,346.74,924
2026-07-17T16:00:00+00:00,346.74,346.88,345.39,345.49,1457
2026-07-17T16:05:00+00:00,345.49,346.14,345.38,345.93,901
2026-07-17T16:10:00+00:00,345.93,346.07,345.38,345.54,838
2026-07-17T16:15:00+00:00,345.54,346.11,345.22,346.09,1288
2026-07-17T16:20:00+00:00,346.09,346.31,345.28,345.3,1222
2026-07-17T16:25:00+00:00,345.3,346.58,345.13,346,1231
2026-07-17T16:30:00+00:00,346,346.14,345.27,345.3,1221
2026-07-17T16:35:00+00:00,345.3,346.08,345.13,346.08,894
2026-07-17T16:40:00+00:00,346.08,346.33,345.63,345.87,692
2026-07-17T16:45:00+00:00,345.87,345.94,345.48,345.88,686
2026-07-17T16:50:00+00:00,345.88,346.56,345.68,346.41,871
2026-07-17T16:55:00+00:00,346.41,346.8,345.97,346.54,805
2026-07-17T17:00:00+00:00,346.54,347.07,346.06,346.08,948
2026-07-17T17:05:00+00:00,346.08,346.08,345.38,345.47,790
2026-07-17T17:10:00+00:00,345.47,345.73,345.19,345.34,814
2026-07-17T17:15:00+00:00,345.34,345.6,345.19,345.28,909
2026-07-17T17:20:00+00:00,345.28,345.4,344.93,344.98,710
2026-07-17T17:25:00+00:00,344.98,345.06,344.68,344.74,869
2026-07-17T17:30:00+00:00,344.74,344.91,344.33,344.65,848
2026-07-17T17:35:00+00:00,344.65,344.65,344,344.13,918
2026-07-17T17:40:00+00:00,344.13,344.19,343.31,343.4,964
2026-07-17T17:45:00+00:00,343.4,343.8,343.22,343.53,1021
2026-07-17T17:50:00+00:00,343.53,343.61,342.69,342.74,826
2026-07-17T17:55:00+00:00,342.74,343.65,342.64,343.2,946
2026-07-17T18:00:00+00:00,343.2,344.03,342.88,343.66,881
2026-07-17T18:05:00+00:00,343.66,343.79,342.88,343.02,849
2026-07-17T18:10:00+00:00,343.02,343.13,342.3,342.32,896
2026-07-17T18:15:00+00:00,342.32,343.07,342.2,342.89,870
2026-07-17T18:20:00+00:00,342.89,343.31,342.81,343.22,797
2026-07-17T18:25:00+00:00,343.22,343.66,343.08,343.55,684
2026-07-17T18:30:00+00:00,343.55,344.19,343.52,344.09,798
2026-07-17T18:35:00+00:00,344.09,344.81,344.03,344.32,707
2026-07-17T18:40:00+00:00,344.32,344.38,343.88,344.08,730
2026-07-17T18:45:00+00:00,344.08,344.29,343.52,344.28,726
2026-07-17T18:50:00+00:00,344.28,344.6,344.16,344.23,660
2026-07-17T18:55:00+00:00,344.23,344.6,344,344.56,606
2026-07-17T19:00:00+00:00,344.56,344.77,343.98,344.38,643
2026-07-17T19:05:00+00:00,344.38,344.64,344,344.41,749
2026-07-17T19:10:00+00:00,344.41,344.67,344.23,344.5,713
2026-07-17T19:15:00+00:00,344.5,344.7,344.3,344.62,1091
2026-07-17T19:20:00+00:00,344.62,344.63,344.22,344.26,799
2026-07-17T19:25:00+00:00,344.26,344.97,344.18,344.83,807
2026-07-17T19:30:00+00:00,344.83,345,344.18,344.2,1203
2026-07-17T19:35:00+00:00,344.2,344.36,343.51,343.7,1067
2026-07-17T19:40:00+00:00,343.7,344.6,343.54,344.48,995
2026-07-17T19:45:00+00:00,344.48,345.11,344.35,345.03,1099
2026-07-17T19:50:00+00:00,345.03,345.55,344.83,345.41,1160
2026-07-17T19:55:00+00:00,345.41,346.77,344.99,345.9,1542
2026-07-20T13:30:00+00:00,345.9,350.82,344.19,350.82,1154
2026-07-20T13:35:00+00:00,350.82,352.5,350.49,352.31,1341
2026-07-20T13:40:00+00:00,352.31,353.87,351.76,353.52,1453
2026-07-20T13:45:00+00:00,353.52,354.57,353.28999999999996,353.4,1464
2026-07-20T13:50:00+00:00,353.4,353.47999999999996,351.93,352.90999999999997,1517
2026-07-20T13:55:00+00:00,352.90999999999997,354.06,352.9,353.72999999999996,1352
2026-07-20T14:00:00+00:00,353.72999999999996,355.03999999999996,353.52,354.34999999999997,1068
2026-07-20T14:05:00+00:00,354.34999999999997,355.07,353.99,354.21,1120
2026-07-20T14:10:00+00:00,354.21,354.46,353.46,354.13,1174
2026-07-20T14:15:00+00:00,354.13,355.08,353.71999999999997,353.76,1087
2026-07-20T14:20:00+00:00,353.76,354.64,353.60999999999996,354.15999999999997,815
2026-07-20T14:25:00+00:00,354.15999999999997,354.46,353.81,353.96999999999997,764
2026-07-20T14:30:00+00:00,353.96999999999997,354.58,353.24,353.35999999999996,834
2026-07-20T14:35:00+00:00,353.35999999999996,353.46,352.87,353.14,695
2026-07-20T14:40:00+00:00,353.14,353.75,352.13,352.26,516
2026-07-20T14:45:00+00:00,352.26,352.91999999999996,351.95,352.02,603
2026-07-20T14:50:00+00:00,352.02,352.24,351.9,352.08,410
2026-07-20T14:55:00+00:00,352.08,352.15999999999997,351.4,351.71999999999997,588
2026-07-20T15:00:00+00:00,351.71999999999997,352.14,351.40999999999997,351.81,856
2026-07-20T15:05:00+00:00,351.81,352.52,351.49,352.49,811
2026-07-20T15:10:00+00:00,352.49,352.59999999999997,351.91999999999996,351.91999999999996,801
2026-07-20T15:15:00+00:00,351.91999999999996,352.10999999999996,351.49,351.90999999999997,642
2026-07-20T15:20:00+00:00,351.90999999999997,352.27,351.71,352.16999999999996,601
2026-07-20T15:25:00+00:00,352.16999999999996,352.35999999999996,351.34,352.34,854
2026-07-20T15:30:00+00:00,352.34,352.90999999999997,352.03,352.87,590
2026-07-20T15:35:00+00:00,352.87,353.16999999999996,352.60999999999996,352.78999999999996,642
2026-07-20T15:40:00+00:00,352.78999999999996,352.85999999999996,352.40999999999997,352.71999999999997,535
2026-07-20T15:45:00+00:00,352.71999999999997,352.83,351.93,351.99,543
2026-07-20T15:50:00+00:00,351.99,352.76,351.91999999999996,352.60999999999996,494
2026-07-20T15:55:00+00:00,352.60999999999996,352.65,351.90999999999997,351.91999999999996,543
2026-07-20T16:00:00+00:00,351.91999999999996,352.06,350.96999999999997,351.59999999999997,610
2026-07-20T16:05:00+00:00,351.59999999999997,351.62,351.14,351.25,431
2026-07-20T16:10:00+00:00,351.25,351.27,350.78999999999996,350.97999999999996,547
2026-07-20T16:15:00+00:00,350.97999999999996,351.24,350.41999999999996,351.03,565
2026-07-20T16:20:00+00:00,351.03,351.12,350.71,350.71,421
2026-07-20T16:25:00+00:00,350.71,350.72999999999996,350.4,350.59,310
2026-07-20T16:30:00+00:00,350.59,350.99,350.27,350.31,434
2026-07-20T16:35:00+00:00,350.31,351.15,350.31,351,406
2026-07-20T16:40:00+00:00,351,351.28,349.78999999999996,350.38,821
2026-07-20T16:45:00+00:00,350.38,351.08,350.15,351,541
2026-07-20T16:50:00+00:00,351,351,349.91999999999996,349.96999999999997,487
2026-07-20T16:55:00+00:00,349.96999999999997,350.39,349.85999999999996,349.96,606
2026-07-20T17:00:00+00:00,349.96,350.01,348.71999999999997,348.76,687
2026-07-20T17:05:00+00:00,348.76,348.95,348.59999999999997,348.81,509
2026-07-20T17:10:00+00:00,348.81,348.91999999999996,347.82,347.94,1060
2026-07-20T17:15:00+00:00,347.94,348.28,347.46999999999997,348.09999999999997,1207
2026-07-20T17:20:00+00:00,348.09999999999997,348.78999999999996,347.72999999999996,348.15,756
2026-07-20T17:25:00+00:00,348.15,348.34,347.99,348.18,619
2026-07-20T17:30:00+00:00,348.18,348.32,347.96999999999997,348.09,671
2026-07-20T17:35:00+00:00,348.09,348.31,347.78,348.18,662
2026-07-20T17:40:00+00:00,348.18,348.65999999999997,348.09999999999997,348.59,559
2026-07-20T17:45:00+00:00,348.59,348.91999999999996,348.33,348.71999999999997,480
2026-07-20T17:50:00+00:00,348.71999999999997,349.15,348.62,348.81,418
2026-07-20T17:55:00+00:00,348.81,348.91999999999996,348.43,348.52,564
2026-07-20T18:00:00+00:00,348.52,348.94,348.37,348.39,729
2026-07-20T18:05:00+00:00,348.39,348.62,348.14,348.43,719
2026-07-20T18:10:00+00:00,348.43,348.43,347.9,348.34999999999997,691
2026-07-20T18:15:00+00:00,348.34999999999997,348.65,348.05,348.15,615
2026-07-20T18:20:00+00:00,348.15,348.28999999999996,347.45,347.49,548
2026-07-20T18:25:00+00:00,347.49,347.65999999999997,347.26,347.4,509
2026-07-20T18:30:00+00:00,347.4,347.41999999999996,346.71999999999997,346.8,622
2026-07-20T18:35:00+00:00,346.8,347.09,346.75,346.84999999999997,614
2026-07-20T18:40:00+00:00,346.84999999999997,346.93,346.21,346.37,776
2026-07-20T18:45:00+00:00,346.37,346.77,346.19,346.68,690
2026-07-20T18:50:00+00:00,346.68,346.91999999999996,346.53999999999996,346.65999999999997,535
2026-07-20T18:55:00+00:00,346.65999999999997,347.06,346.60999999999996,346.96999999999997,447
2026-07-20T19:00:00+00:00,346.96999999999997,347.47999999999996,346.91999999999996,347.39,515
2026-07-20T19:05:00+00:00,347.39,347.77,347.28999999999996,347.72999999999996,431
2026-07-20T19:10:00+00:00,347.72999999999996,347.95,347.33,347.34,453
2026-07-20T19:15:00+00:00,347.34,347.66999999999996,347.21999999999997,347.33,457
2026-07-20T19:20:00+00:00,347.33,347.57,347.21,347.52,524
2026-07-20T19:25:00+00:00,347.52,347.64,347.2,347.53,552
2026-07-20T19:30:00+00:00,347.53,348.34,347.53,348.13,619
2026-07-20T19:35:00+00:00,348.13,348.49,348,348.22999999999996,523
2026-07-20T19:40:00+00:00,348.22999999999996,348.39,348.10999999999996,348.21,456
2026-07-20T19:45:00+00:00,348.21,348.53999999999996,347.74,348.01,706
2026-07-20T19:50:00+00:00,348.01,348.01,347.06,347.32,1225
2026-07-20T19:55:00+00:00,347.32,347.78,346.60999999999996,347.21999999999997,1562
2026-07-21T13:30:00+00:00,347.21999999999997,347.21999999999997,342.62,344.68,1472
2026-07-21T13:35:00+00:00,344.68,345.15999999999997,343.39,344.82,1554
2026-07-21T13:40:00+00:00,344.82,345.43,344.47999999999996,344.96,1620
2026-07-21T13:45:00+00:00,344.96,345.35999999999996,343.21,343.52,1655
2026-07-21T13:50:00+00:00,343.52,344.51,343.40999999999997,344.3,1759
2026-07-21T13:55:00+00:00,344.3,345.05,344.05,344.89,1510
2026-07-21T14:00:00+00:00,344.89,345.06,344.27,344.77,1280
2026-07-21T14:05:00+00:00,344.77,345.10999999999996,344.21,344.7,1552
2026-07-21T14:10:00+00:00,344.7,344.72999999999996,344.06,344.62,940
2026-07-21T14:15:00+00:00,344.62,344.63,343.76,344.35999999999996,1220
2026-07-21T14:20:00+00:00,344.35999999999996,345.10999999999996,344.21,344.35999999999996,1077
2026-07-21T14:25:00+00:00,344.35999999999996,344.75,344.21999999999997,344.46,906
2026-07-21T14:30:00+00:00,344.46,344.46999999999997,343.93,344.12,827
2026-07-21T14:35:00+00:00,344.12,344.19,343.63,343.81,763
2026-07-21T14:40:00+00:00,343.81,343.97999999999996,343,343.28999999999996,1019
2026-07-21T14:45:00+00:00,343.28999999999996,344.09,343.27,344.03,1101
2026-07-21T14:50:00+00:00,344.03,344.81,343.96,344.5,862
2026-07-21T14:55:00+00:00,344.5,344.62,343.71,343.90999999999997,723
2026-07-21T15:00:00+00:00,343.90999999999997,345.13,343.01,343.46,2568
2026-07-21T15:05:00+00:00,343.46,343.97999999999996,343.09,343.84,860
2026-07-21T15:10:00+00:00,343.84,344.03,343.65,343.7,636
2026-07-21T15:15:00+00:00,343.7,344.08,343.57,343.58,654
2026-07-21T15:20:00+00:00,343.58,343.84999999999997,343.21999999999997,343.28,1017
2026-07-21T15:25:00+00:00,343.28,343.46,342.89,343.08,1021
2026-07-21T15:30:00+00:00,343.08,343.9,343.01,343.76,830
2026-07-21T15:35:00+00:00,343.76,344.53,343.74,344.13,867
2026-07-21T15:40:00+00:00,344.13,344.62,344.01,344.45,722
2026-07-21T15:45:00+00:00,344.45,344.60999999999996,344.09,344.28,639
2026-07-21T15:50:00+00:00,344.28,344.75,344.15999999999997,344.66999999999996,423
2026-07-21T15:55:00+00:00,344.66999999999996,345,344.24,344.24,637
2026-07-21T16:00:00+00:00,344.24,344.58,343.96,344,470
2026-07-21T16:05:00+00:00,344,344.22999999999996,343.88,344.19,652
2026-07-21T16:10:00+00:00,344.19,344.49,344.02,344.47999999999996,627
2026-07-21T16:15:00+00:00,344.47999999999996,344.56,343.96999999999997,344.34999999999997,609
2026-07-21T16:20:00+00:00,344.34999999999997,344.46999999999997,344.10999999999996,344.15999999999997,639
2026-07-21T16:25:00+00:00,344.15999999999997,344.68,344.10999999999996,344.59,604
2026-07-21T16:30:00+00:00,344.59,344.81,344.33,344.76,771
2026-07-21T16:35:00+00:00,344.76,344.99,344.60999999999996,344.72999999999996,761
2026-07-21T16:40:00+00:00,344.72999999999996,344.77,344.53999999999996,344.64,625
2026-07-21T16:45:00+00:00,344.64,344.72999999999996,344.21,344.34,632
2026-07-21T16:50:00+00:00,344.34,344.46,343.82,344.32,645
2026-07-21T16:55:00+00:00,344.32,344.65,344.21999999999997,344.3,686
2026-07-21T17:00:00+00:00,344.3,344.59,344.21,344.27,563
2026-07-21T17:05:00+00:00,344.27,344.27,343.72999999999996,343.85999999999996,604
2026-07-21T17:10:00+00:00,343.85999999999996,344.10999999999996,343.78999999999996,344.06,400
2026-07-21T17:15:00+00:00,344.06,344.14,343.85999999999996,344.02,568
2026-07-21T17:20:00+00:00,344.02,344.13,344.01,344.03999999999996,429
2026-07-21T17:25:00+00:00,344.03999999999996,344.13,344.01,344.02,341
2026-07-21T17:30:00+00:00,344.02,344.26,343.88,344.21,485
2026-07-21T17:35:00+00:00,344.21,344.21999999999997,344.01,344.21999999999997,450
2026-07-21T17:40:00+00:00,344.21999999999997,344.34,344.02,344.18,398
2026-07-21T17:45:00+00:00,344.18,344.18,343.91999999999996,344.14,335
2026-07-21T17:50:00+00:00,344.14,344.28,344.08,344.13,284
2026-07-21T17:55:00+00:00,344.13,344.2,344.03999999999996,344.15999999999997,284
2026-07-21T18:00:00+00:00,344.15999999999997,344.15999999999997,343.93,344.01,317
2026-07-21T18:05:00+00:00,344.01,344.19,343.94,344.03,404
2026-07-21T18:10:00+00:00,344.03,344.16999999999996,343.87,343.9,392
2026-07-21T18:15:00+00:00,343.9,344.02,343.72999999999996,343.89,379
2026-07-21T18:20:00+00:00,343.89,344.13,343.77,343.99,398
2026-07-21T18:25:00+00:00,343.99,343.99,343.72999999999996,343.84,206
2026-07-21T18:30:00+00:00,343.84,343.90999999999997,343.51,343.55,373
2026-07-21T18:35:00+00:00,343.55,343.82,343.53,343.68,350
2026-07-21T18:40:00+00:00,343.68,343.72999999999996,343.40999999999997,343.55,436
2026-07-21T18:45:00+00:00,343.55,343.76,343.53999999999996,343.66999999999996,313
2026-07-21T18:50:00+00:00,343.66999999999996,343.72999999999996,343.41999999999996,343.65999999999997,391
2026-07-21T18:55:00+00:00,343.65999999999997,343.96999999999997,343.46999999999997,343.60999999999996,527
2026-07-21T19:00:00+00:00,343.60999999999996,343.81,343.46999999999997,343.72999999999996,516
2026-07-21T19:05:00+00:00,343.72999999999996,344.4,343.7,344.21,724
2026-07-21T19:10:00+00:00,344.21,344.59999999999997,343.82,344.58,748
2026-07-21T19:15:00+00:00,344.58,344.64,344.21999999999997,344.5,619
2026-07-21T19:20:00+00:00,344.5,344.51,344.03,344.18,369
2026-07-21T19:25:00+00:00,344.18,344.52,344.07,344.43,421
2026-07-21T19:30:00+00:00,344.43,344.65999999999997,343.96999999999997,344.03,818
2026-07-21T19:35:00+00:00,344.03,344.21,344.01,344.09,525
2026-07-21T19:40:00+00:00,344.09,344.09,343.60999999999996,344.01,536
2026-07-21T19:45:00+00:00,344.01,344.08,343.52,343.84999999999997,511
2026-07-21T19:50:00+00:00,343.84999999999997,343.89,342.51,342.56,1212
2026-07-21T19:55:00+00:00,342.56,342.56,341.71,342.02,1753
2026-07-22T13:30:00+00:00,342.02,343.46999999999997,341.21999999999997,342.40999999999997,1183
2026-07-22T13:35:00+00:00,342.40999999999997,343.15999999999997,341.47999999999996,341.77,1566
2026-07-22T13:40:00+00:00,341.77,342.19,341.37,341.85999999999996,1550
2026-07-22T13:45:00+00:00,341.85999999999996,343.71,341.81,343.53999999999996,1728
2026-07-22T13:50:00+00:00,343.53999999999996,343.76,342.4,342.68,1710
2026-07-22T13:55:00+00:00,342.68,343.46,342.34999999999997,343.44,1763
2026-07-22T14:00:00+00:00,343.44,344.44,343.22999999999996,344.14,1886
2026-07-22T14:05:00+00:00,344.14,345.06,343.84999999999997,343.84999999999997,1632
2026-07-22T14:10:00+00:00,343.84999999999997,344.09999999999997,342.8,343.21999999999997,1676
2026-07-22T14:15:00+00:00,343.21999999999997,343.76,343,343.21999999999997,1336
2026-07-22T14:20:00+00:00,343.21999999999997,343.45,342.59,342.78999999999996,1671
2026-07-22T14:25:00+00:00,342.78999999999996,343.14,342.38,343.01,1797
2026-07-22T14:30:00+00:00,343.01,343.88,342.59,343.55,1258
2026-07-22T14:35:00+00:00,343.55,343.72999999999996,343.15999999999997,343.39,1013
2026-07-22T14:40:00+00:00,343.39,343.5,342.99,343.06,943
2026-07-22T14:45:00+00:00,343.06,343.47999999999996,342.99,343.12,961
2026-07-22T14:50:00+00:00,343.12,343.5,342.71,342.71,935
2026-07-22T14:55:00+00:00,342.71,343.19,342.35999999999996,343.13,1037
2026-07-22T15:00:00+00:00,343.13,343.66999999999996,343.02,343.44,1260
2026-07-22T15:05:00+00:00,343.44,343.56,343.08,343.08,866
2026-07-22T15:10:00+00:00,343.08,343.41999999999996,342.28999999999996,342.63,1336
2026-07-22T15:15:00+00:00,342.63,342.8,341.97999999999996,342.45,999
2026-07-22T15:20:00+00:00,342.45,342.90999999999997,342.27,342.81,1255
2026-07-22T15:25:00+00:00,342.81,342.90999999999997,342.21,342.34,996
2026-07-22T15:30:00+00:00,342.34,342.47999999999996,341.90999999999997,342.03999999999996,863
2026-07-22T15:35:00+00:00,342.03999999999996,342.22999999999996,341.90999999999997,342.19,828
2026-07-22T15:40:00+00:00,342.19,342.71999999999997,342,342.21,922
2026-07-22T15:45:00+00:00,342.21,342.57,342.21,342.52,714
2026-07-22T15:50:00+00:00,342.52,342.81,342.4,342.45,567
2026-07-22T15:55:00+00:00,342.45,342.77,342.40999999999997,342.77,547
2026-07-22T16:00:00+00:00,342.77,342.78999999999996,342.31,342.41999999999996,574
2026-07-22T16:05:00+00:00,342.41999999999996,342.62,342.26,342.41999999999996,498
2026-07-22T16:10:00+00:00,342.41999999999996,342.68,342.33,342.65,420
2026-07-22T16:15:00+00:00,342.65,343.19,342.63,343.13,757
2026-07-22T16:20:00+00:00,343.13,343.33,342.90999999999997,342.97999999999996,776
2026-07-22T16:25:00+00:00,342.97999999999996,343.18,342.9,342.99,497
2026-07-22T16:30:00+00:00,342.99,343.02,342.52,342.72999999999996,527
2026-07-22T16:35:00+00:00,342.72999999999996,343.15,342.69,342.71999999999997,495
2026-07-22T16:40:00+00:00,342.71999999999997,342.81,342.45,342.65,510
2026-07-22T16:45:00+00:00,342.65,343.15,342.57,342.96999999999997,497
2026-07-22T16:50:00+00:00,342.96999999999997,343.02,342.58,342.60999999999996,385
2026-07-22T16:55:00+00:00,342.60999999999996,342.95,342.56,342.74,457
2026-07-22T17:00:00+00:00,342.74,342.82,342.32,342.44,561
2026-07-22T17:05:00+00:00,342.44,342.53,342.31,342.46999999999997,405
2026-07-22T17:10:00+00:00,342.46999999999997,342.78999999999996,342.4,342.74,494
2026-07-22T17:15:00+00:00,342.74,343.25,342.72999999999996,343.09999999999997,492
2026-07-22T17:20:00+00:00,343.09999999999997,343.25,342.95,343.21,514
2026-07-22T17:25:00+00:00,343.21,343.25,342.71999999999997,342.76,482
2026-07-22T17:30:00+00:00,342.76,343.09,342.55,342.9,580
2026-07-22T17:35:00+00:00,342.9,343.21999999999997,342.8,343.2,499
2026-07-22T17:40:00+00:00,343.2,343.21999999999997,342.76,342.8,449
2026-07-22T17:45:00+00:00,342.8,342.93,342.41999999999996,342.43,496
2026-07-22T17:50:00+00:00,342.43,342.65999999999997,342.40999999999997,342.59,560
2026-07-22T17:55:00+00:00,342.59,342.63,341.90999999999997,341.91999999999996,583
2026-07-22T18:00:00+00:00,341.91999999999996,342.10999999999996,341.72999999999996,342.03,546
2026-07-22T18:05:00+00:00,342.03,342.26,341.83,341.95,545
2026-07-22T18:10:00+00:00,341.95,342.01,341.56,341.57,478
2026-07-22T18:15:00+00:00,341.57,341.64,341.38,341.44,510
2026-07-22T18:20:00+00:00,341.44,341.59999999999997,341.31,341.39,409
2026-07-22T18:25:00+00:00,341.39,341.7,341.33,341.59999999999997,452
2026-07-22T18:30:00+00:00,341.59999999999997,341.83,341.22999999999996,341.59,581
2026-07-22T18:35:00+00:00,341.59,341.84999999999997,341.57,341.82,465
2026-07-22T18:40:00+00:00,341.82,341.91999999999996,341.65,341.7,443
2026-07-22T18:45:00+00:00,341.7,342.26,341.65999999999997,342.01,374
2026-07-22T18:50:00+00:00,342.01,342.14,341.71999999999997,341.9,420
2026-07-22T18:55:00+00:00,341.9,341.95,341.32,341.33,584
2026-07-22T19:00:00+00:00,341.33,341.38,340.76,340.99,737
2026-07-22T19:05:00+00:00,340.99,341.34999999999997,340.96999999999997,341.12,724
2026-07-22T19:10:00+00:00,341.12,341.39,340.96,341.13,691
2026-07-22T19:15:00+00:00,341.13,341.19,340.62,340.72999999999996,766
2026-07-22T19:20:00+00:00,340.72999999999996,340.78999999999996,340.46999999999997,340.7,661
2026-07-22T19:25:00+00:00,340.7,340.77,340.40999999999997,340.53999999999996,646
2026-07-22T19:30:00+00:00,340.53999999999996,340.7,340.05,340.32,804
2026-07-22T19:35:00+00:00,340.32,340.4,339.72999999999996,340.27,1095
2026-07-22T19:40:00+00:00,340.27,340.87,340.25,340.62,1216
2026-07-22T19:45:00+00:00,340.62,340.83,339.76,339.78,1214
2026-07-22T19:50:00+00:00,339.78,339.84,338.96999999999997,339.03,1542
2026-07-22T19:55:00+00:00,339.03,339.05,337.28,337.97999999999996,3644
2026-07-23T13:30:00+00:00,337.97999999999996,337.97999999999996,316.13,316.35999999999996,3122
2026-07-23T13:35:00+00:00,316.35999999999996,317.96,315.86999999999995,317.52,2332
2026-07-23T13:40:00+00:00,317.52,318.08,315.82,315.82,1691
2026-07-23T13:45:00+00:00,315.82,316.09999999999997,313.59999999999997,314.44,1890
2026-07-23T13:50:00+00:00,314.44,316.46,314.31,316.27,2255
2026-07-23T13:55:00+00:00,316.27,316.72999999999996,315.28,315.84,2174
2026-07-23T14:00:00+00:00,315.84,316.65999999999997,315.28,315.38,1764
2026-07-23T14:05:00+00:00,315.38,315.56,313.40999999999997,313.46999999999997,1370
2026-07-23T14:10:00+00:00,313.46999999999997,314.28999999999996,313.25,313.34,1234
2026-07-23T14:15:00+00:00,313.34,314.02,313.04999999999995,313.60999999999996,1070
2026-07-23T14:20:00+00:00,313.60999999999996,313.72999999999996,312.76,312.78999999999996,1249
2026-07-23T14:25:00+00:00,312.78999999999996,313.98999999999995,312.29999999999995,313.88,1347
2026-07-23T14:30:00+00:00,313.88,313.89,312.65,313.22999999999996,1192
2026-07-23T14:35:00+00:00,313.22999999999996,315.27,313.04999999999995,314.9,1139
2026-07-23T14:40:00+00:00,314.9,315.19,314.15,314.36999999999995,1140
2026-07-23T14:45:00+00:00,314.36999999999995,314.36999999999995,312.94,313.03999999999996,1277
2026-07-23T14:50:00+00:00,313.03999999999996,313.21,312.5,312.98999999999995,1307
2026-07-23T14:55:00+00:00,312.98999999999995,313.64,312.71999999999997,312.77,1053
2026-07-23T15:00:00+00:00,312.77,312.88,311.96,311.98999999999995,1739
2026-07-23T15:05:00+00:00,311.98999999999995,312.23999999999995,311.47999999999996,311.56,1421
2026-07-23T15:10:00+00:00,311.56,311.81,310.96999999999997,311.04999999999995,1498
2026-07-23T15:15:00+00:00,311.04999999999995,312.02,310.61999999999995,312.02,1123
2026-07-23T15:20:00+00:00,312.02,312.82,311.92999999999995,312.28999999999996,997
2026-07-23T15:25:00+00:00,312.28999999999996,312.34,311.61999999999995,312.21999999999997,991
2026-07-23T15:30:00+00:00,312.21999999999997,313.25,312.21999999999997,313.02,1039
2026-07-23T15:35:00+00:00,313.02,314.23999999999995,312.88,314.15999999999997,784
2026-07-23T15:40:00+00:00,314.15999999999997,314.5,313.59999999999997,313.84,911
2026-07-23T15:45:00+00:00,313.84,314.78,313.33,314.58,1032
2026-07-23T15:50:00+00:00,314.58,315.4,314.29999999999995,315.28999999999996,1062
2026-07-23T15:55:00+00:00,315.28999999999996,315.44,314.95,314.96999999999997,995
2026-07-23T16:00:00+00:00,314.96999999999997,315.22999999999996,314.09999999999997,314.35999999999996,940
2026-07-23T16:05:00+00:00,314.35999999999996,316.09999999999997,314.21,315.98999999999995,1190
2026-07-23T16:10:00+00:00,315.98999999999995,316.11999999999995,315.71999999999997,315.83,979
2026-07-23T16:15:00+00:00,315.83,316.75,315.82,316.35999999999996,766
2026-07-23T16:20:00+00:00,316.35999999999996,316.88,316.02,316.5,1130
2026-07-23T16:25:00+00:00,316.5,317.25,316.34999999999997,316.64,1300
2026-07-23T16:30:00+00:00,316.64,317.10999999999996,315.98999999999995,316,1209
2026-07-23T16:35:00+00:00,316,316.22999999999996,315.16999999999996,315.35999999999996,1060
2026-07-23T16:40:00+00:00,315.35999999999996,315.46,314.84999999999997,314.84999999999997,916
2026-07-23T16:45:00+00:00,314.84999999999997,315.22999999999996,314.54999999999995,315.09,1067
2026-07-23T16:50:00+00:00,315.09,315.25,314.65,315.03,901
2026-07-23T16:55:00+00:00,315.03,315.78999999999996,314.91999999999996,315.75,906
2026-07-23T17:00:00+00:00,315.75,315.75,315.03999999999996,315.53,771
2026-07-23T17:05:00+00:00,315.53,315.73999999999995,315.22999999999996,315.57,777
2026-07-23T17:10:00+00:00,315.57,315.89,315.33,315.73999999999995,704
2026-07-23T17:15:00+00:00,315.73999999999995,316,315.63,315.85999999999996,529
2026-07-23T17:20:00+00:00,315.85999999999996,316.65999999999997,315.78,316.58,684
2026-07-23T17:25:00+00:00,316.58,316.67999999999995,316.07,316.19,618
2026-07-23T17:30:00+00:00,316.19,316.21,315.61999999999995,315.85999999999996,885
2026-07-23T17:35:00+00:00,315.85999999999996,315.91999999999996,315.32,315.53999999999996,947
2026-07-23T17:40:00+00:00,315.53999999999996,315.7,315.23999999999995,315.59,678
2026-07-23T17:45:00+00:00,315.59,315.69,315.32,315.4,621
2026-07-23T17:50:00+00:00,315.4,315.75,315.04999999999995,315.47999999999996,862
2026-07-23T17:55:00+00:00,315.47999999999996,315.53,315.09,315.40999999999997,786
2026-07-23T18:00:00+00:00,315.40999999999997,315.96999999999997,315.38,315.88,949
2026-07-23T18:05:00+00:00,315.88,315.91999999999996,315.52,315.71999999999997,936
2026-07-23T18:10:00+00:00,315.71999999999997,316.15999999999997,315.57,316.08,819
2026-07-23T18:15:00+00:00,316.08,316.21,315.75,315.90999999999997,625
2026-07-23T18:20:00+00:00,315.90999999999997,315.97999999999996,315.66999999999996,315.89,603
2026-07-23T18:25:00+00:00,315.89,315.89,315.46999999999997,315.65,534
2026-07-23T18:30:00+00:00,315.65,315.65,315.16999999999996,315.32,574
2026-07-23T18:35:00+00:00,315.32,315.39,314.59999999999997,314.73999999999995,614
2026-07-23T18:40:00+00:00,314.73999999999995,314.94,314.29999999999995,314.84999999999997,663
2026-07-23T18:45:00+00:00,314.84999999999997,315.09,314.78,314.88,537
2026-07-23T18:50:00+00:00,314.88,315.23999999999995,314.77,314.78999999999996,753
2026-07-23T18:55:00+00:00,314.78999999999996,314.84,314.13,314.44,890
2026-07-23T19:00:00+00:00,314.44,314.86999999999995,314.41999999999996,314.46,461
2026-07-23T19:05:00+00:00,314.46,314.53999999999996,314.09999999999997,314.11999999999995,530
2026-07-23T19:10:00+00:00,314.11999999999995,314.35999999999996,313.92999999999995,314.09,834
2026-07-23T19:15:00+00:00,314.09,314.28999999999996,313.97999999999996,314.13,1079
2026-07-23T19:20:00+00:00,314.13,314.61999999999995,313.97999999999996,314.01,1131
2026-07-23T19:25:00+00:00,314.01,314.65,313.96999999999997,314.28,800
2026-07-23T19:30:00+00:00,314.28,314.58,313.95,314.33,960
2026-07-23T19:35:00+00:00,314.33,314.35999999999996,313.63,313.78,938
2026-07-23T19:40:00+00:00,313.78,314.11999999999995,313.48999999999995,314.03,950
2026-07-23T19:45:00+00:00,314.03,314.96,313.92999999999995,314.03,975
2026-07-23T19:50:00+00:00,314.03,315.03,313.95,314.78,1369
2026-07-23T19:55:00+00:00,314.78,315,313.72999999999996,313.96,2703
2026-07-24T13:30:00+00:00,313.96,316.03,313.21999999999997,315.34999999999997,1199
2026-07-24T13:35:00+00:00,315.34999999999997,316.59,315.28,315.88,1399
2026-07-24T13:40:00+00:00,315.88,316.26,315.21999999999997,315.96999999999997,1229
2026-07-24T13:45:00+00:00,315.96999999999997,318.21,315.41999999999996,318.10999999999996,1376
2026-07-24T13:50:00+00:00,318.10999999999996,318.71,316.71999999999997,317.15,1466
2026-07-24T13:55:00+00:00,317.15,319.64,317.07,318.03,1829
2026-07-24T14:00:00+00:00,318.03,318.66999999999996,316.48999999999995,316.51,1634
2026-07-24T14:05:00+00:00,316.51,316.78,315.28,316.01,1321
2026-07-24T14:10:00+00:00,316.01,316.63,315.71999999999997,316.52,1161
2026-07-24T14:15:00+00:00,316.52,316.98999999999995,315.96,316.7,997
2026-07-24T14:20:00+00:00,316.7,317.08,316.14,316.35999999999996,945
2026-07-24T14:25:00+00:00,316.35999999999996,316.79999999999995,315.48999999999995,315.5,774
2026-07-24T14:30:00+00:00,315.5,315.5,314.48999999999995,314.60999999999996,787
2026-07-24T14:35:00+00:00,314.60999999999996,314.69,314.02,314.14,1120
2026-07-24T14:40:00+00:00,314.14,314.29999999999995,313.35999999999996,313.46,1010
2026-07-24T14:45:00+00:00,313.46,313.71999999999997,313.21999999999997,313.54999999999995,721
2026-07-24T14:50:00+00:00,313.54999999999995,314.66999999999996,313.54999999999995,314.39,764
2026-07-24T14:55:00+00:00,314.39,315.60999999999996,314.15,315.60999999999996,844
2026-07-24T15:00:00+00:00,315.60999999999996,315.86999999999995,315.33,315.61999999999995,978
2026-07-24T15:05:00+00:00,315.61999999999995,315.84999999999997,315.23999999999995,315.34999999999997,830
2026-07-24T15:10:00+00:00,315.34999999999997,316.41999999999996,315.23999999999995,316.21999999999997,987
2026-07-24T15:15:00+00:00,316.21999999999997,316.45,315.15,315.17999999999995,976
2026-07-24T15:20:00+00:00,315.17999999999995,316.21999999999997,314.96999999999997,316.08,671
2026-07-24T15:25:00+00:00,316.08,317.21,316.06,317.06,939
2026-07-24T15:30:00+00:00,317.06,317.46,316.52,316.56,665
2026-07-24T15:35:00+00:00,316.56,317.31,316.32,317.15,712
2026-07-24T15:40:00+00:00,317.15,317.32,316.22999999999996,316.26,690
2026-07-24T15:45:00+00:00,316.26,316.38,315.71999999999997,315.76,700
2026-07-24T15:50:00+00:00,315.76,316.28,315.72999999999996,315.73999999999995,602
2026-07-24T15:55:00+00:00,315.73999999999995,315.91999999999996,315.32,315.57,491
2026-07-24T16:00:00+00:00,315.57,315.59,315.23999999999995,315.5,421
2026-07-24T16:05:00+00:00,315.5,315.53999999999996,314.94,315.09,551
2026-07-24T16:10:00+00:00,315.09,315.22999999999996,314.72999999999996,314.97999999999996,555
2026-07-24T16:15:00+00:00,314.97999999999996,315.52,314.84999999999997,315.44,602
2026-07-24T16:20:00+00:00,315.44,315.45,315.04999999999995,315.21999999999997,536
2026-07-24T16:25:00+00:00,315.21999999999997,315.32,314.78999999999996,314.81,438
2026-07-24T16:30:00+00:00,314.81,314.83,313.86999999999995,314.19,696
2026-07-24T16:35:00+00:00,314.19,315.02,314.10999999999996,314.73999999999995,728
2026-07-24T16:40:00+00:00,314.73999999999995,314.91999999999996,314.22999999999996,314.34999999999997,683
2026-07-24T16:45:00+00:00,314.34999999999997,314.38,313.96999999999997,314.29999999999995,643
2026-07-24T16:50:00+00:00,314.29999999999995,314.60999999999996,314.2,314.52,801
2026-07-24T16:55:00+00:00,314.52,314.83,314.41999999999996,314.59999999999997,785
2026-07-24T17:00:00+00:00,314.59999999999997,314.98999999999995,314.46,314.59999999999997,732
2026-07-24T17:05:00+00:00,314.59999999999997,315.13,314.08,314.71999999999997,837
2026-07-24T17:10:00+00:00,314.71999999999997,315.42999999999995,314.61999999999995,315.23999999999995,726
2026-07-24T17:15:00+00:00,315.23999999999995,315.63,315.07,315.46999999999997,700
2026-07-24T17:20:00+00:00,315.46999999999997,315.71,315.42999999999995,315.69,739
2026-07-24T17:25:00+00:00,315.69,316.01,315.5,315.65999999999997,721
2026-07-24T17:30:00+00:00,315.65999999999997,316.01,315.61999999999995,315.77,692
2026-07-24T17:35:00+00:00,315.77,315.78999999999996,315.02,315.11999999999995,673
2026-07-24T17:40:00+00:00,315.11999999999995,315.23999999999995,314.86999999999995,314.86999999999995,525
2026-07-24T17:45:00+00:00,314.86999999999995,314.98999999999995,314.58,314.96999999999997,535
2026-07-24T17:50:00+00:00,314.96999999999997,315.17999999999995,314.79999999999995,315.14,515
2026-07-24T17:55:00+00:00,315.14,315.38,315,315.25,563
2026-07-24T18:00:00+00:00,315.25,315.63,315.14,315.63,442
2026-07-24T18:05:00+00:00,315.63,316.34999999999997,315.56,316.03,686
2026-07-24T18:10:00+00:00,316.03,316.31,315.84,316.09,612
2026-07-24T18:15:00+00:00,316.09,316.35999999999996,316.03999999999996,316.14,654
2026-07-24T18:20:00+00:00,316.14,316.21,315.59,315.65,677
2026-07-24T18:25:00+00:00,315.65,315.75,315.33,315.34999999999997,680
2026-07-24T18:30:00+00:00,315.34999999999997,315.56,315.03999999999996,315.14,704
2026-07-24T18:35:00+00:00,315.14,315.36999999999995,314.89,314.97999999999996,700
2026-07-24T18:40:00+00:00,314.97999999999996,315.09999999999997,314.58,314.59999999999997,638
2026-07-24T18:45:00+00:00,314.59999999999997,314.86999999999995,314.46999999999997,314.66999999999996,614
2026-07-24T18:50:00+00:00,314.66999999999996,314.73999999999995,314.47999999999996,314.58,466
2026-07-24T18:55:00+00:00,314.58,314.69,314.28,314.63,432
2026-07-24T19:00:00+00:00,314.63,315.14,314.61999999999995,314.97999999999996,662
2026-07-24T19:05:00+00:00,314.97999999999996,315.33,314.90999999999997,315.10999999999996,894
2026-07-24T19:10:00+00:00,315.10999999999996,315.48999999999995,314.94,315.21,696
2026-07-24T19:15:00+00:00,315.21,315.38,315.04999999999995,315.09999999999997,717
2026-07-24T19:20:00+00:00,315.09999999999997,315.10999999999996,314.65,314.88,713
2026-07-24T19:25:00+00:00,314.88,315.03999999999996,314.66999999999996,314.71999999999997,568
2026-07-24T19:30:00+00:00,314.71999999999997,314.84,314.46999999999997,314.72999999999996,1083
2026-07-24T19:35:00+00:00,314.72999999999996,315.16999999999996,314.71999999999997,315.11999999999995,880
2026-07-24T19:40:00+00:00,315.11999999999995,315.48999999999995,314.96,315.47999999999996,666
2026-07-24T19:45:00+00:00,315.47999999999996,315.54999999999995,315.02,315.46999999999997,763
2026-07-24T19:50:00+00:00,315.46999999999997,315.71999999999997,314.90999999999997,315.67999999999995,1183
2026-07-24T19:55:00+00:00,315.67999999999995,315.67999999999995,314.39,314.82,1773
2026-07-27T13:30:00+00:00,314.82,323.27,314.82,323.09,932
2026-07-27T13:35:00+00:00,323.09,324.13,322.85999999999996,322.97999999999996,1031
2026-07-27T13:40:00+00:00,322.97999999999996,324.34999999999997,322.73999999999995,323.86999999999995,1495
2026-07-27T13:45:00+00:00,323.86999999999995,324.53,322.5,322.5,2308
2026-07-27T13:50:00+00:00,322.5,324.15,322.5,323.94,2196
2026-07-27T13:55:00+00:00,323.94,324.41999999999996,322.81,322.91999999999996,1988
2026-07-27T14:00:00+00:00,322.91999999999996,323.91999999999996,322.72999999999996,323.84999999999997,1850
2026-07-27T14:05:00+00:00,323.84999999999997,325.03,323.38,325,1923
2026-07-27T14:10:00+00:00,325,325.27,323.9,325.01,2066
2026-07-27T14:15:00+00:00,325.01,325.73999999999995,324.85999999999996,325.23999999999995,2107
2026-07-27T14:20:00+00:00,325.23999999999995,325.28999999999996,323.65999999999997,323.69,1657
2026-07-27T14:25:00+00:00,323.69,323.85999999999996,321.97999999999996,322,2446
2026-07-27T14:30:00+00:00,322,322.26,321.4,321.76,2427
2026-07-27T14:35:00+00:00,321.76,321.86999999999995,320.75,321.34999999999997,2063
2026-07-27T14:40:00+00:00,321.34999999999997,321.53999999999996,320.22999999999996,320.60999999999996,2035
2026-07-27T14:45:00+00:00,320.60999999999996,322.65999999999997,320.60999999999996,322.41999999999996,1628
2026-07-27T14:50:00+00:00,322.41999999999996,323.34999999999997,322.36999999999995,322.92999999999995,1778
2026-07-27T14:55:00+00:00,322.92999999999995,323.96999999999997,322.90999999999997,323.28999999999996,1387
2026-07-27T15:00:00+00:00,323.28999999999996,325.13,323.07,324.91999999999996,1361
2026-07-27T15:05:00+00:00,324.91999999999996,325.41999999999996,324.44,324.54999999999995,1212
2026-07-27T15:10:00+00:00,324.54999999999995,325.28999999999996,324.19,325.04999999999995,1183
2026-07-27T15:15:00+00:00,325.04999999999995,325.10999999999996,323.77,324.32,1335
2026-07-27T15:20:00+00:00,324.32,324.59,323.88,324.16999999999996,1429
2026-07-27T15:25:00+00:00,324.16999999999996,324.39,323.56,323.88,1304
2026-07-27T15:30:00+00:00,323.88,323.88,323.06,323.06,1208
2026-07-27T15:35:00+00:00,323.06,323.44,322.78999999999996,323.23999999999995,1636
2026-07-27T15:40:00+00:00,323.23999999999995,323.53999999999996,323.06,323.22999999999996,1443
2026-07-27T15:45:00+00:00,323.22999999999996,323.61999999999995,322.95,323.53,1071
2026-07-27T15:50:00+00:00,323.53,324.57,323.36999999999995,324.14,1240
2026-07-27T15:55:00+00:00,324.14,324.53,323.91999999999996,324.08,891
2026-07-27T16:00:00+00:00,324.08,324.69,324.01,324.69,816
2026-07-27T16:05:00+00:00,324.69,324.72999999999996,324.22999999999996,324.34999999999997,876
2026-07-27T16:10:00+00:00,324.34999999999997,324.5,323.4,323.53,1049
2026-07-27T16:15:00+00:00,323.53,323.88,323.40999999999997,323.56,958
2026-07-27T16:20:00+00:00,323.56,323.63,323.13,323.53,770
2026-07-27T16:25:00+00:00,323.53,324.21,323.4,323.46999999999997,2047
2026-07-27T16:30:00+00:00,323.46999999999997,323.88,323.38,323.7,1092
2026-07-27T16:35:00+00:00,323.7,323.90999999999997,323.22999999999996,323.38,953
2026-07-27T16:40:00+00:00,323.38,323.46999999999997,322.91999999999996,322.97999999999996,717
2026-07-27T16:45:00+00:00,322.97999999999996,323.38,322.97999999999996,323.08,685
2026-07-27T16:50:00+00:00,323.08,323.08,322.22999999999996,322.45,848
2026-07-27T16:55:00+00:00,322.45,322.48999999999995,322.03,322.23999999999995,629
2026-07-27T17:00:00+00:00,322.23999999999995,322.32,321.51,321.78,867
2026-07-27T17:05:00+00:00,321.78,322.33,321.78,322.21,1050
2026-07-27T17:10:00+00:00,322.21,322.56,322.11999999999995,322.47999999999996,800
2026-07-27T17:15:00+00:00,322.47999999999996,322.54999999999995,322.10999999999996,322.53,691
2026-07-27T17:20:00+00:00,322.53,322.89,322.33,322.46999999999997,661
2026-07-27T17:25:00+00:00,322.46999999999997,322.51,322.22999999999996,322.36999999999995,364
2026-07-27T17:30:00+00:00,322.36999999999995,322.5,321.95,322.14,607
2026-07-27T17:35:00+00:00,322.14,322.29999999999995,321.86999999999995,321.97999999999996,549
2026-07-27T17:40:00+00:00,321.97999999999996,322.22999999999996,321.84,322,453
2026-07-27T17:45:00+00:00,322,322.38,321.92999999999995,322.03999999999996,517
2026-07-27T17:50:00+00:00,322.03999999999996,322.32,321.95,322.29999999999995,652
2026-07-27T17:55:00+00:00,322.29999999999995,326.4,-1457.61,325.91,332.09334406253595
2026-07-27T18:00:00+00:00,325.91,325.91,-1458.1699999999998,-1458.1699999999998,271.17531381416256
2026-07-27T18:05:00+00:00,325.61,325.72,-1458.1599999999999,-1458.1599999999999,664.1292824470988
2026-07-27T18:10:00+00:00,-1458.1699999999998,326.11,-1458.1999999999998,-1457.6899999999998,309.22138541730004
2026-07-27T18:15:00+00:00,326.05,326.05,325.71,325.76,381
2026-07-27T18:20:00+00:00,325.76,325.92,325.56,325.9,363
2026-07-27T18:25:00+00:00,325.9,326.03,325.73,325.94,393
2026-07-27T18:30:00+00:00,325.94,325.97,325.48,325.57,699
2026-07-27T18:35:00+00:00,325.57,325.83,325.48,325.78,562
2026-07-27T18:40:00+00:00,325.78,326.4,325.67,326.35,742
2026-07-27T18:45:00+00:00,326.35,326.73,326.24,326.61,451
2026-07-27T18:50:00+00:00,326.61,327.38,326.52,327.23,544
2026-07-27T18:55:00+00:00,327.23,327.66,327.21,327.31,796
2026-07-27T19:00:00+00:00,327.31,327.35,326.81,326.9,464
2026-07-27T19:05:00+00:00,326.9,327.03,326.77,326.92,431
2026-07-27T19:10:00+00:00,326.92,327.31,326.9,327.11,689
2026-07-27T19:15:00+00:00,327.11,327.46,327.11,327.44,391
2026-07-27T19:20:00+00:00,327.44,327.5,327.26,327.29,425
2026-07-27T19:25:00+00:00,327.29,327.48,327.15,327.26,457
2026-07-27T19:30:00+00:00,327.26,327.75,327.09,327.67,477
2026-07-27T19:35:00+00:00,327.67,327.7,327.22,327.45,635
2026-07-27T19:40:00+00:00,327.45,327.52,327.23,327.33,509
2026-07-27T19:45:00+00:00,327.33,327.36,326.91,327.31,856
2026-07-27T19:50:00+00:00,327.31,327.37,326.77,327.05,963
2026-07-27T19:55:00+00:00,327.05,327.07,325.92,326.44,1624
2026-07-28T13:30:00+00:00,326.44,329.97,326.38,327.7,1506
2026-07-28T13:35:00+00:00,327.7,328.65,327.16,327.37,1821
2026-07-28T13:40:00+00:00,327.37,327.44,325.01,325.47,3164
2026-07-28T13:45:00+00:00,325.47,325.75,324.38,325.48,3067
2026-07-28T13:50:00+00:00,325.48,327.54,325.01,326.83,3061
2026-07-28T13:55:00+00:00,326.83,327.07,325,325.08,1977
2026-07-28T14:00:00+00:00,325.08,326.87,324.92,326.27,2144
2026-07-28T14:05:00+00:00,326.27,327.38,326.09,327.29,2022
2026-07-28T14:10:00+00:00,327.29,327.5,326.21,326.79,1883
2026-07-28T14:15:00+00:00,326.79,327.38,326.44,327.18,2308
2026-07-28T14:20:00+00:00,327.18,327.71,326.58,327.11,2934
2026-07-28T14:25:00+00:00,327.11,327.7,326.72,327.48,2348
2026-07-28T14:30:00+00:00,327.48,327.77,327.07,327.26,1723
2026-07-28T14:35:00+00:00,327.26,327.63,326.88,327.04,1943
2026-07-28T14:40:00+00:00,327.04,327.83,326.95,327.71,1626
2026-07-28T14:45:00+00:00,327.71,328.54,327.54,328.17,1442
2026-07-28T14:50:00+00:00,328.17,328.6,327.98,328.49,1393
2026-07-28T14:55:00+00:00,328.49,328.77,328.19,328.35,1085
2026-07-28T15:00:00+00:00,328.35,329.55,328.34,328.67,1611
2026-07-28T15:05:00+00:00,328.67,329.67,328.4,329.21,1608
2026-07-28T15:10:00+00:00,329.21,330.05,328.49,329.95,1810
2026-07-28T15:15:00+00:00,329.95,332,329.88,331.74,1878
2026-07-28T15:20:00+00:00,331.74,332.57,331.48,331.57,2261
2026-07-28T15:25:00+00:00,331.57,332.1,331.1,331.81,1710
2026-07-28T15:30:00+00:00,331.81,332.28,331.68,332.19,1639
2026-07-28T15:35:00+00:00,332.19,332.83,332.11,332.58,1541
2026-07-28T15:40:00+00:00,332.58,333.1,332.42,332.69,1279
2026-07-28T15:45:00+00:00,332.69,332.85,332.05,332.09,1209
2026-07-28T15:50:00+00:00,332.09,332.77,331.64,332.75,1177
2026-07-28T15:55:00+00:00,332.75,332.93,332.38,332.82,1198
2026-07-28T16:00:00+00:00,332.82,332.94,332.24,332.26,1313
2026-07-28T16:05:00+00:00,332.26,332.67,332.19,332.5,1076
2026-07-28T16:10:00+00:00,332.5,332.6,332.24,332.5,1139
2026-07-28T16:15:00+00:00,332.5,333.48,332.46,333.38,1138
2026-07-28T16:20:00+00:00,333.38,333.49,332.88,333.05,942
2026-07-28T16:25:00+00:00,333.05,333.24,332.72,332.78,771
2026-07-28T16:30:00+00:00,332.78,332.86,332.28,332.38,945
2026-07-28T16:35:00+00:00,332.38,333.04,332.31,333.01,666
2026-07-28T16:40:00+00:00,333.01,333.23,332.92,332.93,564
2026-07-28T16:45:00+00:00,332.93,333.07,332.7,333,507
2026-07-28T16:50:00+00:00,333,333.59,332.98,333.39,699
2026-07-28T16:55:00+00:00,333.39,333.76,333.37,333.74,619
2026-07-28T17:00:00+00:00,333.74,333.98,333.45,333.53,1012
2026-07-28T17:05:00+00:00,333.53,333.66,333.01,333.01,1009
2026-07-28T17:10:00+00:00,333.01,333.53,332.88,333.48,828
2026-07-28T17:15:00+00:00,333.48,333.89,333.45,333.88,771
2026-07-28T17:20:00+00:00,333.88,334.15,333.72,333.99,1092
2026-07-28T17:25:00+00:00,333.99,334.43,333.79,334.2,959
2026-07-28T17:30:00+00:00,334.2,335.01,334.18,334.91,755
2026-07-28T17:35:00+00:00,334.91,335.02,334.61,334.66,645
2026-07-28T17:40:00+00:00,334.66,334.98,333.88,333.96,1059
2026-07-28T17:45:00+00:00,333.96,334.8,333.76,334.79,1162
2026-07-28T17:50:00+00:00,334.79,334.86,334.24,334.3,856
2026-07-28T17:55:00+00:00,334.3,334.99,334.28,334.95,616
2026-07-28T18:00:00+00:00,334.95,334.95,334.29,334.44,937
2026-07-28T18:05:00+00:00,334.44,334.46,333.59,333.89,863
2026-07-28T18:10:00+00:00,333.89,333.9,333.47,333.85,627
2026-07-28T18:15:00+00:00,333.85,334.27,333.58,334.21,737
2026-07-28T18:20:00+00:00,334.21,334.45,334.12,334.18,521
2026-07-28T18:25:00+00:00,334.18,334.3,333.74,334.06,998
2026-07-28T18:30:00+00:00,334.06,334.23,333.74,334.15,935
2026-07-28T18:35:00+00:00,334.15,334.42,334.09,334.35,672
2026-07-28T18:40:00+00:00,334.35,334.73,334.28,334.67,829
2026-07-28T18:45:00+00:00,334.67,335.02,334.62,335.02,603
2026-07-28T18:50:00+00:00,335.02,335.07,334.68,334.68,649
2026-07-28T18:55:00+00:00,334.68,334.71,334.36,334.42,628
2026-07-28T19:00:00+00:00,334.42,334.6,334.34,334.44,702
2026-07-28T19:05:00+00:00,334.44,334.51,333.76,333.79,721
2026-07-28T19:10:00+00:00,333.79,333.91,333.22,333.55,736
2026-07-28T19:15:00+00:00,333.55,333.66,333.31,333.39,864
2026-07-28T19:20:00+00:00,333.39,333.49,333.03,333.12,612
2026-07-28T19:25:00+00:00,333.12,333.54,332.99,333.48,784
2026-07-28T19:30:00+00:00,333.48,333.8,333.34,333.61,1084
2026-07-28T19:35:00+00:00,333.61,333.74,333.06,333.68,829
2026-07-28T19:40:00+00:00,333.68,333.72,333.15,333.43,783
2026-07-28T19:45:00+00:00,333.43,333.51,332.63,332.79,1069
2026-07-28T19:50:00+00:00,332.79,332.79,332.21,332.74,1589
2026-07-28T19:55:00+00:00,332.74,332.74,332.01,332.58,2881
2026-07-29T13:30:00+00:00,332.58,334.58,332.48,333.28,749
2026-07-29T13:35:00+00:00,333.28,334.6,333.11,334.6,1001
2026-07-29T13:40:00+00:00,334.6,335.42,333.46,333.58,1490
2026-07-29T13:45:00+00:00,333.58,334.19,331.69,332.07,1942
2026-07-29T13:50:00+00:00,332.07,332.12,330.9,331.32,1998
2026-07-29T13:55:00+00:00,331.32,332.03,331.04,331.56,1806
2026-07-29T14:00:00+00:00,331.56,331.94,331.1,331.45,1701
2026-07-29T14:05:00+00:00,331.45,332.02,331.21,331.39,1476
2026-07-29T14:10:00+00:00,331.39,331.46,330.19,330.46,1074
2026-07-29T14:15:00+00:00,330.46,331.28,330.37,331.09,831
2026-07-29T14:20:00+00:00,331.09,332.46,330.99,331.59,762
2026-07-29T14:25:00+00:00,331.59,331.99,330.78,331.15,861
2026-07-29T14:30:00+00:00,331.15,332.03,330.98,331.66,726
2026-07-29T14:35:00+00:00,331.66,332.1,331.5,331.71,559
2026-07-29T14:40:00+00:00,331.71,331.71,331.02,331.52,747
2026-07-29T14:45:00+00:00,331.52,332.04,331.43,331.64,760
2026-07-29T14:50:00+00:00,331.64,333.17,331.61,332.94,798
2026-07-29T14:55:00+00:00,332.94,333.33,-1451.04,-1450.9299999999998,665.3131357322542
2026-07-29T15:00:00+00:00,332.86,333.84,332.43,333.61,751
2026-07-29T15:05:00+00:00,333.61,334.29,332.94,334.07,1252
2026-07-29T15:10:00+00:00,334.07,334.14,332.73,333.04,1525
2026-07-29T15:15:00+00:00,333.04,333.61,332.76,332.96,1310
2026-07-29T15:20:00+00:00,332.96,333.32,332.77,333.02,1273
2026-07-29T15:25:00+00:00,333.02,333.18,332.4,332.57,1209
2026-07-29T15:30:00+00:00,332.57,333.27,332.49,332.95,1257
2026-07-29T15:35:00+00:00,332.95,333.37,332.39,332.52,1224
2026-07-29T15:40:00+00:00,332.52,332.64,332.08,332.45,1252
2026-07-29T15:45:00+00:00,332.45,332.85,332.23,332.52,1320
2026-07-29T15:50:00+00:00,332.52,332.7,331.88,331.92,1193
2026-07-29T15:55:00+00:00,331.92,331.96,331.18,331.69,1518
2026-07-29T16:00:00+00:00,331.69,332.18,331.64,332.1,940
2026-07-29T16:05:00+00:00,332.1,333.15,331.8,333.11,1539
2026-07-29T16:10:00+00:00,333.11,333.73,333,333,1340
2026-07-29T16:15:00+00:00,333,333.59,332.88,333.09,1500
2026-07-29T16:20:00+00:00,333.09,334.1,333.08,333.81,1291
2026-07-29T16:25:00+00:00,333.81,334.72,333.81,334.46,1226
2026-07-29T16:30:00+00:00,334.46,334.73,334.11,334.24,1098
2026-07-29T16:35:00+00:00,334.24,334.48,334.02,334.1,903
2026-07-29T16:40:00+00:00,334.1,334.19,333.57,334.06,1012
2026-07-29T16:45:00+00:00,334.06,334.7,333.89,334.6,1092
2026-07-29T16:50:00+00:00,334.6,334.94,334.46,334.7,812
2026-07-29T16:55:00+00:00,334.7,335.63,334.52,335.5,906
2026-07-29T17:00:00+00:00,335.5,335.8,334.88,335.67,1283
2026-07-29T17:05:00+00:00,335.67,335.7,334.95,335.63,1180
2026-07-29T17:10:00+00:00,335.63,336.66,335.57,336.49,1652
2026-07-29T17:15:00+00:00,336.49,337.05,336.34,336.79,1497
2026-07-29T17:20:00+00:00,336.79,337.14,336.54,336.66,1387
2026-07-29T17:25:00+00:00,336.66,336.74,336.09,336.1,1451
2026-07-29T17:30:00+00:00,336.1,336.24,335.68,335.69,1411
2026-07-29T17:35:00+00:00,335.69,335.7,334.96,335.13,1109
2026-07-29T17:40:00+00:00,335.13,335.45,334.91,335.29,1618
2026-07-29T17:45:00+00:00,335.29,335.61,335.18,335.47,920
2026-07-29T17:50:00+00:00,335.47,335.99,335.47,335.91,905
2026-07-29T17:55:00+00:00,335.91,336.97,335.77,336.86,822
2026-07-29T18:00:00+00:00,336.86,339.26,336.84,338.6,2329
2026-07-29T18:05:00+00:00,338.6,338.96,337.91,338.32,2160
2026-07-29T18:10:00+00:00,338.32,339.21,337.9,338.28,1811
2026-07-29T18:15:00+00:00,338.28,339.32,338.25,338.79,1559
2026-07-29T18:20:00+00:00,338.79,339.08,338.4,338.41,1414
2026-07-29T18:25:00+00:00,338.41,339.16,338.22,339.12,1364
2026-07-29T18:30:00+00:00,339.12,339.45,338.38,338.61,2325
2026-07-29T18:35:00+00:00,338.61,339.96,338.39,339.67,1633
2026-07-29T18:40:00+00:00,339.67,340.48,339.65,340.27,1868
2026-07-29T18:45:00+00:00,340.27,340.76,340.09,340.63,1173
2026-07-29T18:50:00+00:00,340.63,341.48,340.28,341.48,1376
2026-07-29T18:55:00+00:00,341.48,341.8,340.74,341.12,1779
2026-07-29T19:00:00+00:00,341.12,341.57,340.54,340.86,2011
2026-07-29T19:05:00+00:00,340.86,340.87,339.47,339.47,2123
2026-07-29T19:10:00+00:00,339.47,339.95,339.14,339.61,2103
2026-07-29T19:15:00+00:00,339.61,339.96,338.4,338.54,1951
2026-07-29T19:20:00+00:00,338.54,338.63,336.69,336.7,2230
2026-07-29T19:25:00+00:00,336.7,336.93,335.98,336.54,1761
2026-07-29T19:30:00+00:00,336.54,336.77,335.28,335.72,2417
2026-07-29T19:35:00+00:00,335.72,335.98,334.79,335.15,1975
2026-07-29T19:40:00+00:00,335.15,335.87,334.79,335.57,2538
2026-07-29T19:45:00+00:00,335.57,336.55,335.38,336.38,2819
2026-07-29T19:50:00+00:00,336.38,336.38,334.77,335.62,2462
2026-07-29T19:55:00+00:00,335.62,336.08,334.25,335.66,3357
2026-07-30T13:30:00+00:00,335.66,335.66,330.68,332.14,866
2026-07-30T13:35:00+00:00,332.14,332.71,330.88,331.73,1299
2026-07-30T13:40:00+00:00,331.73,332.66,331.2,331.22,2654
2026-07-30T13:45:00+00:00,331.22,333.07,330.89,331.44,3401
2026-07-30T13:50:00+00:00,331.44,331.76,329.6,331.46,2905
2026-07-30T13:55:00+00:00,331.46,331.88,330.94,331.55,2404
2026-07-30T14:00:00+00:00,331.55,333.14,331.03,332.82,3163
2026-07-30T14:05:00+00:00,332.82,334.54,332.58,332.77,2372
2026-07-30T14:10:00+00:00,332.77,333,331.68,332.16,2064
2026-07-30T14:15:00+00:00,332.16,332.69,331.45,332.2,2248
2026-07-30T14:20:00+00:00,332.2,332.8,331.88,332.27,2192
2026-07-30T14:25:00+00:00,332.27,332.34,330.88,330.9,2062
2026-07-30T14:30:00+00:00,330.9,331.91,330.76,331.75,1997
2026-07-30T14:35:00+00:00,331.75,332.39,331.51,332.04,1997
2026-07-30T14:40:00+00:00,332.04,332.9,331.37,331.69,1631
2026-07-30T14:45:00+00:00,331.69,332.49,331.44,331.88,1593
2026-07-30T14:50:00+00:00,331.88,332.26,331.69,332.15,1499
2026-07-30T14:55:00+00:00,332.15,332.68,331.26,332.08,1527
2026-07-30T15:00:00+00:00,332.08,332.2,331.33,331.75,1947
2026-07-30T15:05:00+00:00,331.75,332.17,331.56,331.81,1969
2026-07-30T15:10:00+00:00,331.81,331.86,330.88,331.11,1535
2026-07-30T15:15:00+00:00,331.11,331.6,330.86,331.46,1616
2026-07-30T15:20:00+00:00,331.46,331.65,330.98,331.19,1554
2026-07-30T15:25:00+00:00,331.19,331.41,330.53,330.79,1711
2026-07-30T15:30:00+00:00,330.79,331.42,330.68,331.41,1551
2026-07-30T15:35:00+00:00,331.41,331.8,331.21,331.67,1210
2026-07-30T15:40:00+00:00,331.67,333.1,331.48,332.89,1084
2026-07-30T15:45:00+00:00,332.89,333.45,332.7,332.99,997
2026-07-30T15:50:00+00:00,332.99,333.17,332.29,333.13,1101
2026-07-30T15:55:00+00:00,333.13,333.52,332.15,332.15,1112
2026-07-30T16:00:00+00:00,332.15,333.4,332.09,333.23,1153
2026-07-30T16:05:00+00:00,333.23,333.5,332.98,333.1,946
2026-07-30T16:10:00+00:00,333.1,333.71,332.98,333.32,886
2026-07-30T16:15:00+00:00,333.32,333.78,333.22,333.48,824
2026-07-30T16:20:00+00:00,333.48,334.09,333.4,333.79,863
2026-07-30T16:25:00+00:00,333.79,334.46,333.68,334.22,984
2026-07-30T16:30:00+00:00,334.22,334.71,334.07,334.56,1237
2026-07-30T16:35:00+00:00,334.56,334.74,334.16,334.19,1141
2026-07-30T16:40:00+00:00,334.19,334.24,333.74,334.02,1538
2026-07-30T16:45:00+00:00,334.02,334.19,333.18,333.22,1388
2026-07-30T16:50:00+00:00,333.22,333.46,333,333.18,1266
2026-07-30T16:55:00+00:00,333.18,334.11,333.18,334.06,987
2026-07-30T17:00:00+00:00,334.06,334.6,333.98,334.52,1359
2026-07-30T17:05:00+00:00,334.52,334.73,334.38,334.49,1019
2026-07-30T17:10:00+00:00,334.49,334.67,333.9,333.91,1053
2026-07-30T17:15:00+00:00,333.91,334.01,333.19,333.24,989
2026-07-30T17:20:00+00:00,333.24,333.62,332.78,332.86,967
2026-07-30T17:25:00+00:00,332.86,332.86,332.39,332.52,1457
2026-07-30T17:30:00+00:00,332.52,332.76,332.09,332.23,936
2026-07-30T17:35:00+00:00,332.23,332.7,332.18,332.41,1781
2026-07-30T17:40:00+00:00,332.41,334.07,332.19,332.95,1306
2026-07-30T17:45:00+00:00,332.95,333.3,332.05,333.1,926
2026-07-30T17:50:00+00:00,333.1,334.42,332.94,333.73,762
2026-07-30T17:55:00+00:00,333.73,334.05,332.83,332.88,621
2026-07-30T18:00:00+00:00,332.88,332.97,332,332.16,792
2026-07-30T18:05:00+00:00,332.16,333.06,332,332.82,459
2026-07-30T18:10:00+00:00,332.82,332.87,332.39,332.49,529
2026-07-30T18:15:00+00:00,332.49,332.84,332.38,332.42,405
2026-07-30T18:20:00+00:00,332.42,332.76,332.28,332.55,431
2026-07-30T18:25:00+00:00,332.55,332.6,331.92,331.99,756
2026-07-30T18:30:00+00:00,331.99,332.66,331.9,332.49,625
2026-07-30T18:35:00+00:00,332.49,333.38,332.49,333.18,916
2026-07-30T18:40:00+00:00,333.18,333.92,333.14,333.9,364
2026-07-30T18:45:00+00:00,333.9,334.41,333.88,334.28,220
2026-07-30T18:50:00+00:00,334.28,334.65,334.23,334.51,257
2026-07-30T18:55:00+00:00,334.51,334.56,334.12,334.47,285
2026-07-30T19:00:00+00:00,334.47,334.52,334.19,334.19,347
2026-07-30T19:05:00+00:00,334.19,334.41,333.95,334.38,315
2026-07-30T19:10:00+00:00,334.38,334.65,334.13,334.26,374
2026-07-30T19:15:00+00:00,334.26,334.47,334.08,334.47,482
2026-07-30T19:20:00+00:00,334.47,334.54,333.88,333.92,978
2026-07-30T19:25:00+00:00,333.92,334.41,333.91,333.96,760
2026-07-30T19:30:00+00:00,333.96,334.19,333.75,334.11,1411
2026-07-30T19:35:00+00:00,334.11,334.13,333.61,333.9,1190
2026-07-30T19:40:00+00:00,333.9,334.08,333.61,333.97,1022
2026-07-30T19:45:00+00:00,333.97,334.15,333.73,334.13,947
2026-07-30T19:50:00+00:00,334.13,334.2,333.53,333.83,1374
2026-07-30T19:55:00+00:00,333.83,333.83,333.01,333.73,2045
2026-07-31T13:30:00+00:00,333.73,342.94,333.73,341.45,1487
2026-07-31T13:35:00+00:00,341.45,345.35,341.45,342.56,2435
2026-07-31T13:40:00+00:00,342.56,342.77,340.4,340.98,2375
2026-07-31T13:45:00+00:00,340.98,343.37,340.88,341.88,2934
2026-07-31T13:50:00+00:00,341.88,343.06,341.69,342.49,3250
2026-07-31T13:55:00+00:00,342.49,344.1,341.89,342.97,2437
2026-07-31T14:00:00+00:00,342.97,346.23,342.91,346.1,2299
2026-07-31T14:05:00+00:00,346.1,346.22,344.74,345.84,3011
2026-07-31T14:10:00+00:00,345.84,346.06,344.58,345.78,3028
2026-07-31T14:15:00+00:00,345.78,347.13,345.02,345.41,2610
2026-07-31T14:20:00+00:00,345.41,346.89,345.16,345.98,2709
2026-07-31T14:25:00+00:00,345.98,347.46,345.69,346.92,2481
2026-07-31T14:30:00+00:00,346.92,347.5,346.24,346.27,2331
2026-07-31T14:35:00+00:00,346.27,348.44,346.23,347.88,2009
2026-07-31T14:40:00+00:00,347.88,348.86,347.65,348.55,1840
2026-07-31T14:45:00+00:00,348.55,349.98,348.52,349.84,1900
2026-07-31T14:50:00+00:00,349.84,351.44,349.56,350.31,2322
2026-07-31T14:55:00+00:00,350.31,352.71,349.94,351.61,2644
2026-07-31T15:00:00+00:00,351.61,352.94,351.26,351.39,2944
2026-07-31T15:05:00+00:00,351.39,351.59,349.9,350.17,2529
2026-07-31T15:10:00+00:00,350.17,350.49,347.95,348.92,2057
2026-07-31T15:15:00+00:00,348.92,350.12,348.73,349.56,1984
2026-07-31T15:20:00+00:00,349.56,349.69,348.89,349.11,1781
2026-07-31T15:25:00+00:00,349.11,349.44,348.1,348.25,1985
2026-07-31T15:30:00+00:00,348.25,348.9,347.79,348.81,2022
2026-07-31T15:35:00+00:00,348.81,350.01,348.6,349.47,1725
2026-07-31T15:40:00+00:00,349.47,349.62,348.88,349.34,1629
2026-07-31T15:45:00+00:00,349.34,349.38,348.5,349.12,1302
2026-07-31T15:50:00+00:00,349.12,352.25,349.05,351.18,1944
2026-07-31T15:55:00+00:00,351.18,351.51,350.61,351.3,1357
2026-07-31T16:00:00+00:00,351.3,351.77,351.17,351.62,1145
2026-07-31T16:05:00+00:00,351.62,352.24,351.55,352.03,1130
2026-07-31T16:10:00+00:00,352.03,352.57,351.89,352.48,642
2026-07-31T16:15:00+00:00,352.48,352.76,352,352.73,1073
2026-07-31T16:20:00+00:00,352.73,353.55,352.65,353.28,1206
2026-07-31T16:25:00+00:00,353.28,354.13,353.14,353.93,1067
2026-07-31T16:30:00+00:00,353.93,354.31,353.68,353.91,1408
2026-07-31T16:35:00+00:00,353.91,353.91,352.88,353.04,1256
2026-07-31T16:40:00+00:00,353.04,353.48,352.67,352.83,1506
2026-07-31T16:45:00+00:00,352.83,353.54,352.66,353.31,1504
2026-07-31T16:50:00+00:00,353.31,353.43,352.88,352.92,1385
2026-07-31T16:55:00+00:00,352.92,353.02,352.57,352.89,1159
2026-07-31T17:00:00+00:00,352.89,353.59,352.61,352.89,1485
2026-07-31T17:05:00+00:00,352.89,353.12,352.48,352.61,1324
2026-07-31T17:10:00+00:00,352.61,353.33,352.53,353.07,1079
2026-07-31T17:15:00+00:00,353.07,354.03,352.92,353.85,1009
2026-07-31T17:20:00+00:00,353.85,354.23,353.43,354.2,1106
2026-07-31T17:25:00+00:00,354.2,354.44,353.81,354.17,1072
2026-07-31T17:30:00+00:00,354.17,354.74,353.96,354.07,1412
2026-07-31T17:35:00+00:00,354.07,354.3,353.35,353.42,1151
2026-07-31T17:40:00+00:00,353.42,353.94,353.41,353.82,1160
2026-07-31T17:45:00+00:00,353.82,353.97,353.15,353.59,1149
2026-07-31T17:50:00+00:00,353.59,353.68,353.2,353.29,1200
2026-07-31T17:55:00+00:00,353.29,354.11,353.29,353.84,1029
2026-07-31T18:00:00+00:00,353.84,354.57,353.76,354.16,1422
2026-07-31T18:05:00+00:00,354.16,354.76,353.89,354.56,1102
2026-07-31T18:10:00+00:00,354.56,354.82,354.38,354.72,958
2026-07-31T18:15:00+00:00,354.72,355.84,354.7,355.84,1030
2026-07-31T18:20:00+00:00,355.84,356.1,355.55,355.86,815
2026-07-31T18:25:00+00:00,355.86,355.95,355.6,355.91,959
2026-07-31T18:30:00+00:00,355.91,356.13,355.42,355.52,1083
2026-07-31T18:35:00+00:00,355.52,355.52,355.17,355.21,875
2026-07-31T18:40:00+00:00,355.21,355.56,355.19,355.25,929
2026-07-31T18:45:00+00:00,355.25,355.57,355.06,355.36,786
2026-07-31T18:50:00+00:00,355.36,355.6,355.05,355.17,1029
2026-07-31T18:55:00+00:00,355.17,355.25,354.9,355.18,1079
2026-07-31T19:00:00+00:00,355.18,355.55,355.06,355.31,943
2026-07-31T19:05:00+00:00,355.31,355.38,354.92,355.15,1021
2026-07-31T19:10:00+00:00,355.15,355.7,355.02,355.46,915
2026-07-31T19:15:00+00:00,355.46,355.49,354.54,355.29,1160
2026-07-31T19:20:00+00:00,355.29,355.78,355.13,355.7,976
2026-07-31T19:25:00+00:00,355.7,356,355.51,355.64,1101
2026-07-31T19:30:00+00:00,355.64,356.26,355.18,355.9,1439
2026-07-31T19:35:00+00:00,355.9,356.9,355.88,356.86,1120
2026-07-31T19:40:00+00:00,356.86,357.56,356.56,357.23,1266
2026-07-31T19:45:00+00:00,357.23,357.86,356.94,357.14,1325
2026-07-31T19:50:00+00:00,357.14,358.71,357.12,357.6,1603
2026-07-31T19:55:00+00:00,357.6,357.6,355.79,356.59,2194
2026-08-03T13:30:00+00:00,356.59,369.11,356.59,367.58,1426
2026-08-03T13:35:00+00:00,367.58,370.93,366.95,370.88,1850
2026-08-03T13:40:00+00:00,370.88,372.7,369.91,372.49,1499
2026-08-03T13:45:00+00:00,372.49,373.63,371.87,373.15,1669
2026-08-03T13:50:00+00:00,373.15,373.77,371.91,373.55,1346
2026-08-03T13:55:00+00:00,373.55,374.15,370.96,371.15,1318
2026-08-03T14:00:00+00:00,371.15,372.34,370.42,371.44,1955
2026-08-03T14:05:00+00:00,371.44,371.44,369.49,369.8,2020
2026-08-03T14:10:00+00:00,369.8,370.06,367.94,368.52,1819
2026-08-03T14:15:00+00:00,368.52,368.9,367.31,367.61,1664
2026-08-03T14:20:00+00:00,367.61,368.24,367.14,367.17,1160
2026-08-03T14:25:00+00:00,367.17,367.93,366.88,367.24,1167
2026-08-03T14:30:00+00:00,367.24,367.99,366.22,366.49,1195
2026-08-03T14:35:00+00:00,366.49,367.87,366.35,367.53,879
2026-08-03T14:40:00+00:00,367.53,368.48,367.38,368.04,906
2026-08-03T14:45:00+00:00,368.04,368.17,367.55,367.92,860
2026-08-03T14:50:00+00:00,367.92,367.94,366.96,367.63,1099
2026-08-03T14:55:00+00:00,367.63,368.75,367.53,368.22,1377
2026-08-03T15:00:00+00:00,368.22,368.7,367.47,367.66,1057
2026-08-03T15:05:00+00:00,367.66,369.37,367.54,369.34,994
2026-08-03T15:10:00+00:00,369.34,369.84,368.87,369.31,733
2026-08-03T15:15:00+00:00,369.31,370.11,368.84,370,862
2026-08-03T15:20:00+00:00,370,371.83,369.74,371.63,859
2026-08-03T15:25:00+00:00,371.63,372.47,371.48,372.06,1069
2026-08-03T15:30:00+00:00,372.06,373.18,371.96,372.95,1057
2026-08-03T15:35:00+00:00,372.95,373.96,372.88,373.57,1058
2026-08-03T15:40:00+00:00,373.57,374.81,373.17,374.5,979
2026-08-03T15:45:00+00:00,374.5,375.11,374.23,374.52,1124
2026-08-03T15:50:00+00:00,374.52,374.81,374.07,374.79,818
2026-08-03T15:55:00+00:00,374.79,374.91,373.78,374.07,811
2026-08-03T16:00:00+00:00,374.07,374.39,373.66,374.01,800
2026-08-03T16:05:00+00:00,374.01,374.66,373.88,374.45,632
2026-08-03T16:10:00+00:00,374.45,375.04,374.3,374.73,714
2026-08-03T16:15:00+00:00,374.73,375.1,374.17,374.29,859
2026-08-03T16:20:00+00:00,374.29,374.73,373.88,374.63,746
2026-08-03T16:25:00+00:00,374.63,374.79,374.19,374.42,841
2026-08-03T16:30:00+00:00,374.42,374.95,374.35,374.68,867
2026-08-03T16:35:00+00:00,374.68,375.97,374.58,375.21,1018
2026-08-03T16:40:00+00:00,375.21,375.3,374.88,375.16,767
2026-08-03T16:45:00+00:00,375.16,375.19,374.74,374.78,749
2026-08-03T16:50:00+00:00,374.78,374.91,374.49,374.78,695
2026-08-03T16:55:00+00:00,374.78,375.35,374.65,375.03,773
2026-08-03T17:00:00+00:00,375.03,375.11,374.67,374.7,795
2026-08-03T17:05:00+00:00,374.7,374.82,374.26,374.4,890
2026-08-03T17:10:00+00:00,374.4,374.57,373.61,373.66,850
2026-08-03T17:15:00+00:00,373.66,373.79,373.15,373.39,881
2026-08-03T17:20:00+00:00,373.39,373.95,373.28,373.74,846
2026-08-03T17:25:00+00:00,373.74,373.86,373.29,373.63,692
2026-08-03T17:30:00+00:00,373.63,373.95,373.45,373.64,631
2026-08-03T17:35:00+00:00,373.64,373.77,373.38,373.56,567
2026-08-03T17:40:00+00:00,373.56,373.83,373.16,373.48,652
2026-08-03T17:45:00+00:00,373.48,373.89,373.26,373.81,747
2026-08-03T17:50:00+00:00,373.81,373.9,373.38,373.38,954
2026-08-03T17:55:00+00:00,373.38,373.42,372.59,372.94,808
2026-08-03T18:00:00+00:00,372.94,373.04,372.58,372.87,637
2026-08-03T18:05:00+00:00,372.87,373.07,372.61,372.7,753
2026-08-03T18:10:00+00:00,372.7,373.15,372.31,372.88,616
2026-08-03T18:15:00+00:00,372.88,372.99,372.28,372.43,627
2026-08-03T18:20:00+00:00,372.43,373.12,372.27,372.8,521
2026-08-03T18:25:00+00:00,372.8,372.85,372.32,372.37,593
2026-08-03T18:30:00+00:00,372.37,372.75,372.24,372.43,657
2026-08-03T18:35:00+00:00,372.43,373.51,372.43,373.48,709
2026-08-03T18:40:00+00:00,373.48,374.13,373.32,373.98,742
2026-08-03T18:45:00+00:00,373.98,374.11,373.41,373.72,573
2026-08-03T18:50:00+00:00,373.72,374.15,373.53,373.91,588
2026-08-03T18:55:00+00:00,373.91,374.35,373.82,374.02,501
2026-08-03T19:00:00+00:00,374.02,374.16,373.67,373.76,574
2026-08-03T19:05:00+00:00,373.76,373.95,373.57,373.57,635
2026-08-03T19:10:00+00:00,373.57,373.89,373.28,373.81,606
2026-08-03T19:15:00+00:00,373.81,373.87,372.92,373.24,626
2026-08-03T19:20:00+00:00,373.24,373.48,373.1,373.29,576
2026-08-03T19:25:00+00:00,373.29,373.33,372.88,373.04,603
2026-08-03T19:30:00+00:00,373.04,373.3,372.89,373.02,664
2026-08-03T19:35:00+00:00,373.02,373.27,372.77,372.95,806
2026-08-03T19:40:00+00:00,372.95,373.26,372.6,372.76,869
2026-08-03T19:45:00+00:00,372.76,372.79,372.24,372.53,891
2026-08-03T19:50:00+00:00,372.53,373.37,372.24,373.05,1232
2026-08-03T19:55:00+00:00,373.05,373.12,371.44,372.54,1965
2026-08-04T13:30:00+00:00,372.54,372.54,365.96,370.21,837
2026-08-04T13:35:00+00:00,370.21,372,369.17,371.72,1071
2026-08-04T13:40:00+00:00,371.72,372,368.68,369.23,1123
2026-08-04T13:45:00+00:00,369.23,371.16,368.9,370.71,1301
2026-08-04T13:50:00+00:00,370.71,372.28,370.4,371.88,1159
2026-08-04T13:55:00+00:00,371.88,373.82,371.59,373.74,954
2026-08-04T14:00:00+00:00,373.74,374.06,373.08,373.32,857
2026-08-04T14:05:00+00:00,373.32,374.78,373.24,374.42,885
2026-08-04T14:10:00+00:00,374.42,375.78,374.4,375,1227
2026-08-04T14:15:00+00:00,375,375.38,374.12,375.29,933
2026-08-04T14:20:00+00:00,375.29,375.48,373.62,373.77,946
2026-08-04T14:25:00+00:00,373.77,374.82,373.77,374.57,897
2026-08-04T14:30:00+00:00,374.57,374.71,373.25,373.54,735
2026-08-04T14:35:00+00:00,373.54,373.56,372.65,373.12,761
2026-08-04T14:40:00+00:00,373.12,373.53,372.96,373.25,660
2026-08-04T14:45:00+00:00,373.25,373.25,372.35,372.39,587
2026-08-04T14:50:00+00:00,372.39,373.08,372.35,372.9,579
2026-08-04T14:55:00+00:00,372.9,373.76,372.58,373.71,659
2026-08-04T15:00:00+00:00,373.71,374.4,373.53,374.22,813
2026-08-04T15:05:00+00:00,374.22,374.75,373.64,374.63,976
2026-08-04T15:10:00+00:00,374.63,374.76,374.04,374.3,957
2026-08-04T15:15:00+00:00,374.3,374.99,373.43,373.58,894
2026-08-04T15:20:00+00:00,373.58,373.95,373.22,373.65,739
2026-08-04T15:25:00+00:00,373.65,373.81,373.1,373.61,768
2026-08-04T15:30:00+00:00,373.61,373.77,372.74,373,500
2026-08-04T15:35:00+00:00,373,373.39,372.76,373.26,699
2026-08-04T15:40:00+00:00,373.26,373.3,372.54,372.76,691
2026-08-04T15:45:00+00:00,372.76,373.51,372.72,373.16,720
2026-08-04T15:50:00+00:00,373.16,373.47,372.88,372.99,586
2026-08-04T15:55:00+00:00,372.99,373.23,372.88,373.14,430
2026-08-04T16:00:00+00:00,373.14,373.73,373.05,373.46,576
2026-08-04T16:05:00+00:00,373.46,373.62,372.97,373.14,581
2026-08-04T16:10:00+00:00,373.14,373.28,372.88,373.11,420
2026-08-04T16:15:00+00:00,373.11,373.4,372.99,373.13,485
2026-08-04T16:20:00+00:00,373.13,373.33,372.54,373.25,605
2026-08-04T16:25:00+00:00,373.25,373.41,373,373.41,839
2026-08-04T16:30:00+00:00,373.41,374.06,373.26,373.74,761
2026-08-04T16:35:00+00:00,373.74,374.07,373.34,373.44,568
2026-08-04T16:40:00+00:00,373.44,374.05,373.34,373.91,494
2026-08-04T16:45:00+00:00,373.91,375.01,373.9,374.79,712
2026-08-04T16:50:00+00:00,374.79,374.89,374.13,374.22,706
2026-08-04T16:55:00+00:00,374.22,374.38,373.4,373.68,643
2026-08-04T17:00:00+00:00,373.68,374.6,373.57,374.48,650
2026-08-04T17:05:00+00:00,374.48,374.83,374.28,374.58,582
2026-08-04T17:10:00+00:00,374.58,374.82,374.47,374.73,573
2026-08-04T17:15:00+00:00,374.73,375.44,374.73,375.2,535
2026-08-04T17:20:00+00:00,375.2,375.21,374.24,374.56,519
2026-08-04T17:25:00+00:00,374.56,374.83,374.42,374.68,701
2026-08-04T17:30:00+00:00,374.68,375.2,374.63,374.98,554
2026-08-04T17:35:00+00:00,374.98,375.18,374.84,375.11,323
2026-08-04T17:40:00+00:00,375.11,375.75,375.1,375.68,349
2026-08-04T17:45:00+00:00,375.68,375.95,375.51,375.59,398
2026-08-04T17:50:00+00:00,375.59,375.76,375.42,375.62,427
2026-08-04T17:55:00+00:00,375.62,376.14,375.6,375.74,511
2026-08-04T18:00:00+00:00,375.74,375.92,375.47,375.67,492
2026-08-04T18:05:00+00:00,375.67,376.25,375.66,375.9,472
2026-08-04T18:10:00+00:00,375.9,376.61,375.88,376.51,628
2026-08-04T18:15:00+00:00,376.51,376.71,376.22,376.47,449
2026-08-04T18:20:00+00:00,376.47,377.09,376.44,376.72,455
2026-08-04T18:25:00+00:00,376.72,377.27,376.7,377.11,409
2026-08-04T18:30:00+00:00,377.11,377.42,377.09,377.11,343
2026-08-04T18:35:00+00:00,377.11,377.52,376.72,376.84,422
2026-08-04T18:40:00+00:00,376.84,376.85,376.46,376.59,477
2026-08-04T18:45:00+00:00,376.59,376.9,376.59,376.66,418
2026-08-04T18:50:00+00:00,376.66,376.81,376.29,376.36,442
2026-08-04T18:55:00+00:00,376.36,376.53,376.18,376.51,466
2026-08-04T19:00:00+00:00,376.51,377.08,376.36,376.98,417
2026-08-04T19:05:00+00:00,376.98,377.15,376.68,376.93,501
2026-08-04T19:10:00+00:00,376.93,377.04,376.77,376.98,423
2026-08-04T19:15:00+00:00,376.98,377.17,376.68,376.88,467
2026-08-04T19:20:00+00:00,376.88,376.9,376.57,376.83,468
2026-08-04T19:25:00+00:00,376.83,376.83,375.81,375.96,611
2026-08-04T19:30:00+00:00,375.96,376.75,375.88,376.64,653
2026-08-04T19:35:00+00:00,376.64,377.07,376.3,376.83,636
2026-08-04T19:40:00+00:00,376.83,377.34,376.75,377.13,531
2026-08-04T19:45:00+00:00,377.13,377.47,376.56,376.86,685
2026-08-04T19:50:00+00:00,376.86,376.98,375.43,375.86,1199
2026-08-04T19:55:00+00:00,375.86,375.86,374.53,375.23,1558
2026-08-05T13:30:00+00:00,375.23,381.32,375.23,380.4,1266
2026-08-05T13:35:00+00:00,380.4,380.91,378.25,378.59,1624
2026-08-05T13:40:00+00:00,378.59,379.55,378.51,378.7,828
2026-08-05T13:45:00+00:00,378.7,378.89,376.39,376.42,1032
2026-08-05T13:50:00+00:00,376.42,377.86,375.88,377.86,839
2026-08-05T13:55:00+00:00,377.86,378.14,376.44,376.91,757
2026-08-05T14:00:00+00:00,376.91,377.4,375.48,377.4,823
2026-08-05T14:05:00+00:00,377.4,377.61,376.09,376.91,796
2026-08-05T14:10:00+00:00,376.91,377.38,376,376.5,714
2026-08-05T14:15:00+00:00,376.5,377.2,376.16,377.08,593
2026-08-05T14:20:00+00:00,377.08,377.76,377.04,377.6,597
2026-08-05T14:25:00+00:00,377.6,378.5,377.6,378.35,696
2026-08-05T14:30:00+00:00,378.35,379.29,378.05,379.16,1015
2026-08-05T14:35:00+00:00,379.16,379.36,378.45,379.05,811
2026-08-05T14:40:00+00:00,379.05,379.69,378.73,379.22,688
2026-08-05T14:45:00+00:00,379.22,379.77,378.98,379.46,595
2026-08-05T14:50:00+00:00,379.46,379.62,378.73,378.74,626
2026-08-05T14:55:00+00:00,378.74,379,-1405.6799999999998,-1405.32,559.0265756205591
2026-08-05T15:00:00+00:00,378.51,379.1,378.08,378.51,608
2026-08-05T15:05:00+00:00,378.51,378.8,378.08,378.54,498
2026-08-05T15:10:00+00:00,378.54,378.63,377.68,377.85,518
2026-08-05T15:15:00+00:00,377.85,377.89,376.63,377.29,619
2026-08-05T15:20:00+00:00,377.29,377.33,376.78,376.92,501
2026-08-05T15:25:00+00:00,376.92,376.97,376.1,376.12,646
2026-08-05T15:30:00+00:00,376.12,376.39,375.61,375.62,521
2026-08-05T15:35:00+00:00,375.62,376.03,375.25,375.29,570
2026-08-05T15:40:00+00:00,375.29,375.29,374.47,374.72,566
2026-08-05T15:45:00+00:00,374.72,375.07,374.13,374.18,599
2026-08-05T15:50:00+00:00,374.18,374.87,373.89,374.27,598
2026-08-05T15:55:00+00:00,374.27,374.4,372.82,372.84,750
2026-08-05T16:00:00+00:00,372.84,373.41,361.25,364.5,2485
2026-08-05T16:05:00+00:00,364.5,364.8,357.46,357.47,2100
2026-08-05T16:10:00+00:00,357.47,358.01,354.99,357.43,2175
2026-08-05T16:15:00+00:00,357.43,360.96,356.59,360.96,1589
2026-08-05T16:20:00+00:00,360.96,362.39,358.88,359.28,1537
2026-08-05T16:25:00+00:00,359.28,362.7,358.89,362.61,1291
2026-08-05T16:30:00+00:00,362.61,362.93,359.19,360.89,1248
2026-08-05T16:35:00+00:00,360.89,361.4,359.78,360.65,936
2026-08-05T16:40:00+00:00,360.65,361.22,359.88,360.44,803
2026-08-05T16:45:00+00:00,360.44,360.7,359.97,360.37,767
2026-08-05T16:50:00+00:00,360.37,361.63,360.33,361.55,843
2026-08-05T16:55:00+00:00,361.55,362.33,361.38,361.65,976
2026-08-05T17:00:00+00:00,361.65,362.42,361.09,361.65,878
2026-08-05T17:05:00+00:00,361.65,361.86,360.91,361.12,660
2026-08-05T17:10:00+00:00,361.12,361.48,360.44,360.46,771
2026-08-05T17:15:00+00:00,360.46,360.92,360.11,360.51,782
2026-08-05T17:20:00+00:00,360.51,360.9,359.9,360.06,681
2026-08-05T17:25:00+00:00,360.06,360.66,359.89,359.89,636
2026-08-05T17:30:00+00:00,359.89,359.95,359.28,359.54,633
2026-08-05T17:35:00+00:00,359.54,359.73,359.19,359.47,606
2026-08-05T17:40:00+00:00,359.47,359.94,358.14,358.18,771
2026-08-05T17:45:00+00:00,358.18,359.92,358.18,359.89,647
2026-08-05T17:50:00+00:00,359.89,360.3,359.49,360.18,666
2026-08-05T17:55:00+00:00,360.18,360.68,359.93,360.12,685
2026-08-05T18:00:00+00:00,360.12,362.22,360.12,362.2,886
2026-08-05T18:05:00+00:00,362.2,362.57,362.02,362.16,806
2026-08-05T18:10:00+00:00,362.16,362.24,361.12,361.24,657
2026-08-05T18:15:00+00:00,361.24,361.65,360.38,360.71,660
2026-08-05T18:20:00+00:00,360.71,361.12,360.28,361.04,651
2026-08-05T18:25:00+00:00,361.04,361.13,360.38,360.48,675
2026-08-05T18:30:00+00:00,360.48,360.62,359.91,360.55,927
2026-08-05T18:35:00+00:00,360.55,360.9,360.18,360.27,613
2026-08-05T18:40:00+00:00,360.27,360.43,359.48,359.61,631
2026-08-05T18:45:00+00:00,359.61,360.29,359.49,359.74,608
2026-08-05T18:50:00+00:00,359.74,360.11,359.61,359.7,573
2026-08-05T18:55:00+00:00,359.7,359.78,358.9,359.08,658
2026-08-05T19:00:00+00:00,359.08,359.21,358.62,358.91,550
2026-08-05T19:05:00+00:00,358.91,359.28,358.72,358.89,682
2026-08-05T19:10:00+00:00,358.89,359.1,358.65,358.65,728
2026-08-05T19:15:00+00:00,358.65,359.74,358.47,359.59,965
2026-08-05T19:20:00+00:00,359.59,360.2,359.24,359.91,1143
2026-08-05T19:25:00+00:00,359.91,360.19,359.25,359.46,725
2026-08-05T19:30:00+00:00,359.46,360.23,359.39,359.9,886
2026-08-05T19:35:00+00:00,359.9,360.19,359.53,360.16,709
2026-08-05T19:40:00+00:00,360.16,360.63,359.89,360.2,743
2026-08-05T19:45:00+00:00,360.2,360.2,358.57,359.37,774
2026-08-05T19:50:00+00:00,359.37,359.85,359.07,359.85,973
2026-08-05T19:55:00+00:00,359.85,360.71,359.31,359.82,2072
2026-08-06T13:30:00+00:00,359.82,361.34999999999997,357.77,361.26,610
2026-08-06T13:35:00+00:00,361.26,361.63,359.15999999999997,359.59999999999997,1107
2026-08-06T13:40:00+00:00,359.59999999999997,359.8,357.97999999999996,359,1404
2026-08-06T13:45:00+00:00,359,359.56,358.5,359.28999999999996,1519
2026-08-06T13:50:00+00:00,359.28999999999996,360.78999999999996,359.03999999999996,360.38,1234
2026-08-06T13:55:00+00:00,360.38,361.11,360.15,360.78999999999996,794
2026-08-06T14:00:00+00:00,360.78999999999996,360.96999999999997,359.9,360.13,1040
2026-08-06T14:05:00+00:00,360.13,360.21999999999997,358.87,359.15,936
2026-08-06T14:10:00+00:00,359.15,359.96999999999997,358.87,359.7,1026
2026-08-06T14:15:00+00:00,359.7,360.16999999999996,359.26,359.96,698
2026-08-06T14:20:00+00:00,359.96,360.25,359.07,359.07,758
2026-08-06T14:25:00+00:00,359.07,359.34999999999997,358.09999999999997,358.36,906
2026-08-06T14:30:00+00:00,358.36,358.57,358.07,358.3,905
2026-08-06T14:35:00+00:00,358.3,358.46999999999997,357.7,357.87,832
2026-08-06T14:40:00+00:00,357.87,358.09999999999997,357.46999999999997,357.51,621
2026-08-06T14:45:00+00:00,357.51,358.07,357.28,357.77,881
2026-08-06T14:50:00+00:00,357.77,358.53999999999996,357.68,358.41999999999996,864
2026-08-06T14:55:00+00:00,358.41999999999996,360.09999999999997,358.34999999999997,359.84,708
2026-08-06T15:00:00+00:00,359.84,360.07,357.84999999999997,357.87,698
2026-08-06T15:05:00+00:00,357.87,358.07,357.41999999999996,357.68,589
2026-08-06T15:10:00+00:00,357.68,357.78999999999996,357.09999999999997,357.09999999999997,508
2026-08-06T15:15:00+00:00,357.09999999999997,357.37,356.78999999999996,357.36,816
2026-08-06T15:20:00+00:00,357.36,357.71999999999997,357.02,357.52,964
2026-08-06T15:25:00+00:00,357.52,358.41999999999996,357.40999999999997,358.40999999999997,820
2026-08-06T15:30:00+00:00,358.40999999999997,358.65,358.28,358.46999999999997,1228
2026-08-06T15:35:00+00:00,358.46999999999997,358.59,358.07,358.15999999999997,856
2026-08-06T15:40:00+00:00,358.15999999999997,358.47999999999996,357.84999999999997,358.33,748
2026-08-06T15:45:00+00:00,358.33,358.59999999999997,357.93,358.39,762
2026-08-06T15:50:00+00:00,358.39,358.72999999999996,357.82,357.88,775
2026-08-06T15:55:00+00:00,357.88,357.96999999999997,357.33,357.57,825
2026-08-06T16:00:00+00:00,357.57,357.64,357.16999999999996,357.36,807
2026-08-06T16:05:00+00:00,357.36,357.58,357.15,357.40999999999997,693
2026-08-06T16:10:00+00:00,357.40999999999997,358.01,357.26,357.88,763
2026-08-06T16:15:00+00:00,357.88,358.21999999999997,357.71,357.89,1018
2026-08-06T16:20:00+00:00,357.89,358.13,357.68,357.88,964
2026-08-06T16:25:00+00:00,357.88,358.2,357.68,358.13,907
2026-08-06T16:30:00+00:00,358.13,358.22999999999996,357.77,357.87,765
2026-08-06T16:35:00+00:00,357.87,358.13,357.82,357.83,890
2026-08-06T16:40:00+00:00,357.83,357.87,356.66999999999996,356.9,719
2026-08-06T16:45:00+00:00,356.9,356.9,356.37,356.4,794
2026-08-06T16:50:00+00:00,356.4,356.9,356.37,356.69,856
2026-08-06T16:55:00+00:00,356.69,357.19,356.66999999999996,356.88,903
2026-08-06T17:00:00+00:00,356.88,357.32,356.75,357.19,929
2026-08-06T17:05:00+00:00,357.19,357.46,356.87,356.87,1029
2026-08-06T17:10:00+00:00,356.87,357.18,356.66999999999996,356.68,925
2026-08-06T17:15:00+00:00,356.68,356.96,356.52,356.64,823
2026-08-06T17:20:00+00:00,356.64,356.8,356.43,356.64,930
2026-08-06T17:25:00+00:00,356.64,356.68,356.39,356.49,991
2026-08-06T17:30:00+00:00,356.49,357.12,356.49,356.99,1019
2026-08-06T17:35:00+00:00,356.99,357.21999999999997,356.77,356.81,517
2026-08-06T17:40:00+00:00,356.81,357,356.61,356.64,805
2026-08-06T17:45:00+00:00,356.64,357.06,356.61,356.89,747
2026-08-06T17:50:00+00:00,356.89,357.07,356.77,356.78999999999996,865
2026-08-06T17:55:00+00:00,356.78999999999996,356.94,356.41999999999996,356.53,821
2026-08-06T18:00:00+00:00,356.53,356.66999999999996,356.28,356.3,824
2026-08-06T18:05:00+00:00,356.3,356.49,355.78999999999996,355.81,627
2026-08-06T18:10:00+00:00,355.81,356.25,355.76,356.12,490
2026-08-06T18:15:00+00:00,356.12,356.18,355.82,355.96,517
2026-08-06T18:20:00+00:00,355.96,356.5,355.95,356.36,539
2026-08-06T18:25:00+00:00,356.36,356.61,356.21999999999997,356.27,411
2026-08-06T18:30:00+00:00,356.27,356.5,356.19,356.36,454
2026-08-06T18:35:00+00:00,356.36,356.39,355.95,355.96,322
2026-08-06T18:40:00+00:00,355.96,356.34999999999997,355.95,356,301
2026-08-06T18:45:00+00:00,356,356.16999999999996,355.87,356.07,410
2026-08-06T18:50:00+00:00,356.07,356.32,356,356.19,522
2026-08-06T18:55:00+00:00,356.19,356.27,355.97999999999996,356,339
2026-08-06T19:00:00+00:00,356,356.52,355.95,356.33,453
2026-08-06T19:05:00+00:00,356.33,356.63,356.31,356.49,383
2026-08-06T19:10:00+00:00,356.49,356.90999999999997,356.34999999999997,356.47999999999996,491
2026-08-06T19:15:00+00:00,356.47999999999996,356.61,356.34999999999997,356.49,481
2026-08-06T19:20:00+00:00,356.49,356.74,356.34999999999997,356.37,467
2026-08-06T19:25:00+00:00,356.37,356.68,355.77,355.77,523
2026-08-06T19:30:00+00:00,355.77,356.25,355.61,356.25,516
2026-08-06T19:35:00+00:00,356.25,356.33,356.03,356.11,373
2026-08-06T19:40:00+00:00,356.11,356.15,355.57,356,516
2026-08-06T19:45:00+00:00,356,356.40999999999997,355.88,356.34999999999997,585
2026-08-06T19:50:00+00:00,356.34999999999997,356.66999999999996,355.71999999999997,356.31,1214
2026-08-06T19:55:00+00:00,356.31,356.8,356.06,356.74,1259
2026-08-07T13:30:00+00:00,356.74,357.08,354.19,355.78999999999996,655
2026-08-07T13:35:00+00:00,355.78999999999996,356.62,354,354.32,900
2026-08-07T13:40:00+00:00,354.32,354.76,353.49,354.15999999999997,1075
2026-08-07T13:45:00+00:00,354.15999999999997,354.31,353.26,353.9,963
2026-08-07T13:50:00+00:00,353.9,355.16999999999996,353.68,354.99,857
2026-08-07T13:55:00+00:00,354.99,355.25,354.21,354.45,890
2026-08-07T14:00:00+00:00,354.45,354.74,353.32,353.91999999999996,1244
2026-08-07T14:05:00+00:00,353.91999999999996,354.59,353.83,354.34999999999997,1096
2026-08-07T14:10:00+00:00,354.34999999999997,355.26,354.34,354.95,955
2026-08-07T14:15:00+00:00,354.95,354.96,354.11,354.2,900
2026-08-07T14:20:00+00:00,354.2,354.68,353.78999999999996,354.43,818
2026-08-07T14:25:00+00:00,354.43,354.58,354.02,354.46,900
2026-08-07T14:30:00+00:00,354.46,355,354.11,354.34999999999997,1066
2026-08-07T14:35:00+00:00,354.34999999999997,354.4,353.16999999999996,353.58,1142
2026-08-07T14:40:00+00:00,353.58,353.95,353.36,353.38,1024
2026-08-07T14:45:00+00:00,353.38,353.93,352.87,353.06,1092
2026-08-07T14:50:00+00:00,353.06,353.88,352.91999999999996,353.59,974
2026-08-07T14:55:00+00:00,353.59,354.76,353.3,354.5,971
2026-08-07T15:00:00+00:00,354.5,354.96,354.03999999999996,354.86,959
2026-08-07T15:05:00+00:00,354.86,355.69,354.68,355.53999999999996,599
2026-08-07T15:10:00+00:00,355.53999999999996,356.03999999999996,355.37,355.71999999999997,958
2026-08-07T15:15:00+00:00,355.71999999999997,356.28,355.40999999999997,355.43,507
2026-08-07T15:20:00+00:00,355.43,355.64,354.96,355.46999999999997,549
2026-08-07T15:25:00+00:00,355.46999999999997,355.88,355.32,355.7,494
2026-08-07T15:30:00+00:00,355.7,355.95,355.3,355.34,487
2026-08-07T15:35:00+00:00,355.34,355.83,355.15,355.47999999999996,618
2026-08-07T15:40:00+00:00,355.47999999999996,355.82,355.33,355.82,508
2026-08-07T15:45:00+00:00,355.82,355.82,354.91999999999996,355.16999999999996,665
2026-08-07T15:50:00+00:00,355.16999999999996,355.18,354.82,355.12,426
2026-08-07T15:55:00+00:00,355.12,355.22999999999996,354.52,354.64,612
2026-08-07T16:00:00+00:00,354.64,354.66999999999996,354.12,354.46,667
2026-08-07T16:05:00+00:00,354.46,354.46,354.07,354.27,522
2026-08-07T16:10:00+00:00,354.27,354.4,353.94,354.02,472
2026-08-07T16:15:00+00:00,354.02,354.43,354,354.31,634
2026-08-07T16:20:00+00:00,354.31,354.41999999999996,353.82,353.87,700
2026-08-07T16:25:00+00:00,353.87,353.88,353.02,353.26,813
2026-08-07T16:30:00+00:00,353.26,354.09,353.07,354.09,904
2026-08-07T16:35:00+00:00,354.09,354.28999999999996,353.88,354.09999999999997,826
2026-08-07T16:40:00+00:00,354.09999999999997,354.21,353.96,354.14,610
2026-08-07T16:45:00+00:00,354.14,354.34,353.95,353.96,572
2026-08-07T16:50:00+00:00,353.96,354.03999999999996,353.8,353.91999999999996,550
2026-08-07T16:55:00+00:00,353.91999999999996,354.11,353.82,353.94,690
2026-08-07T17:00:00+00:00,353.94,354.13,353.59,353.59999999999997,390
2026-08-07T17:05:00+00:00,353.59999999999997,353.82,353.58,353.68,387
2026-08-07T17:10:00+00:00,353.68,353.7,353.41999999999996,353.41999999999996,453
2026-08-07T17:15:00+00:00,353.41999999999996,353.52,353.28,353.36,363
2026-08-07T17:20:00+00:00,353.36,353.53999999999996,353.21999999999997,353.32,442
2026-08-07T17:25:00+00:00,353.32,353.69,353.14,353.65,358
2026-08-07T17:30:00+00:00,353.65,353.7,353.3,353.34,397
2026-08-07T17:35:00+00:00,353.34,353.77,353.34,353.77,407
2026-08-07T17:40:00+00:00,353.77,353.78999999999996,353.55,353.58,361
2026-08-07T17:45:00+00:00,353.58,354,353.56,353.88,371
2026-08-07T17:50:00+00:00,353.88,354.02,353.66999999999996,353.96999999999997,360
2026-08-07T17:55:00+00:00,353.96999999999997,354.14,353.84,353.94,364
2026-08-07T18:00:00+00:00,353.94,354.16999999999996,353.58,353.63,406
2026-08-07T18:05:00+00:00,353.63,353.69,353.34,353.34,429
2026-08-07T18:10:00+00:00,353.34,353.44,353.16999999999996,353.16999999999996,420
2026-08-07T18:15:00+00:00,353.16999999999996,353.34,353.16999999999996,353.28,321
2026-08-07T18:20:00+00:00,353.28,353.46,353.16999999999996,353.19,256
2026-08-07T18:25:00+00:00,353.19,353.28999999999996,353.06,353.07,303
2026-08-07T18:30:00+00:00,353.07,353.21,352.91999999999996,353.13,324
2026-08-07T18:35:00+00:00,353.13,353.15,352.91999999999996,352.96999999999997,227
2026-08-07T18:40:00+00:00,352.96999999999997,353.12,352.95,352.96,199
2026-08-07T18:45:00+00:00,352.96,353.21999999999997,352.84,353.09,392
2026-08-07T18:50:00+00:00,353.09,353.39,353.06,353.06,211
2026-08-07T18:55:00+00:00,353.06,353.47999999999996,353.03999999999996,353.47999999999996,309
2026-08-07T19:00:00+00:00,353.47999999999996,353.55,353.12,353.25,574
2026-08-07T19:05:00+00:00,353.25,353.90999999999997,353.22999999999996,353.89,438
2026-08-07T19:10:00+00:00,353.89,354.11,353.57,353.84,307
2026-08-07T19:15:00+00:00,353.84,354.15,353.58,353.71999999999997,353
2026-08-07T19:20:00+00:00,353.71999999999997,354.06,353.71999999999997,353.97999999999996,251
2026-08-07T19:25:00+00:00,353.97999999999996,354.2,353.83,354.2,337
2026-08-07T19:30:00+00:00,354.2,354.2,353.84,354.02,679
2026-08-07T19:35:00+00:00,354.02,354.07,353.57,353.61,721
2026-08-07T19:40:00+00:00,353.61,354.03999999999996,353.57,354.01,669
2026-08-07T19:45:00+00:00,354.01,354.72999999999996,354.01,354.7,534
2026-08-07T19:50:00+00:00,354.7,354.7,354.03,354.41999999999996,721
2026-08-07T19:55:00+00:00,354.41999999999996,354.41999999999996,353.34999999999997,353.49,1324
2026-08-10T13:30:00+00:00,353.49,355.59999999999997,352.83,354.62,708
2026-08-10T13:35:00+00:00,354.62,354.96,353.15999999999997,353.18,907
2026-08-10T13:40:00+00:00,353.18,354.18,352.03999999999996,352.15,1051
2026-08-10T13:45:00+00:00,352.15,352.47999999999996,351.53999999999996,352.22999999999996,1023
2026-08-10T13:50:00+00:00,352.22999999999996,352.68,351.46999999999997,352.62,1064
2026-08-10T13:55:00+00:00,352.62,353.14,352.03999999999996,352.69,885
2026-08-10T14:00:00+00:00,352.69,352.97999999999996,352.03,352.34999999999997,732
2026-08-10T14:05:00+00:00,352.34999999999997,353.40999999999997,352.12,353.24,643
2026-08-10T14:10:00+00:00,353.24,353.65,352.7,353.06,828
2026-08-10T14:15:00+00:00,353.06,354.65999999999997,353.02,354.56,703
2026-08-10T14:20:00+00:00,354.56,355.12,354.41999999999996,354.7,1093
2026-08-10T14:25:00+00:00,354.7,355.33,354.56,355.22999999999996,616
2026-08-10T14:30:00+00:00,355.22999999999996,355.57,354.56,354.57,863
2026-08-10T14:35:00+00:00,354.57,354.97999999999996,354.13,354.4,595
2026-08-10T14:40:00+00:00,354.4,354.86,354.39,354.40999999999997,439
2026-08-10T14:45:00+00:00,354.40999999999997,354.40999999999997,353.7,353.7,420
2026-08-10T14:50:00+00:00,353.7,354.05,352.74,352.74,496
2026-08-10T14:55:00+00:00,352.74,352.90999999999997,352.3,352.45,782
2026-08-10T15:00:00+00:00,352.45,353.07,352.45,352.62,541
2026-08-10T15:05:00+00:00,352.62,352.66999999999996,352.28,352.41999999999996,562
2026-08-10T15:10:00+00:00,352.41999999999996,352.95,352.27,352.69,563
2026-08-10T15:15:00+00:00,352.69,353.45,352.57,353.3,405
2026-08-10T15:20:00+00:00,353.3,353.57,352.75,352.75,317
2026-08-10T15:25:00+00:00,352.75,352.99,352.43,352.89,474
2026-08-10T15:30:00+00:00,352.89,353.37,352.62,352.71999999999997,473
2026-08-10T15:35:00+00:00,352.71999999999997,352.86,352.24,352.33,444
2026-08-10T15:40:00+00:00,352.33,352.58,352.15,352.33,413
2026-08-10T15:45:00+00:00,352.33,352.44,352.03,352.21,386
2026-08-10T15:50:00+00:00,352.21,352.59999999999997,352.18,352.46,390
2026-08-10T15:55:00+00:00,352.46,353.09999999999997,352.38,353.03999999999996,351
2026-08-10T16:00:00+00:00,353.03999999999996,353.40999999999997,352.99,353.13,504
2026-08-10T16:05:00+00:00,353.13,353.59,353.02,353.24,362
2026-08-10T16:10:00+00:00,353.24,353.53999999999996,352.83,352.87,292
2026-08-10T16:15:00+00:00,352.87,352.94,352.52,352.68,408
2026-08-10T16:20:00+00:00,352.68,352.8,352.59999999999997,352.62,327
2026-08-10T16:25:00+00:00,352.62,353.06,352.62,353.03999999999996,441
2026-08-10T16:30:00+00:00,353.03999999999996,353.15999999999997,352.32,352.95,654
2026-08-10T16:35:00+00:00,352.95,353.2,352.78999999999996,353.03,467
2026-08-10T16:40:00+00:00,353.03,353.34999999999997,352.72999999999996,352.72999999999996,457
2026-08-10T16:45:00+00:00,352.72999999999996,353.09999999999997,352.53,353.09999999999997,321
2026-08-10T16:50:00+00:00,353.09999999999997,353.21999999999997,352.75,352.90999999999997,323
2026-08-10T16:55:00+00:00,352.90999999999997,353.08,352.78999999999996,352.97999999999996,361
2026-08-10T17:00:00+00:00,352.97999999999996,353.15999999999997,352.65,352.68,383
2026-08-10T17:05:00+00:00,352.68,352.96,352.58,352.94,241
2026-08-10T17:10:00+00:00,352.94,352.96,352.65,352.87,241
2026-08-10T17:15:00+00:00,352.87,353.34999999999997,352.84999999999997,353.34999999999997,392
2026-08-10T17:20:00+00:00,353.34999999999997,353.37,352.93,353.21999999999997,445
2026-08-10T17:25:00+00:00,353.21999999999997,353.28,353.03,353.12,308
2026-08-10T17:30:00+00:00,353.12,353.26,352.93,352.96999999999997,324
2026-08-10T17:35:00+00:00,352.96999999999997,353.19,352.93,353.06,378
2026-08-10T17:40:00+00:00,353.06,353.06,352.68,352.77,362
2026-08-10T17:45:00+00:00,352.77,352.95,352.68,352.78,340
2026-08-10T17:50:00+00:00,352.78,352.78999999999996,352.41999999999996,352.46999999999997,372
2026-08-10T17:55:00+00:00,352.46999999999997,352.61,352.32,352.58,324
2026-08-10T18:00:00+00:00,352.58,352.78999999999996,352.5,352.56,337
2026-08-10T18:05:00+00:00,352.56,352.83,352.52,352.7,355
2026-08-10T18:10:00+00:00,352.7,352.84999999999997,352.59,352.71,272
2026-08-10T18:15:00+00:00,352.71,352.71999999999997,352.41999999999996,352.47999999999996,300
2026-08-10T18:20:00+00:00,352.47999999999996,352.71,352.41999999999996,352.61,205
2026-08-10T18:25:00+00:00,352.61,352.9,352.59,352.72999999999996,278
2026-08-10T18:30:00+00:00,352.72999999999996,352.93,352.56,352.78999999999996,501
2026-08-10T18:35:00+00:00,352.78999999999996,353.13,352.75,352.97999999999996,377
2026-08-10T18:40:00+00:00,352.97999999999996,354.15,352.93,354.15,348
2026-08-10T18:45:00+00:00,354.15,354.65,354.09999999999997,354.13,514
2026-08-10T18:50:00+00:00,354.13,354.7,354.12,354.61,275
2026-08-10T18:55:00+00:00,354.61,354.78999999999996,354.44,354.44,274
2026-08-10T19:00:00+00:00,354.44,354.66999999999996,354.37,354.53999999999996,350
2026-08-10T19:05:00+00:00,354.53999999999996,354.7,354.32,354.59,333
2026-08-10T19:10:00+00:00,354.59,354.59,354.07,354.11,504
2026-08-10T19:15:00+00:00,354.11,354.19,353.66999999999996,353.71999999999997,345
2026-08-10T19:20:00+00:00,353.71999999999997,354.01,353.66999999999996,353.97999999999996,440
2026-08-10T19:25:00+00:00,353.97999999999996,353.97999999999996,353.69,353.71999999999997,382
2026-08-10T19:30:00+00:00,353.71999999999997,353.8,353.45,353.55,494
2026-08-10T19:35:00+00:00,353.55,353.9,353.14,353.82,479
2026-08-10T19:40:00+00:00,353.82,354.15,353.69,354.05,408
2026-08-10T19:45:00+00:00,354.05,354.46,353.9,354.34999999999997,593
2026-08-10T19:50:00+00:00,354.34999999999997,354.56,353.83,354.40999999999997,1105
2026-08-10T19:55:00+00:00,354.40999999999997,355.97999999999996,354.40999999999997,355.72999999999996,1783
2026-08-11T13:30:00+00:00,355.72999999999996,355.72999999999996,351.68,352.41999999999996,548
2026-08-11T13:35:00+00:00,352.41999999999996,352.56,350.88,351.07,849
2026-08-11T13:40:00+00:00,351.07,351.37,349.53999999999996,349.56,922
2026-08-11T13:45:00+00:00,349.56,349.76,348.4,348.71,897
2026-08-11T13:50:00+00:00,348.71,349.4,348.37,348.82,760
2026-08-11T13:55:00+00:00,348.82,350.36,348.37,349.78,748
2026-08-11T14:00:00+00:00,349.78,350.25,349.41999999999996,349.8,611
2026-08-11T14:05:00+00:00,349.8,350.15999999999997,349.66999999999996,349.86,454
2026-08-11T14:10:00+00:00,349.86,350.59,349.84999999999997,350.25,535
2026-08-11T14:15:00+00:00,350.25,350.62,349.91999999999996,350.58,452
2026-08-11T14:20:00+00:00,350.58,350.91999999999996,350.06,350.07,472
2026-08-11T14:25:00+00:00,350.07,350.72999999999996,349.91999999999996,350.58,413
2026-08-11T14:30:00+00:00,350.58,350.81,350.34999999999997,350.46999999999997,446
2026-08-11T14:35:00+00:00,350.46999999999997,350.77,350.34,350.68,423
2026-08-11T14:40:00+00:00,350.68,350.88,350.03999999999996,350.05,457
2026-08-11T14:45:00+00:00,350.05,350.69,350.03999999999996,350.65999999999997,634
2026-08-11T14:50:00+00:00,350.65999999999997,350.82,350.37,350.49,530
2026-08-11T14:55:00+00:00,350.49,350.83,350.49,350.59,478
2026-08-11T15:00:00+00:00,350.59,350.81,350.43,350.58,400
2026-08-11T15:05:00+00:00,350.58,350.65,350.3,350.53999999999996,369
2026-08-11T15:10:00+00:00,350.53999999999996,350.72999999999996,349.84,349.91999999999996,479
2026-08-11T15:15:00+00:00,349.91999999999996,350.34999999999997,349.82,350.07,417
2026-08-11T15:20:00+00:00,350.07,350.27,349.88,350.08,319
2026-08-11T15:25:00+00:00,350.08,350.4,349.87,349.87,459
2026-08-11T15:30:00+00:00,349.87,349.93,349.01,349.03999999999996,574
2026-08-11T15:35:00+00:00,349.03999999999996,349.18,348.78999999999996,348.82,535
2026-08-11T15:40:00+00:00,348.82,348.88,348.53999999999996,348.56,500
2026-08-11T15:45:00+00:00,348.56,348.83,348.05,348.24,504
2026-08-11T15:50:00+00:00,348.24,348.40999999999997,347.95,348.28999999999996,510
2026-08-11T15:55:00+00:00,348.28999999999996,348.74,348.21999999999997,348.62,397
2026-08-11T16:00:00+00:00,348.62,348.96,348.09,348.28,548
2026-08-11T16:05:00+00:00,348.28,348.91999999999996,348.27,348.75,470
2026-08-11T16:10:00+00:00,348.75,348.96,348.53,348.76,408
2026-08-11T16:15:00+00:00,348.76,349.09,348.75,348.8,417
2026-08-11T16:20:00+00:00,348.8,348.96999999999997,348.64,348.74,312
2026-08-11T16:25:00+00:00,348.74,349.16999999999996,348.57,349.12,494
2026-08-11T16:30:00+00:00,349.12,349.15999999999997,348.7,348.84,354
2026-08-11T16:35:00+00:00,348.84,349,348.68,348.81,357
2026-08-11T16:40:00+00:00,348.81,348.81,348.09999999999997,348.09999999999997,314
2026-08-11T16:45:00+00:00,348.09999999999997,348.14,347.64,347.71999999999997,682
2026-08-11T16:50:00+00:00,347.71999999999997,348.16999999999996,347.57,347.84999999999997,658
2026-08-11T16:55:00+00:00,347.84999999999997,347.90999999999997,347.21999999999997,347.25,632
2026-08-11T17:00:00+00:00,347.25,347.38,346.46,346.46999999999997,823
2026-08-11T17:05:00+00:00,346.46999999999997,346.76,346.26,346.71999999999997,701
2026-08-11T17:10:00+00:00,346.71999999999997,346.87,346.12,346.14,475
2026-08-11T17:15:00+00:00,346.14,346.18,345.68,345.99,797
2026-08-11T17:20:00+00:00,345.99,346.22999999999996,345.71999999999997,346.16999999999996,480
2026-08-11T17:25:00+00:00,346.16999999999996,346.26,345.93,346.03,419
2026-08-11T17:30:00+00:00,346.03,346.24,345.62,346.24,398
2026-08-11T17:35:00+00:00,346.24,346.53999999999996,346.15,346.27,376
2026-08-11T17:40:00+00:00,346.27,346.82,346.13,346.72999999999996,423
2026-08-11T17:45:00+00:00,346.72999999999996,346.78,346.28999999999996,346.34999999999997,383
2026-08-11T17:50:00+00:00,346.34999999999997,346.40999999999997,346.19,346.21999999999997,326
2026-08-11T17:55:00+00:00,346.21999999999997,346.3,346.03999999999996,346.19,354
2026-08-11T18:00:00+00:00,346.19,346.25,345.89,346.13,317
2026-08-11T18:05:00+00:00,346.13,346.37,345.71999999999997,345.78,405
2026-08-11T18:10:00+00:00,345.78,345.78999999999996,345.59,345.65,369
2026-08-11T18:15:00+00:00,345.65,345.77,345.58,345.71,339
2026-08-11T18:20:00+00:00,345.71,345.72999999999996,345.32,345.56,396
2026-08-11T18:25:00+00:00,345.56,345.57,345.02,345.14,359
2026-08-11T18:30:00+00:00,345.14,345.27,345.03,345.07,461
2026-08-11T18:35:00+00:00,345.07,345.14,344.91999999999996,344.95,454
2026-08-11T18:40:00+00:00,344.95,345.02,343.89,344.03999999999996,774
2026-08-11T18:45:00+00:00,344.03999999999996,344.24,343.84999999999997,344.16999999999996,699
2026-08-11T18:50:00+00:00,344.16999999999996,344.22999999999996,343.93,344.08,568
2026-08-11T18:55:00+00:00,344.08,344.11,343.76,343.87,777
2026-08-11T19:00:00+00:00,343.87,344.09,343.76,344,725
2026-08-11T19:05:00+00:00,344,344.36,344,344.21,787
2026-08-11T19:10:00+00:00,344.21,344.33,343.91999999999996,344.27,945
2026-08-11T19:15:00+00:00,344.27,344.46,343.82,343.82,496
2026-08-11T19:20:00+00:00,343.82,343.95,343.41999999999996,343.66999999999996,482
2026-08-11T19:25:00+00:00,343.66999999999996,343.95,343.55,343.55,425
2026-08-11T19:30:00+00:00,343.55,343.59,343.11,343.12,588
2026-08-11T19:35:00+00:00,343.12,343.69,343.03999999999996,343.45,519
2026-08-11T19:40:00+00:00,343.45,343.64,343.31,343.53,373
2026-08-11T19:45:00+00:00,343.53,343.53999999999996,343.2,343.41999999999996,472
2026-08-11T19:50:00+00:00,343.41999999999996,343.63,342.84999999999997,343.53,874
2026-08-11T19:55:00+00:00,343.53,343.53,342.58,342.96,1196
2026-08-12T13:30:00+00:00,342.96,345.38,342.21999999999997,342.65999999999997,817
2026-08-12T13:35:00+00:00,342.65999999999997,343.40999999999997,341.62,342.46999999999997,1031
2026-08-12T13:40:00+00:00,342.46999999999997,343.52,342.27,342.75,775
2026-08-12T13:45:00+00:00,342.75,343.09999999999997,342.15999999999997,342.96999999999997,827
2026-08-12T13:50:00+00:00,342.96999999999997,343.09,342.3,342.74,948
2026-08-12T13:55:00+00:00,342.74,343.52,342.26,342.71999999999997,873
2026-08-12T14:00:00+00:00,342.71999999999997,343.64,340.84,341.09999999999997,948
2026-08-12T14:05:00+00:00,341.09999999999997,342.46999999999997,340.84999999999997,342.2,797
2026-08-12T14:10:00+00:00,342.2,342.65999999999997,341.82,342.28,678
2026-08-12T14:15:00+00:00,342.28,342.34999999999997,341.52,341.53999999999996,627
2026-08-12T14:20:00+00:00,341.53999999999996,341.86,341.24,341.86,629
2026-08-12T14:25:00+00:00,341.86,342.18,341.65,341.68,612
2026-08-12T14:30:00+00:00,341.68,342.16999999999996,341.22999999999996,341.88,721
2026-08-12T14:35:00+00:00,341.88,342.84999999999997,341.77,342.66999999999996,645
2026-08-12T14:40:00+00:00,342.66999999999996,342.69,341.9,342.03999999999996,560
2026-08-12T14:45:00+00:00,342.03999999999996,342.15,341.27,341.65,642
2026-08-12T14:50:00+00:00,341.65,341.90999999999997,341.18,341.49,664
2026-08-12T14:55:00+00:00,341.49,342.02,-1442.3999999999999,-1442.1399999999999,631.3544759334233
2026-08-12T15:00:00+00:00,341.62,342.32,341.13,341.28,795
2026-08-12T15:05:00+00:00,341.28,341.32,340.33,340.79,765
2026-08-12T15:10:00+00:00,340.79,341.06,340.54,340.85,510
2026-08-12T15:15:00+00:00,340.85,341.3,340.83,340.9,459
2026-08-12T15:20:00+00:00,340.9,341.04,340.73,340.78,499
2026-08-12T15:25:00+00:00,340.78,341.12,340.65,340.99,607
2026-08-12T15:30:00+00:00,340.99,341.05,340.48,340.61,576
2026-08-12T15:35:00+00:00,340.61,340.94,340.58,340.7,458
2026-08-12T15:40:00+00:00,340.7,341.41,340.68,341.09,437
2026-08-12T15:45:00+00:00,341.09,341.23,340.68,340.89,487
2026-08-12T15:50:00+00:00,340.89,341.04,340.58,340.58,510
2026-08-12T15:55:00+00:00,340.58,340.71,340.24,340.29,622
2026-08-12T16:00:00+00:00,340.29,340.36,339.96,340.1,481
2026-08-12T16:05:00+00:00,340.1,340.15,339.78,339.91,617
2026-08-12T16:10:00+00:00,339.91,340.25,339.68,340.15,472
2026-08-12T16:15:00+00:00,340.15,340.17,339.91,340.08,439
2026-08-12T16:20:00+00:00,340.08,340.94,340.08,340.85,498
2026-08-12T16:25:00+00:00,340.85,341.37,340.8,341.34,434
2026-08-12T16:30:00+00:00,341.34,341.62,340.8,340.81,643
2026-08-12T16:35:00+00:00,340.81,341.53,340.8,341.53,421
2026-08-12T16:40:00+00:00,341.53,341.72,341.4,341.66,472
2026-08-12T16:45:00+00:00,341.66,342,341.47,341.91,427
2026-08-12T16:50:00+00:00,341.91,342.16,341.83,341.99,382
2026-08-12T16:55:00+00:00,341.99,342.05,341.65,341.69,367
2026-08-12T17:00:00+00:00,341.69,341.94,341.58,341.8,324
2026-08-12T17:05:00+00:00,341.8,341.87,341.68,341.83,220
2026-08-12T17:10:00+00:00,341.83,341.98,341.61,341.91,270
2026-08-12T17:15:00+00:00,341.91,342.01,341.58,341.59,340
2026-08-12T17:20:00+00:00,341.59,341.83,341.38,341.45,329
2026-08-12T17:25:00+00:00,341.45,341.56,341.38,341.51,255
2026-08-12T17:30:00+00:00,341.51,342.45,341.19,341.54,729
2026-08-12T17:35:00+00:00,341.54,341.83,341.24,341.25,649
2026-08-12T17:40:00+00:00,341.25,341.34,340.68,340.7,465
2026-08-12T17:45:00+00:00,340.7,340.91,340.33,340.39,451
2026-08-12T17:50:00+00:00,340.39,340.48,340.12,340.27,421
2026-08-12T17:55:00+00:00,340.27,340.41,340.08,340.27,356
2026-08-12T18:00:00+00:00,340.27,341.01,340.23,340.96,402
2026-08-12T18:05:00+00:00,340.96,341.03,340.7,340.79,335
2026-08-12T18:10:00+00:00,340.79,341.21,340.79,341.15,334
2026-08-12T18:15:00+00:00,341.15,341.25,340.98,341.24,335
2026-08-12T18:20:00+00:00,341.24,341.94,341.03,341.88,400
2026-08-12T18:25:00+00:00,341.88,341.94,341.53,341.6,584
2026-08-12T18:30:00+00:00,341.6,342.06,341.54,341.95,590
2026-08-12T18:35:00+00:00,341.95,342.21,341.77,342.18,687
2026-08-12T18:40:00+00:00,342.18,342.41,342.09,342.4,619
2026-08-12T18:45:00+00:00,342.4,342.46,342.05,342.06,647
2026-08-12T18:50:00+00:00,342.06,342.33,342.05,342.22,467
2026-08-12T18:55:00+00:00,342.22,342.4,342.11,342.29,326
2026-08-12T19:00:00+00:00,342.29,342.68,342.28,342.59,384
2026-08-12T19:05:00+00:00,342.59,342.75,342.36,342.69,434
2026-08-12T19:10:00+00:00,342.69,342.82,342.57,342.72,458
2026-08-12T19:15:00+00:00,342.72,342.73,342.23,342.42,341
2026-08-12T19:20:00+00:00,342.42,342.6,342.29,342.6,335
2026-08-12T19:25:00+00:00,342.6,342.74,342.38,342.42,256
2026-08-12T19:30:00+00:00,342.42,342.8,341.99,342.32,539
2026-08-12T19:35:00+00:00,342.32,342.43,341.91,342.31,435
2026-08-12T19:40:00+00:00,342.31,343.19,342.2,343.13,503
2026-08-12T19:45:00+00:00,343.13,343.36,342.47,342.93,645
2026-08-12T19:50:00+00:00,342.93,342.94,342.14,342.25,676
2026-08-12T19:55:00+00:00,342.25,342.44,341.9,342.36,1275
2026-08-13T13:30:00+00:00,342.36,344.98,342.36,343.67,677
2026-08-13T13:35:00+00:00,343.67,344.22,342.88,343.84,619
2026-08-13T13:40:00+00:00,343.84,343.98,342.97,343.14,811
2026-08-13T13:45:00+00:00,343.14,344.32,343.04,344.19,700
2026-08-13T13:50:00+00:00,344.19,344.23,343.44,343.7,865
2026-08-13T13:55:00+00:00,343.7,343.89,343.5,343.57,695
2026-08-13T14:00:00+00:00,343.57,344.25,343.38,343.92,904
2026-08-13T14:05:00+00:00,343.92,344.41,343.77,344.41,752
2026-08-13T14:10:00+00:00,344.41,344.61,343.22,343.82,811
2026-08-13T14:15:00+00:00,343.82,345.2,343.8,345.16,822
2026-08-13T14:20:00+00:00,345.16,345.65,344.54,344.59,861
2026-08-13T14:25:00+00:00,344.59,344.66,343.62,343.9,673
2026-08-13T14:30:00+00:00,343.9,344.89,343.69,344.84,703
2026-08-13T14:35:00+00:00,344.84,345.08,344.27,344.61,580
2026-08-13T14:40:00+00:00,344.61,344.77,344.13,344.2,537
2026-08-13T14:45:00+00:00,344.2,344.22,343.49,343.66,597
2026-08-13T14:50:00+00:00,343.66,343.96,343.51,343.79,461
2026-08-13T14:55:00+00:00,343.79,344.43,343.63,344.31,634
2026-08-13T15:00:00+00:00,344.31,344.4,343.89,343.9,603
2026-08-13T15:05:00+00:00,343.9,344.24,343.73,344.18,554
2026-08-13T15:10:00+00:00,344.18,344.19,343.58,343.8,504
2026-08-13T15:15:00+00:00,343.8,343.9,343.38,343.7,556
2026-08-13T15:20:00+00:00,343.7,343.7,342.95,343.32,642
2026-08-13T15:25:00+00:00,343.32,343.41,342.28,342.51,875
2026-08-13T15:30:00+00:00,342.51,342.58,342.25,342.32,634
2026-08-13T15:35:00+00:00,342.32,342.9,342.28,342.77,674
2026-08-13T15:40:00+00:00,342.77,342.97,342.57,342.67,618
2026-08-13T15:45:00+00:00,342.67,343.24,342.66,343.15,448
2026-08-13T15:50:00+00:00,343.15,343.36,342.96,342.96,467
2026-08-13T15:55:00+00:00,342.96,343.36,342.96,343.25,409
2026-08-13T16:00:00+00:00,343.25,343.74,342.94,343.45,473
2026-08-13T16:05:00+00:00,343.45,343.65,343.28,343.45,447
2026-08-13T16:10:00+00:00,343.45,343.68,343.44,343.53,304
2026-08-13T16:15:00+00:00,343.53,343.99,343.34,343.99,373
2026-08-13T16:20:00+00:00,343.99,344.06,343.64,343.99,426
2026-08-13T16:25:00+00:00,343.99,344.24,343.98,344.08,371
2026-08-13T16:30:00+00:00,344.08,344.39,344.04,344.21,402
2026-08-13T16:35:00+00:00,344.21,344.21,343.74,343.97,325
2026-08-13T16:40:00+00:00,343.97,344.1,343.8,343.99,297
2026-08-13T16:45:00+00:00,343.99,344.17,343.88,344.02,315
2026-08-13T16:50:00+00:00,344.02,344.66,343.93,344.59,345
2026-08-13T16:55:00+00:00,344.59,344.7,344.01,344.02,417
2026-08-13T17:00:00+00:00,344.02,344.57,343.78,343.89,609
2026-08-13T17:05:00+00:00,343.89,344.22,343.73,344.17,357
2026-08-13T17:10:00+00:00,344.17,344.22,343.89,343.97,282
2026-08-13T17:15:00+00:00,343.97,344,343.5,343.56,315
2026-08-13T17:20:00+00:00,343.56,343.64,343.39,343.54,328
2026-08-13T17:25:00+00:00,343.54,343.81,343.51,343.64,360
2026-08-13T17:30:00+00:00,343.64,343.81,343.63,343.65,268
2026-08-13T17:35:00+00:00,343.65,343.81,343.58,343.67,304
2026-08-13T17:40:00+00:00,343.67,343.77,343.58,343.59,293
2026-08-13T17:45:00+00:00,343.59,343.79,343.58,343.64,266
2026-08-13T17:50:00+00:00,343.64,343.85,343.58,343.79,311
2026-08-13T17:55:00+00:00,343.79,343.9,343.69,343.82,311
2026-08-13T18:00:00+00:00,343.82,344.11,343.71,344.11,334
2026-08-13T18:05:00+00:00,344.11,344.35,343.99,344.35,390
2026-08-13T18:10:00+00:00,344.35,344.55,344.22,344.49,362
2026-08-13T18:15:00+00:00,344.49,344.5,343.89,344.06,226
2026-08-13T18:20:00+00:00,344.06,344.06,343.79,343.87,386
2026-08-13T18:25:00+00:00,343.87,344.32,343.8,344.25,444
2026-08-13T18:30:00+00:00,344.25,344.48,343.93,344.04,495
2026-08-13T18:35:00+00:00,344.04,344.09,343.63,343.74,341
2026-08-13T18:40:00+00:00,343.74,343.91,343.61,343.65,409
2026-08-13T18:45:00+00:00,343.65,343.75,343.42,343.51,242
2026-08-13T18:50:00+00:00,343.51,343.79,343.43,343.68,347
2026-08-13T18:55:00+00:00,343.68,343.86,343.53,343.55,498
2026-08-13T19:00:00+00:00,343.55,343.72,343.35,343.72,501
2026-08-13T19:05:00+00:00,343.72,343.86,343.63,343.85,424
2026-08-13T19:10:00+00:00,343.85,344,343.63,343.67,459
2026-08-13T19:15:00+00:00,343.67,343.97,343.55,343.7,483
2026-08-13T19:20:00+00:00,343.7,343.9,343.52,343.66,463
2026-08-13T19:25:00+00:00,343.66,344,343.66,343.7,693
2026-08-13T19:30:00+00:00,343.7,343.96,343.69,343.78,770
2026-08-13T19:35:00+00:00,343.78,343.92,343.63,343.85,683
2026-08-13T19:40:00+00:00,343.85,343.91,343.68,343.87,555
2026-08-13T19:45:00+00:00,343.87,343.91,343.63,343.72,662
2026-08-13T19:50:00+00:00,343.72,344.5,343.53,344.12,708
2026-08-13T19:55:00+00:00,344.12,344.12,342.99,343.83,1655
2026-08-14T13:30:00+00:00,343.83,347.3,343.69,347.06,939
2026-08-14T13:35:00+00:00,347.06,347.75,345.96,346.74,856
2026-08-14T13:40:00+00:00,346.74,346.74,345.39,345.7,559
2026-08-14T13:45:00+00:00,345.7,346.27,345.39,345.71,925
2026-08-14T13:50:00+00:00,345.71,345.71,344.78,345.55,928
2026-08-14T13:55:00+00:00,345.55,345.81,345.29,345.35,597
2026-08-14T14:00:00+00:00,345.35,345.36,344.53,344.88,669
2026-08-14T14:05:00+00:00,344.88,345.67,344.7,345.24,541
2026-08-14T14:10:00+00:00,345.24,345.9,345.08,345.21,699
2026-08-14T14:15:00+00:00,345.21,345.89,345.19,345.73,511
2026-08-14T14:20:00+00:00,345.73,345.96,344.12,344.28,725
2026-08-14T14:25:00+00:00,344.28,344.66,343.78,343.89,666
2026-08-14T14:30:00+00:00,343.89,344.03,342.99,343.1,788
2026-08-14T14:35:00+00:00,343.1,344.16,343.1,344.12,714
2026-08-14T14:40:00+00:00,344.12,344.12,343.59,343.81,586
2026-08-14T14:45:00+00:00,343.81,343.99,343.41,343.46,599
2026-08-14T14:50:00+00:00,343.46,344.1,343.41,344.02,534
2026-08-14T14:55:00+00:00,344.02,344.09,343.31,343.31,509
2026-08-14T15:00:00+00:00,343.31,343.4,343.04,343.4,538
2026-08-14T15:05:00+00:00,343.4,343.49,343.18,343.4,510
2026-08-14T15:10:00+00:00,343.4,343.44,343.01,343.01,405
2026-08-14T15:15:00+00:00,343.01,343.04,342.64,342.91,647
2026-08-14T15:20:00+00:00,342.91,343.16,342.51,343.05,606
2026-08-14T15:25:00+00:00,343.05,343.19,342.44,342.82,699
2026-08-14T15:30:00+00:00,342.82,342.82,342.26,342.39,639
2026-08-14T15:35:00+00:00,342.39,342.85,342.39,342.67,493
2026-08-14T15:40:00+00:00,342.67,342.89,342.54,342.8,483
2026-08-14T15:45:00+00:00,342.8,342.97,342.5,342.6,376
2026-08-14T15:50:00+00:00,342.6,342.95,342.53,342.9,394
2026-08-14T15:55:00+00:00,342.9,343.02,342.73,342.9,350
2026-08-14T16:00:00+00:00,342.9,342.94,342.64,342.7,434
2026-08-14T16:05:00+00:00,342.7,342.84,342.4,342.51,473
2026-08-14T16:10:00+00:00,342.51,342.62,342.26,342.5,472
2026-08-14T16:15:00+00:00,342.5,342.72,342.31,342.54,532
2026-08-14T16:20:00+00:00,342.54,342.95,342.48,342.71,450
2026-08-14T16:25:00+00:00,342.71,342.95,342.66,342.71,450
2026-08-14T16:30:00+00:00,342.71,342.78,342.48,342.49,548
2026-08-14T16:35:00+00:00,342.49,342.76,342.4,342.67,562
2026-08-14T16:40:00+00:00,342.67,342.8,342.58,342.65,640
2026-08-14T16:45:00+00:00,342.65,342.69,342.31,342.31,488
2026-08-14T16:50:00+00:00,342.31,342.56,342.22,342.51,731
2026-08-14T16:55:00+00:00,342.51,342.59,342.33,342.45,538
2026-08-14T17:00:00+00:00,342.45,342.83,342.4,342.78,467
2026-08-14T17:05:00+00:00,342.78,342.88,342.41,342.41,353
2026-08-14T17:10:00+00:00,342.41,342.76,342.33,342.76,354
2026-08-14T17:15:00+00:00,342.76,342.83,342.58,342.61,217
2026-08-14T17:20:00+00:00,342.61,342.72,342.38,342.39,283
2026-08-14T17:25:00+00:00,342.39,342.47,342.21,342.22,268
2026-08-14T17:30:00+00:00,342.22,342.3,342.03,342.18,395
2026-08-14T17:35:00+00:00,342.18,342.18,341.93,342.11,334
2026-08-14T17:40:00+00:00,342.11,342.21,341.98,342,314
2026-08-14T17:45:00+00:00,342,342.27,342,342.19,297
2026-08-14T17:50:00+00:00,342.19,342.23,342,342,303
2026-08-14T17:55:00+00:00,342,342.38,341.98,342.28,306
2026-08-14T18:00:00+00:00,342.28,342.5,342.12,342.45,357
2026-08-14T18:05:00+00:00,342.45,342.55,342.31,342.32,393
2026-08-14T18:10:00+00:00,342.32,342.65,342.18,342.56,359
2026-08-14T18:15:00+00:00,342.56,342.79,342.53,342.58,324
2026-08-14T18:20:00+00:00,342.58,342.59,342.38,342.48,265
2026-08-14T18:25:00+00:00,342.48,342.54,342.33,342.44,267
2026-08-14T18:30:00+00:00,342.44,342.75,342.43,342.58,376
2026-08-14T18:35:00+00:00,342.58,342.73,342.48,342.62,263
2026-08-14T18:40:00+00:00,342.62,342.9,342.61,342.76,288
2026-08-14T18:45:00+00:00,342.76,342.89,342.67,342.79,254
2026-08-14T18:50:00+00:00,342.79,343.03,342.79,342.92,246
2026-08-14T18:55:00+00:00,342.92,343.14,342.92,343,232
2026-08-14T19:00:00+00:00,343,343.3,342.88,343.11,236
2026-08-14T19:05:00+00:00,343.11,343.28,342.88,343.19,305
2026-08-14T19:10:00+00:00,343.19,343.27,342.92,343.17,278
2026-08-14T19:15:00+00:00,343.17,343.23,342.97,343.09,239
2026-08-14T19:20:00+00:00,343.09,343.16,342.96,343.05,247
2026-08-14T19:25:00+00:00,343.05,343.16,342.88,342.9,275
2026-08-14T19:30:00+00:00,342.9,343.02,342.74,342.79,347
2026-08-14T19:35:00+00:00,342.79,342.9,342.71,342.79,301
2026-08-14T19:40:00+00:00,342.79,342.86,342.59,342.59,351
2026-08-14T19:45:00+00:00,342.59,342.73,342.4,342.67,567
2026-08-14T19:50:00+00:00,342.67,343.39,342.67,343.35,576
2026-08-14T19:55:00+00:00,343.35,343.59,342.77,343.41,1034
2026-08-17T13:30:00+00:00,343.41,344.67,341.59,342.38,913
2026-08-17T13:35:00+00:00,342.38,343.51,341.89,343.04,1265
2026-08-17T13:40:00+00:00,343.04,343.54,341.6,342.05,1157
2026-08-17T13:45:00+00:00,342.05,342.81,342.03,342.41,1001
2026-08-17T13:50:00+00:00,342.41,343.25,342.26,343.09,730
2026-08-17T13:55:00+00:00,343.09,343.21,341.56,341.93,665
2026-08-17T14:00:00+00:00,341.93,342.31,341.66,342.26,665
2026-08-17T14:05:00+00:00,342.26,342.5,341.73,342.17,581
2026-08-17T14:10:00+00:00,342.17,342.54,342.04,342.49,513
2026-08-17T14:15:00+00:00,342.49,342.72,342.19,342.25,424
2026-08-17T14:20:00+00:00,342.25,342.31,341.18,341.23,511
2026-08-17T14:25:00+00:00,341.23,341.46,340.88,341.18,590
2026-08-17T14:30:00+00:00,341.18,341.22,340.88,341,581
2026-08-17T14:35:00+00:00,341,341.04,340.6,340.63,590
2026-08-17T14:40:00+00:00,340.63,340.99,340.48,340.74,471
2026-08-17T14:45:00+00:00,340.74,340.77,340.16,340.29,419
2026-08-17T14:50:00+00:00,340.29,340.29,339.58,339.69,491
2026-08-17T14:55:00+00:00,339.69,340.54,339.41,340.39,530
2026-08-17T15:00:00+00:00,340.39,340.76,340.35,340.56,630
2026-08-17T15:05:00+00:00,340.56,340.94,340.5,340.79,566
2026-08-17T15:10:00+00:00,340.79,341.32,340.68,341.21,447
2026-08-17T15:15:00+00:00,341.21,341.82,341.11,341.47,642
2026-08-17T15:20:00+00:00,341.47,341.59,341.13,341.23,579
2026-08-17T15:25:00+00:00,341.23,341.37,340.96,341.33,488
2026-08-17T15:30:00+00:00,341.33,341.38,340.96,341.1,527
2026-08-17T15:35:00+00:00,341.1,341.3,340.99,341.17,379
2026-08-17T15:40:00+00:00,341.17,341.42,340.98,341.36,450
2026-08-17T15:45:00+00:00,341.36,341.58,340.99,341.41,635
2026-08-17T15:50:00+00:00,341.41,341.84,341.21,341.32,536
2026-08-17T15:55:00+00:00,341.32,341.41,341.2,341.3,347
2026-08-17T16:00:00+00:00,341.3,341.36,340.95,340.96,284
2026-08-17T16:05:00+00:00,340.96,340.97,340.53,340.62,441
2026-08-17T16:10:00+00:00,340.62,341.28,340.53,341.17,610
2026-08-17T16:15:00+00:00,341.17,341.71,341.16,341.65,589
2026-08-17T16:20:00+00:00,341.65,341.89,341.38,341.51,583
2026-08-17T16:25:00+00:00,341.51,341.82,341.29,341.76,482
2026-08-17T16:30:00+00:00,341.76,341.98,341.4,341.49,381
2026-08-17T16:35:00+00:00,341.49,341.5,340.99,341.1,428
2026-08-17T16:40:00+00:00,341.1,341.12,340.81,340.85,278
2026-08-17T16:45:00+00:00,340.85,340.99,340.7,340.84,346
2026-08-17T16:50:00+00:00,340.84,340.84,340.58,340.72,285
2026-08-17T16:55:00+00:00,340.72,340.75,340.28,340.37,252
2026-08-17T17:00:00+00:00,340.37,340.37,340.03,340.17,339
2026-08-17T17:05:00+00:00,340.17,340.39,340.03,340.27,455
2026-08-17T17:10:00+00:00,340.27,340.72,340.25,340.52,319
2026-08-17T17:15:00+00:00,340.52,341.13,340.47,341.04,324
2026-08-17T17:20:00+00:00,341.04,341.23,340.76,340.77,462
2026-08-17T17:25:00+00:00,340.77,340.93,340.5,340.58,271
2026-08-17T17:30:00+00:00,340.58,340.76,340.48,340.63,234
2026-08-17T17:35:00+00:00,340.63,340.78,340.48,340.54,186
2026-08-17T17:40:00+00:00,340.54,340.82,340.49,340.77,302
2026-08-17T17:45:00+00:00,340.77,340.98,340.66,340.66,263
2026-08-17T17:50:00+00:00,340.66,340.71,340.48,340.54,292
2026-08-17T17:55:00+00:00,340.54,340.55,340.23,340.28,312
2026-08-17T18:00:00+00:00,340.28,340.5,340.2,340.39,361
2026-08-17T18:05:00+00:00,340.39,340.77,340.36,340.75,320
2026-08-17T18:10:00+00:00,340.75,341.31,340.75,341.18,446
2026-08-17T18:15:00+00:00,341.18,341.18,340.84,341.04,318
2026-08-17T18:20:00+00:00,341.04,341.29,341.04,341.26,227
2026-08-17T18:25:00+00:00,341.26,341.42,341.04,341.1,265
2026-08-17T18:30:00+00:00,341.1,341.36,341.1,341.28,341
2026-08-17T18:35:00+00:00,341.28,341.51,341.28,341.41,302
2026-08-17T18:40:00+00:00,341.41,341.54,341.26,341.26,237
2026-08-17T18:45:00+00:00,341.26,341.44,341.26,341.28,220
2026-08-17T18:50:00+00:00,341.28,341.54,341.26,341.43,194
2026-08-17T18:55:00+00:00,341.43,341.43,340.94,340.95,251
2026-08-17T19:00:00+00:00,340.95,341.15,340.89,341.11,202
2026-08-17T19:05:00+00:00,341.11,341.21,340.96,341,226
2026-08-17T19:10:00+00:00,341,341.36,341,341.17,268
2026-08-17T19:15:00+00:00,341.17,341.4,341.08,341.4,255
2026-08-17T19:20:00+00:00,341.4,341.48,341.25,341.4,160
2026-08-17T19:25:00+00:00,341.4,341.46,341.22,341.28,236
2026-08-17T19:30:00+00:00,341.28,341.3,340.66,340.75,488
2026-08-17T19:35:00+00:00,340.75,341,340.68,340.86,339
2026-08-17T19:40:00+00:00,340.86,341.25,340.82,341.1,340
2026-08-17T19:45:00+00:00,341.1,341.37,340.9,341.23,434
2026-08-17T19:50:00+00:00,341.23,341.38,340.94,341.26,724
2026-08-17T19:55:00+00:00,341.26,341.53,340.95,341.33,2221
2026-08-18T13:30:00+00:00,341.33,341.33,337.39,339.04,934
2026-08-18T13:35:00+00:00,339.04,339.87,338.71,339.59,643
2026-08-18T13:40:00+00:00,339.59,340.38,339.19,339.9,1087
2026-08-18T13:45:00+00:00,339.9,340.33,339.59,340.02,1656
2026-08-18T13:50:00+00:00,340.02,340.73,339.88,340.49,1098
2026-08-18T13:55:00+00:00,340.49,340.71,339.35,339.64,1156
2026-08-18T14:00:00+00:00,339.64,340.34,339.19,339.96,867
2026-08-18T14:05:00+00:00,339.96,340.19,339.44,339.46,763
2026-08-18T14:10:00+00:00,339.46,340.14,339.08,340.12,1065
2026-08-18T14:15:00+00:00,340.12,340.78,339.88,340.66,962
2026-08-18T14:20:00+00:00,340.66,341.31,340.57,341.06,1116
2026-08-18T14:25:00+00:00,341.06,341.8,341.02,341.75,1217
2026-08-18T14:30:00+00:00,341.75,341.94,341.33,341.35,1088
2026-08-18T14:35:00+00:00,341.35,341.54,340.93,341.13,857
2026-08-18T14:40:00+00:00,341.13,341.29,340.67,340.93,949
2026-08-18T14:45:00+00:00,340.93,341.62,340.81,341.2,1040
2026-08-18T14:50:00+00:00,341.2,341.3,341.03,341.05,922
2026-08-18T14:55:00+00:00,341.05,341.19,340.66,340.74,1022
2026-08-18T15:00:00+00:00,340.74,340.87,340.28,340.45,792
2026-08-18T15:05:00+00:00,340.45,340.64,340.28,340.54,587
2026-08-18T15:10:00+00:00,340.54,340.98,340.54,340.72,735
2026-08-18T15:15:00+00:00,340.72,341.34,340.72,340.92,689
2026-08-18T15:20:00+00:00,340.92,341.06,340.6,340.66,585
2026-08-18T15:25:00+00:00,340.66,340.84,340.49,340.53,492
2026-08-18T15:30:00+00:00,340.53,340.65,340.22,340.32,603
2026-08-18T15:35:00+00:00,340.32,340.4,339.91,340.28,564
2026-08-18T15:40:00+00:00,340.28,340.54,340.16,340.4,544
2026-08-18T15:45:00+00:00,340.4,340.85,340.31,340.59,596
2026-08-18T15:50:00+00:00,340.59,340.77,340.35,340.74,524
2026-08-18T15:55:00+00:00,340.74,340.86,340.48,340.79,460
2026-08-18T16:00:00+00:00,340.79,341.29,340.76,341.17,450
2026-08-18T16:05:00+00:00,341.17,341.34,340.69,340.78,468
2026-08-18T16:10:00+00:00,340.78,340.87,340.65,340.74,508
2026-08-18T16:15:00+00:00,340.74,341.09,340.54,341.09,565
2026-08-18T16:20:00+00:00,341.09,341.53,341.02,341.41,604
2026-08-18T16:25:00+00:00,341.41,341.61,341.14,341.27,477
2026-08-18T16:30:00+00:00,341.27,341.43,341.08,341.14,493
2026-08-18T16:35:00+00:00,341.14,341.33,341.05,341.25,523
2026-08-18T16:40:00+00:00,341.25,341.32,341.01,341.07,430
2026-08-18T16:45:00+00:00,341.07,341.22,340.88,340.96,495
2026-08-18T16:50:00+00:00,340.96,341.29,340.88,341.17,332
2026-08-18T16:55:00+00:00,341.17,341.39,341.06,341.2,549
2026-08-18T17:00:00+00:00,341.2,341.24,340.99,341.08,414
2026-08-18T17:05:00+00:00,341.08,341.08,340.61,340.78,446
2026-08-18T17:10:00+00:00,340.78,340.92,340.61,340.9,483
2026-08-18T17:15:00+00:00,340.9,340.95,340.53,340.67,432
2026-08-18T17:20:00+00:00,340.67,340.75,340.51,340.58,354
2026-08-18T17:25:00+00:00,340.58,340.62,340.33,340.56,340
2026-08-18T17:30:00+00:00,340.56,340.76,340.48,340.63,487
2026-08-18T17:35:00+00:00,340.63,340.66,340.4,340.46,311
2026-08-18T17:40:00+00:00,340.46,340.96,340.46,340.86,390
2026-08-18T17:45:00+00:00,340.86,340.98,340.73,340.9,337
2026-08-18T17:50:00+00:00,340.9,341.1,340.82,340.99,345
2026-08-18T17:55:00+00:00,340.99,341.1,340.61,340.74,374
2026-08-18T18:00:00+00:00,340.74,340.77,340.53,340.63,480
2026-08-18T18:05:00+00:00,340.63,341.08,340.55,341.04,413
2026-08-18T18:10:00+00:00,341.04,341.33,340.92,341.22,356
2026-08-18T18:15:00+00:00,341.22,341.33,341.1,341.2,399
2026-08-18T18:20:00+00:00,341.2,341.45,341.16,341.4,288
2026-08-18T18:25:00+00:00,341.4,342.23,341.33,342.18,459
2026-08-18T18:30:00+00:00,342.18,342.25,341.42,341.56,452
2026-08-18T18:35:00+00:00,341.56,341.6,340.9,341.05,508
2026-08-18T18:40:00+00:00,341.05,341.13,340.6,340.63,501
2026-08-18T18:45:00+00:00,340.63,340.68,340.44,340.45,349
2026-08-18T18:50:00+00:00,340.45,340.69,340.18,340.18,402
2026-08-18T18:55:00+00:00,340.18,340.36,340.08,340.08,408
2026-08-18T19:00:00+00:00,340.08,340.43,340.08,340.28,410
2026-08-18T19:05:00+00:00,340.28,340.86,340.17,340.68,386
2026-08-18T19:10:00+00:00,340.68,341.23,340.53,341.17,414
2026-08-18T19:15:00+00:00,341.17,341.48,341.07,341.39,511
2026-08-18T19:20:00+00:00,341.39,341.65,341.31,341.56,350
2026-08-18T19:25:00+00:00,341.56,341.82,341.47,341.63,330
2026-08-18T19:30:00+00:00,341.63,342.24,341.63,341.81,427
2026-08-18T19:35:00+00:00,341.81,341.94,341.59,341.8,511
2026-08-18T19:40:00+00:00,341.8,341.94,341.67,341.76,381
2026-08-18T19:45:00+00:00,341.76,341.98,341.53,341.56,518
2026-08-18T19:50:00+00:00,341.56,341.65,341.17,341.34,1036
2026-08-18T19:55:00+00:00,341.34,341.63,340.91,341.37,2532
2026-08-19T13:30:00+00:00,341.37,341.48,338.21,338.9,1400
2026-08-19T13:35:00+00:00,338.9,340.6,338.69,340.05,1872
2026-08-19T13:40:00+00:00,340.05,340.46,338.76,338.95,1713
2026-08-19T13:45:00+00:00,338.95,339.34,337.91,338.39,1802
2026-08-19T13:50:00+00:00,338.39,339.94,338.37,339.81,2236
2026-08-19T13:55:00+00:00,339.81,340.12,339.22,339.28,1784
2026-08-19T14:00:00+00:00,339.28,339.78,338.91,339.5,1665
2026-08-19T14:05:00+00:00,339.5,340.48,339.28,340.37,1516
2026-08-19T14:10:00+00:00,340.37,341.65,340.33,340.65,1580
2026-08-19T14:15:00+00:00,340.65,340.83,340.12,340.52,1725
2026-08-19T14:20:00+00:00,340.52,340.88,340.27,340.34,1530
2026-08-19T14:25:00+00:00,340.34,340.64,339.79,339.95,1397
2026-08-19T14:30:00+00:00,339.95,340.47,339.69,340.06,1015
2026-08-19T14:35:00+00:00,340.06,340.65,339.94,340.47,1039
2026-08-19T14:40:00+00:00,340.47,341.52,340.4,340.93,1067
2026-08-19T14:45:00+00:00,340.93,341.67,340.88,341.25,1124
2026-08-19T14:50:00+00:00,341.25,342.34,341.22,342.3,945
2026-08-19T14:55:00+00:00,342.3,342.76,-1441.4699999999998,-1441.37,1099.31330519769
2026-08-19T15:00:00+00:00,342.4,342.98,342.07,342.56,966
2026-08-19T15:05:00+00:00,342.56,342.92,341.41,341.62,764
2026-08-19T15:10:00+00:00,341.62,342.11,341.17,341.56,757
2026-08-19T15:15:00+00:00,341.56,342.34,341.38,342.3,727
2026-08-19T15:20:00+00:00,342.3,342.34,341.52,341.78,841
2026-08-19T15:25:00+00:00,341.78,341.93,341.56,341.78,560
2026-08-19T15:30:00+00:00,341.78,342.16,341.68,341.94,468
2026-08-19T15:35:00+00:00,341.94,342.18,341.85,342.17,445
2026-08-19T15:40:00+00:00,342.17,342.27,341.82,341.98,461
2026-08-19T15:45:00+00:00,341.98,342.63,341.92,342.46,510
2026-08-19T15:50:00+00:00,342.46,342.52,342.02,342.17,514
2026-08-19T15:55:00+00:00,342.17,342.17,341.51,341.6,548
2026-08-19T16:00:00+00:00,341.6,342,341.57,342,491
2026-08-19T16:05:00+00:00,342,342.36,341.71,342.28,524
2026-08-19T16:10:00+00:00,342.28,343.05,342.18,342.93,786
2026-08-19T16:15:00+00:00,342.93,343.32,342.82,343.13,1042
2026-08-19T16:20:00+00:00,343.13,343.37,342.98,343.18,829
2026-08-19T16:25:00+00:00,343.18,343.21,342.29,342.36,591
2026-08-19T16:30:00+00:00,342.36,342.7,342.32,342.53,785
2026-08-19T16:35:00+00:00,342.53,342.55,341.79,341.81,483
2026-08-19T16:40:00+00:00,341.81,342.01,341.59,341.59,499
2026-08-19T16:45:00+00:00,341.59,341.61,341.26,341.3,446
2026-08-19T16:50:00+00:00,341.3,341.33,341.08,341.21,365
2026-08-19T16:55:00+00:00,341.21,341.44,340.93,341.02,456
2026-08-19T17:00:00+00:00,341.02,341.43,341,341.23,392
2026-08-19T17:05:00+00:00,341.23,341.41,341.06,341.1,438
2026-08-19T17:10:00+00:00,341.1,341.46,341.1,341.29,484
2026-08-19T17:15:00+00:00,341.29,341.51,341.04,341.15,451
2026-08-19T17:20:00+00:00,341.15,341.2,340.58,340.76,602
2026-08-19T17:25:00+00:00,340.76,340.94,340.58,340.88,609
2026-08-19T17:30:00+00:00,340.88,341.03,340.48,340.5,419
2026-08-19T17:35:00+00:00,340.5,341.09,340.43,340.89,463
2026-08-19T17:40:00+00:00,340.89,341.19,340.82,340.99,408
2026-08-19T17:45:00+00:00,340.99,340.99,340.43,340.45,427
2026-08-19T17:50:00+00:00,340.45,340.95,340.29,340.77,435
2026-08-19T17:55:00+00:00,340.77,340.79,340.42,340.53,433
2026-08-19T18:00:00+00:00,340.53,341.15,340.4,340.94,620
2026-08-19T18:05:00+00:00,340.94,341.13,340.41,340.49,515
2026-08-19T18:10:00+00:00,340.49,340.94,340.49,340.8,463
2026-08-19T18:15:00+00:00,340.8,340.9,340.52,340.52,466
2026-08-19T18:20:00+00:00,340.52,340.94,340.48,340.87,434
2026-08-19T18:25:00+00:00,340.87,340.92,340.57,340.63,414
2026-08-19T18:30:00+00:00,340.63,341.01,340.57,340.96,517
2026-08-19T18:35:00+00:00,340.96,341.07,340.84,340.9,450
2026-08-19T18:40:00+00:00,340.9,340.92,340.07,340.15,576
2026-08-19T18:45:00+00:00,340.15,340.47,340.1,340.44,447
2026-08-19T18:50:00+00:00,340.44,341.06,340.28,340.96,489
2026-08-19T18:55:00+00:00,340.96,341.39,340.92,341.14,535
2026-08-19T19:00:00+00:00,341.14,341.24,340.9,341.02,587
2026-08-19T19:05:00+00:00,341.02,341.29,340.88,341.21,528
2026-08-19T19:10:00+00:00,341.21,341.54,341.19,341.29,510
2026-08-19T19:15:00+00:00,341.29,341.43,341.01,341.39,485
2026-08-19T19:20:00+00:00,341.39,341.47,341.07,341.38,452
2026-08-19T19:25:00+00:00,341.38,341.5,340.55,340.82,523
2026-08-19T19:30:00+00:00,340.82,341.35,340.72,341.27,788
2026-08-19T19:35:00+00:00,341.27,341.4,340.72,341.31,898
2026-08-19T19:40:00+00:00,341.31,341.7,341.16,341.68,780
2026-08-19T19:45:00+00:00,341.68,341.81,341.14,341.44,676
2026-08-19T19:50:00+00:00,341.44,341.83,341.13,341.48,882
2026-08-19T19:55:00+00:00,341.48,341.83,341.13,341.62,1764
2026-08-20T13:30:00+00:00,341.62,341.62,338.38,340.1,1720
2026-08-20T13:35:00+00:00,340.1,340.56,339.08,339.48,1898
2026-08-20T13:40:00+00:00,339.48,340.32,339.43,339.69,1225
2026-08-20T13:45:00+00:00,339.69,340.28,339.29,339.78,1290
2026-08-20T13:50:00+00:00,339.78,340.38,339.74,339.96,887
2026-08-20T13:55:00+00:00,339.96,340.28,339.74,340.02,836
2026-08-20T14:00:00+00:00,340.02,340.22,339.08,339.09,722
2026-08-20T14:05:00+00:00,339.09,339.25,338.48,339.09,950
2026-08-20T14:10:00+00:00,339.09,339.23,338.45,338.59,846
2026-08-20T14:15:00+00:00,338.59,338.71,337.98,338.11,981
2026-08-20T14:20:00+00:00,338.11,338.68,338.07,338.47,919
2026-08-20T14:25:00+00:00,338.47,338.69,338.28,338.41,738
2026-08-20T14:30:00+00:00,338.41,339.27,338.39,338.55,794
2026-08-20T14:35:00+00:00,338.55,339.24,338.48,339.16,541
2026-08-20T14:40:00+00:00,339.16,339.68,339.12,339.4,563
2026-08-20T14:45:00+00:00,339.4,339.51,338.61,338.63,749
2026-08-20T14:50:00+00:00,338.63,338.83,338.29,338.46,774
2026-08-20T14:55:00+00:00,338.46,338.73,337.99,338.29,714
2026-08-20T15:00:00+00:00,338.29,338.65,337.94,338.24,716
2026-08-20T15:05:00+00:00,338.24,338.36,336.98,336.98,1135
2026-08-20T15:10:00+00:00,336.98,337.14,336.28,336.51,1515
2026-08-20T15:15:00+00:00,336.51,337.27,336.38,337.09,1258
2026-08-20T15:20:00+00:00,337.09,337.38,336.74,337.19,1030
2026-08-20T15:25:00+00:00,337.19,337.48,336.74,336.8,1378
2026-08-20T15:30:00+00:00,336.8,336.8,336.21,336.35,1287
2026-08-20T15:35:00+00:00,336.35,336.55,336.05,336.31,1122
2026-08-20T15:40:00+00:00,336.31,336.75,336.3,336.49,977
2026-08-20T15:45:00+00:00,336.49,337.12,336.38,337.11,1025
2026-08-20T15:50:00+00:00,337.11,337.2,336.68,336.92,770
2026-08-20T15:55:00+00:00,336.92,336.96,336.68,336.81,500
2026-08-20T16:00:00+00:00,336.81,337.14,336.68,336.91,466
2026-08-20T16:05:00+00:00,336.91,337.44,336.89,337.31,461
2026-08-20T16:10:00+00:00,337.31,337.34,336.86,336.95,474
2026-08-20T16:15:00+00:00,336.95,337.51,336.94,337.32,452
2026-08-20T16:20:00+00:00,337.32,337.92,337.29,337.9,456
2026-08-20T16:25:00+00:00,337.9,338.26,337.88,338.14,377
2026-08-20T16:30:00+00:00,338.14,339.02,337.98,338.83,551
2026-08-20T16:35:00+00:00,338.83,339,338.77,338.92,554
2026-08-20T16:40:00+00:00,338.92,339.38,338.8,339.36,356
2026-08-20T16:45:00+00:00,339.36,339.37,339.04,339.15,432
2026-08-20T16:50:00+00:00,339.15,339.26,338.98,339.19,273
2026-08-20T16:55:00+00:00,339.19,339.21,338.69,338.88,377
2026-08-20T17:00:00+00:00,338.88,338.94,338.49,338.64,430
2026-08-20T17:05:00+00:00,338.64,338.95,338.38,338.9,400
2026-08-20T17:10:00+00:00,338.9,339.13,338.72,338.85,399
2026-08-20T17:15:00+00:00,338.85,338.97,338.32,338.32,439
2026-08-20T17:20:00+00:00,338.32,338.73,338.32,338.58,370
2026-08-20T17:25:00+00:00,338.58,338.66,338.38,338.41,312
2026-08-20T17:30:00+00:00,338.41,338.58,338.1,338.11,489
2026-08-20T17:35:00+00:00,338.11,338.18,337.98,338.13,271
2026-08-20T17:40:00+00:00,338.13,338.24,337.98,338.09,275
2026-08-20T17:45:00+00:00,338.09,338.57,338.08,338.38,267
2026-08-20T17:50:00+00:00,338.38,338.45,338.11,338.13,384
2026-08-20T17:55:00+00:00,338.13,338.42,338.1,338.23,395
2026-08-20T18:00:00+00:00,338.23,338.32,337.3,337.41,488
2026-08-20T18:05:00+00:00,337.41,337.48,337.09,337.13,419
2026-08-20T18:10:00+00:00,337.13,337.15,336.8,336.86,428
2026-08-20T18:15:00+00:00,336.86,337.41,336.82,337.3,550
2026-08-20T18:20:00+00:00,337.3,337.55,337.02,337.02,515
2026-08-20T18:25:00+00:00,337.02,337.17,336.98,336.99,482
2026-08-20T18:30:00+00:00,336.99,337.31,336.99,337.24,388
2026-08-20T18:35:00+00:00,337.24,337.65,337.19,337.37,476
2026-08-20T18:40:00+00:00,337.37,337.73,337.27,337.58,487
2026-08-20T18:45:00+00:00,337.58,337.71,337.5,337.56,448
2026-08-20T18:50:00+00:00,337.56,337.66,337.4,337.51,434
2026-08-20T18:55:00+00:00,337.51,337.63,337.4,337.43,685
2026-08-20T19:00:00+00:00,337.43,337.74,337.4,337.56,1002
2026-08-20T19:05:00+00:00,337.56,337.78,337.42,337.73,854
2026-08-20T19:10:00+00:00,337.73,338.03,337.67,337.97,728
2026-08-20T19:15:00+00:00,337.97,338.18,337.9,338.04,741
2026-08-20T19:20:00+00:00,338.04,338.27,338,338.15,593
2026-08-20T19:25:00+00:00,338.15,338.43,338.09,338.19,434
2026-08-20T19:30:00+00:00,338.19,338.61,338.19,338.23,725
2026-08-20T19:35:00+00:00,338.23,338.44,338.17,338.32,383
2026-08-20T19:40:00+00:00,338.32,338.4,338.13,338.25,337
2026-08-20T19:45:00+00:00,338.25,338.81,338.18,338.74,388
2026-08-20T19:50:00+00:00,338.74,338.74,338.07,338.4,948
2026-08-20T19:55:00+00:00,338.4,338.4,337.25,338.14,1673
2026-08-21T13:30:00+00:00,338.14,339.63,337.68,338.51,833
2026-08-21T13:35:00+00:00,338.51,339.35,338.37,339.23,994
2026-08-21T13:40:00+00:00,339.23,339.77,338.27,338.67,888
2026-08-21T13:45:00+00:00,338.67,339.57,338.57,339,846
2026-08-21T13:50:00+00:00,339,339.31,338.77,338.98,732
2026-08-21T13:55:00+00:00,338.98,339.13,338.76,338.84,663
2026-08-21T14:00:00+00:00,338.84,339.54,338.68,339.35,667
2026-08-21T14:05:00+00:00,339.35,339.75,338.98,339.15,691
2026-08-21T14:10:00+00:00,339.15,339.44,338.88,339.22,725
2026-08-21T14:15:00+00:00,339.22,340.26,339.2,339.89,746
2026-08-21T14:20:00+00:00,339.89,340.07,339.58,340.02,449
2026-08-21T14:25:00+00:00,340.02,340.08,339.48,339.59,592
2026-08-21T14:30:00+00:00,339.59,339.96,339.52,339.88,513
2026-08-21T14:35:00+00:00,339.88,340.77,339.82,340.56,593
2026-08-21T14:40:00+00:00,340.56,340.88,339.99,340.1,499
2026-08-21T14:45:00+00:00,340.1,340.36,339.98,340.31,541
2026-08-21T14:50:00+00:00,340.31,341.51,340.27,341.4,649
2026-08-21T14:55:00+00:00,341.4,341.81,341.18,341.38,685
2026-08-21T15:00:00+00:00,341.38,342.09,341.33,341.69,982
2026-08-21T15:05:00+00:00,341.69,341.97,341.23,341.23,700
2026-08-21T15:10:00+00:00,341.23,341.25,340.63,340.86,672
2026-08-21T15:15:00+00:00,340.86,341.5,340.76,341.5,546
2026-08-21T15:20:00+00:00,341.5,341.69,341.38,341.52,551
2026-08-21T15:25:00+00:00,341.52,341.57,341.25,341.41,394
2026-08-21T15:30:00+00:00,341.41,341.61,341.1,341.4,480
2026-08-21T15:35:00+00:00,341.4,341.88,341.33,341.8,494
2026-08-21T15:40:00+00:00,341.8,342.15,341.73,342.11,729
2026-08-21T15:45:00+00:00,342.11,342.26,341.86,341.89,640
2026-08-21T15:50:00+00:00,341.89,342.45,341.88,342.17,518
2026-08-21T15:55:00+00:00,342.17,342.24,341.7,341.73,494
2026-08-21T16:00:00+00:00,341.73,341.83,341.22,341.38,392
2026-08-21T16:05:00+00:00,341.38,341.77,341.33,341.62,403
2026-08-21T16:10:00+00:00,341.62,341.75,341.11,341.21,382
2026-08-21T16:15:00+00:00,341.21,341.36,340.76,340.83,324
2026-08-21T16:20:00+00:00,340.83,341.26,340.72,340.88,668
2026-08-21T16:25:00+00:00,340.88,341.23,340.83,341.18,492
2026-08-21T16:30:00+00:00,341.18,341.92,341.11,341.63,465
2026-08-21T16:35:00+00:00,341.63,342.45,341.63,342.43,410
2026-08-21T16:40:00+00:00,342.43,342.6,342.2,342.5,436
2026-08-21T16:45:00+00:00,342.5,342.57,342.15,342.26,364
2026-08-21T16:50:00+00:00,342.26,342.33,341.89,342.33,408
2026-08-21T16:55:00+00:00,342.33,342.86,342.18,342.85,342
2026-08-21T17:00:00+00:00,342.85,343.14,342.78,342.8,526
2026-08-21T17:05:00+00:00,342.8,342.86,342.38,342.4,456
2026-08-21T17:10:00+00:00,342.4,342.43,342.12,342.26,393
2026-08-21T17:15:00+00:00,342.26,342.52,342.18,342.31,372
2026-08-21T17:20:00+00:00,342.31,342.46,342.23,342.34,403
2026-08-21T17:25:00+00:00,342.34,342.39,342.08,342.09,377
2026-08-21T17:30:00+00:00,342.09,342.26,341.93,341.96,324
2026-08-21T17:35:00+00:00,341.96,342.28,341.88,342.03,347
2026-08-21T17:40:00+00:00,342.03,342.27,341.95,342.05,344
2026-08-21T17:45:00+00:00,342.05,342.15,341.94,342.03,261
2026-08-21T17:50:00+00:00,342.03,342.2,341.94,341.98,312
2026-08-21T17:55:00+00:00,341.98,342.05,341.58,341.58,262
2026-08-21T18:00:00+00:00,341.58,342.05,341.5,341.94,305
2026-08-21T18:05:00+00:00,341.94,341.94,341.48,341.6,277
2026-08-21T18:10:00+00:00,341.6,341.9,341.56,341.78,280
2026-08-21T18:15:00+00:00,341.78,341.87,341.54,341.6,303
2026-08-21T18:20:00+00:00,341.6,341.72,341.48,341.5,273
2026-08-21T18:25:00+00:00,341.5,341.58,341.38,341.42,212
2026-08-21T18:30:00+00:00,341.42,341.59,341.28,341.36,286
2026-08-21T18:35:00+00:00,341.36,341.81,341.36,341.68,278
2026-08-21T18:40:00+00:00,341.68,341.87,341.66,341.79,262
2026-08-21T18:45:00+00:00,341.79,341.91,341.69,341.78,250
2026-08-21T18:50:00+00:00,341.78,342.24,341.78,342.13,317
2026-08-21T18:55:00+00:00,342.13,342.37,342.09,342.27,283
2026-08-21T19:00:00+00:00,342.27,342.31,342.09,342.15,280
2026-08-21T19:05:00+00:00,342.15,342.39,342.14,342.39,252
2026-08-21T19:10:00+00:00,342.39,342.39,342.13,342.15,235
2026-08-21T19:15:00+00:00,342.15,342.33,342.13,342.33,223
2026-08-21T19:20:00+00:00,342.33,342.39,342.17,342.25,270
2026-08-21T19:25:00+00:00,342.25,342.61,342.25,342.42,298
2026-08-21T19:30:00+00:00,342.42,342.63,342.38,342.63,265
2026-08-21T19:35:00+00:00,342.63,343.13,342.55,342.84,307
2026-08-21T19:40:00+00:00,342.84,343.05,342.68,342.8,383
2026-08-21T19:45:00+00:00,342.8,342.85,342.53,342.58,560
2026-08-21T19:50:00+00:00,342.58,342.84,341.99,342.01,838
2026-08-21T19:55:00+00:00,342.01,342.02,340.88,341.71,1536
2026-08-24T13:30:00+00:00,341.71,344.47,339.2,344.47,1042
2026-08-24T13:35:00+00:00,344.47,344.78,342.89,343.14,1333
2026-08-24T13:40:00+00:00,343.14,344.33,342.47,342.72,1202
2026-08-24T13:45:00+00:00,342.72,344.14,342.39,343.81,1168
2026-08-24T13:50:00+00:00,343.81,344.53,343.4,343.76,1337
2026-08-24T13:55:00+00:00,343.76,344.67,343.38,344.67,1295
2026-08-24T14:00:00+00:00,344.67,345.51,344.01,344.27,1212
2026-08-24T14:05:00+00:00,344.27,344.74,343.96,344.53,851
2026-08-24T14:10:00+00:00,344.53,345.28,344.28,345.17,1276
2026-08-24T14:15:00+00:00,345.17,345.86,344.78,344.96,1581
2026-08-24T14:20:00+00:00,344.96,345.78,344.88,345.01,1204
2026-08-24T14:25:00+00:00,345.01,345.33,344.68,345.25,901
2026-08-24T14:30:00+00:00,345.25,345.84,344.74,345.12,1079
2026-08-24T14:35:00+00:00,345.12,345.72,344.89,345.51,674
2026-08-24T14:40:00+00:00,345.51,346.25,345.31,346.15,721
2026-08-24T14:45:00+00:00,346.15,346.75,346.02,346.63,950
2026-08-24T14:50:00+00:00,346.63,346.67,346.1,346.16,944
2026-08-24T14:55:00+00:00,346.16,346.37,345.9,346,736
2026-08-24T15:00:00+00:00,346,346.34,345.46,345.59,876
2026-08-24T15:05:00+00:00,345.59,346.74,345.18,346.63,885
2026-08-24T15:10:00+00:00,346.63,346.84,346.11,346.14,950
2026-08-24T15:15:00+00:00,346.14,346.67,346,346.41,717
2026-08-24T15:20:00+00:00,346.41,346.85,345.98,346.79,730
2026-08-24T15:25:00+00:00,346.79,347.38,346.57,347.21,833
2026-08-24T15:30:00+00:00,347.21,347.75,346.89,347.3,729
2026-08-24T15:35:00+00:00,347.3,347.55,346.9,347.5,578
2026-08-24T15:40:00+00:00,347.5,347.83,347.28,347.44,570
2026-08-24T15:45:00+00:00,347.44,347.75,347.28,347.49,453
2026-08-24T15:50:00+00:00,347.49,347.87,346.98,346.98,562
2026-08-24T15:55:00+00:00,346.98,347.46,346.89,347.19,501
2026-08-24T16:00:00+00:00,347.19,347.54,346.98,347.2,483
2026-08-24T16:05:00+00:00,347.2,347.37,346.92,346.92,497
2026-08-24T16:10:00+00:00,346.92,347.16,346.91,347.01,316
2026-08-24T16:15:00+00:00,347.01,347.47,346.98,347.29,510
2026-08-24T16:20:00+00:00,347.29,347.46,346.98,347.18,571
2026-08-24T16:25:00+00:00,347.18,347.53,347.07,347.35,431
2026-08-24T16:30:00+00:00,347.35,347.56,347.11,347.32,450
2026-08-24T16:35:00+00:00,347.32,347.65,347.15,347.17,496
2026-08-24T16:40:00+00:00,347.17,347.41,347.11,347.3,326
2026-08-24T16:45:00+00:00,347.3,347.7,347.24,347.6,348
2026-08-24T16:50:00+00:00,347.6,347.7,347.39,347.46,509
2026-08-24T16:55:00+00:00,347.46,347.58,347.11,347.34,443
2026-08-24T17:00:00+00:00,347.34,347.52,346.64,346.74,466
2026-08-24T17:05:00+00:00,346.74,346.75,346.25,346.42,622
2026-08-24T17:10:00+00:00,346.42,346.56,345.99,346.07,506
2026-08-24T17:15:00+00:00,346.07,346.2,345.79,346,425
2026-08-24T17:20:00+00:00,346,346.13,345.55,345.99,437
2026-08-24T17:25:00+00:00,345.99,346.02,345.59,345.65,386
2026-08-24T17:30:00+00:00,345.65,345.84,345.55,345.57,353
2026-08-24T17:35:00+00:00,345.57,345.81,345.5,345.7,328
2026-08-24T17:40:00+00:00,345.7,345.78,345.33,345.33,314
2026-08-24T17:45:00+00:00,345.33,345.37,345.13,345.17,434
2026-08-24T17:50:00+00:00,345.17,345.4,344.76,344.83,382
2026-08-24T17:55:00+00:00,344.83,345.13,344.79,344.88,363
2026-08-24T18:00:00+00:00,344.88,345.29,344.78,345.18,311
2026-08-24T18:05:00+00:00,345.18,345.42,345.06,345.3,421
2026-08-24T18:10:00+00:00,345.3,345.54,345.21,345.35,361
2026-08-24T18:15:00+00:00,345.35,345.45,345.05,345.08,371
2026-08-24T18:20:00+00:00,345.08,345.49,345.06,345.36,375
2026-08-24T18:25:00+00:00,345.36,345.5,345.23,345.43,275
2026-08-24T18:30:00+00:00,345.43,345.62,345.28,345.38,350
2026-08-24T18:35:00+00:00,345.38,345.51,344.88,344.89,329
2026-08-24T18:40:00+00:00,344.89,345.04,344.68,344.73,336
2026-08-24T18:45:00+00:00,344.73,344.84,344.46,344.63,365
2026-08-24T18:50:00+00:00,344.63,345,344.55,345,354
2026-08-24T18:55:00+00:00,345,345.22,344.86,344.97,384
2026-08-24T19:00:00+00:00,344.97,345.11,344.9,345.02,383
2026-08-24T19:05:00+00:00,345.02,345.52,345,345.23,309
2026-08-24T19:10:00+00:00,345.23,345.33,345.02,345.02,324
2026-08-24T19:15:00+00:00,345.02,345.11,344.71,344.97,332
2026-08-24T19:20:00+00:00,344.97,345.34,344.86,345.25,291
2026-08-24T19:25:00+00:00,345.25,345.48,345.23,345.36,235
2026-08-24T19:30:00+00:00,345.36,345.53,345.26,345.36,412
2026-08-24T19:35:00+00:00,345.36,345.51,345.12,345.3,441
2026-08-24T19:40:00+00:00,345.3,345.61,345.26,345.52,510
2026-08-24T19:45:00+00:00,345.52,345.58,344.64,344.72,673
2026-08-24T19:50:00+00:00,344.72,345.39,344.68,344.84,1069
2026-08-24T19:55:00+00:00,344.84,344.87,344.01,344.55,1469
2026-08-25T13:30:00+00:00,344.55,346.38,343.98,345.58,857
2026-08-25T13:35:00+00:00,345.58,346.14,344.95,345.04,862
2026-08-25T13:40:00+00:00,345.04,345.88,344.94,345.66,706
2026-08-25T13:45:00+00:00,345.66,345.89,345.21,345.45,938
2026-08-25T13:50:00+00:00,345.45,345.55,344.57,344.68,922
2026-08-25T13:55:00+00:00,344.68,344.95,344.18,344.41,780
2026-08-25T14:00:00+00:00,344.41,344.67,343.91,344.05,773
2026-08-25T14:05:00+00:00,344.05,344.4,343.62,344.38,555
2026-08-25T14:10:00+00:00,344.38,344.76,343.83,344.76,665
2026-08-25T14:15:00+00:00,344.76,344.89,344.29,344.72,523
2026-08-25T14:20:00+00:00,344.72,344.79,342.95,343.17,782
2026-08-25T14:25:00+00:00,343.17,343.48,342.76,343.06,597
2026-08-25T14:30:00+00:00,343.06,343.66,342.27,343.41,601
2026-08-25T14:35:00+00:00,343.41,343.64,343.2,343.52,483
2026-08-25T14:40:00+00:00,343.52,343.67,342.94,343.21,473
2026-08-25T14:45:00+00:00,343.21,343.48,342.9,343,443
2026-08-25T14:50:00+00:00,343,343.28,342.61,342.92,404
2026-08-25T14:55:00+00:00,342.92,343,342.48,342.57,354
2026-08-25T15:00:00+00:00,342.57,342.79,342.27,342.5,364
2026-08-25T15:05:00+00:00,342.5,342.67,341.98,342.4,565
2026-08-25T15:10:00+00:00,342.4,342.59,342.12,342.52,502
2026-08-25T15:15:00+00:00,342.52,342.79,342.48,342.66,347
2026-08-25T15:20:00+00:00,342.66,342.88,342.08,342.29,537
2026-08-25T15:25:00+00:00,342.29,342.92,342.26,342.7,389
2026-08-25T15:30:00+00:00,342.7,342.89,342.38,342.68,520
2026-08-25T15:35:00+00:00,342.68,343.29,342.51,343.18,731
2026-08-25T15:40:00+00:00,343.18,343.44,342.99,343.24,900
2026-08-25T15:45:00+00:00,343.24,343.27,342.58,342.64,965
2026-08-25T15:50:00+00:00,342.64,343.01,342.58,342.98,552
2026-08-25T15:55:00+00:00,342.98,343.22,342.91,343.04,602
2026-08-25T16:00:00+00:00,343.04,343.29,342.94,343.07,692
2026-08-25T16:05:00+00:00,343.07,343.42,342.94,343.29,439
2026-08-25T16:10:00+00:00,343.29,343.33,343.08,343.16,320
2026-08-25T16:15:00+00:00,343.16,343.26,343.04,343.08,225
2026-08-25T16:20:00+00:00,343.08,343.37,342.98,343.17,261
2026-08-25T16:25:00+00:00,343.17,343.29,343.06,343.15,323
2026-08-25T16:30:00+00:00,343.15,343.31,342.91,342.98,379
2026-08-25T16:35:00+00:00,342.98,343.33,342.89,343.33,320
2026-08-25T16:40:00+00:00,343.33,343.46,342.89,342.94,250
2026-08-25T16:45:00+00:00,342.94,343.1,342.8,342.94,364
2026-08-25T16:50:00+00:00,342.94,343.27,342.88,343.2,282
2026-08-25T16:55:00+00:00,343.2,343.89,343.2,343.81,346
2026-08-25T17:00:00+00:00,343.81,344.07,343.68,343.7,374
2026-08-25T17:05:00+00:00,343.7,343.81,343.48,343.59,371
2026-08-25T17:10:00+00:00,343.59,343.75,343.32,343.57,322
2026-08-25T17:15:00+00:00,343.57,343.74,343.44,343.74,366
2026-08-25T17:20:00+00:00,343.74,343.76,343.2,343.24,516
2026-08-25T17:25:00+00:00,343.24,343.28,342.9,342.96,428
2026-08-25T17:30:00+00:00,342.96,343.28,342.96,343.12,549
2026-08-25T17:35:00+00:00,343.12,343.3,343.08,343.25,286
2026-08-25T17:40:00+00:00,343.25,343.29,343.08,343.1,310
2026-08-25T17:45:00+00:00,343.1,343.34,343,343.22,503
2026-08-25T17:50:00+00:00,343.22,343.52,343.18,343.44,358
2026-08-25T17:55:00+00:00,343.44,343.87,343.38,343.62,320
2026-08-25T18:00:00+00:00,343.62,343.65,343.38,343.43,255
2026-08-25T18:05:00+00:00,343.43,343.49,342.88,342.88,487
2026-08-25T18:10:00+00:00,342.88,342.97,342.43,342.49,421
2026-08-25T18:15:00+00:00,342.49,342.61,342.38,342.39,338
2026-08-25T18:20:00+00:00,342.39,342.73,342.24,342.29,500
2026-08-25T18:25:00+00:00,342.29,342.58,342.22,342.55,432
2026-08-25T18:30:00+00:00,342.55,342.68,342.43,342.46,355
2026-08-25T18:35:00+00:00,342.46,342.76,342.34,342.42,286
2026-08-25T18:40:00+00:00,342.42,342.76,342.42,342.75,344
2026-08-25T18:45:00+00:00,342.75,342.94,342.67,342.67,333
2026-08-25T18:50:00+00:00,342.67,342.81,342.58,342.66,307
2026-08-25T18:55:00+00:00,342.66,342.66,342.32,342.45,295
2026-08-25T19:00:00+00:00,342.45,342.92,342.45,342.82,325
2026-08-25T19:05:00+00:00,342.82,342.86,342.41,342.53000000000003,216
2026-08-25T19:10:00+00:00,342.53000000000003,342.71,342.46,342.63,215
2026-08-25T19:15:00+00:00,342.63,342.83,342.56,342.71,178
2026-08-25T19:20:00+00:00,342.71,342.96,342.71,342.93,200
2026-08-25T19:25:00+00:00,342.93,343.05,342.82,342.95,226
2026-08-25T19:30:00+00:00,342.95,343.27,342.93,343.23,367
2026-08-25T19:35:00+00:00,343.23,343.47,343.08,343.18,334
2026-08-25T19:40:00+00:00,343.18,343.46,343.15000000000003,343.23,318
2026-08-25T19:45:00+00:00,343.23,343.71,343.14,343.43,355
2026-08-25T19:50:00+00:00,343.43,343.89,343.22,343.26,834
2026-08-25T19:55:00+00:00,343.26,343.41,342.71,343.17,966
2026-08-26T13:30:00+00:00,343.17,343.17,339.69,341.28000000000003,576
2026-08-26T13:35:00+00:00,341.28000000000003,341.41,339.71,340.05,925
2026-08-26T13:40:00+00:00,340.05,340.47,339.17,340.35,963
2026-08-26T13:45:00+00:00,340.35,340.47,339.45,340.2,927
2026-08-26T13:50:00+00:00,340.2,340.87,339.89,340.29,916
2026-08-26T13:55:00+00:00,340.29,340.37,339.54,339.93,907
2026-08-26T14:00:00+00:00,339.93,340.16,339.11,339.86,766
2026-08-26T14:05:00+00:00,339.86,340.08,339.04,339.2,765
2026-08-26T14:10:00+00:00,339.2,339.2,337.82,337.82,857
2026-08-26T14:15:00+00:00,337.82,338.47,337.58,338.03000000000003,816
2026-08-26T14:20:00+00:00,338.03000000000003,338.28000000000003,337.93,338.12,543
2026-08-26T14:25:00+00:00,338.12,338.52,337.84000000000003,338.40000000000003,571
2026-08-26T14:30:00+00:00,338.40000000000003,338.64,337.58,338.07,602
2026-08-26T14:35:00+00:00,338.07,338.83,338.01,338.46,472
2026-08-26T14:40:00+00:00,338.46,338.8,338.18,338.22,400
2026-08-26T14:45:00+00:00,338.22,338.91,338.14,338.71,492
2026-08-26T14:50:00+00:00,338.71,339.04,338.51,338.84000000000003,556
2026-08-26T14:55:00+00:00,338.84000000000003,339.34000000000003,338.73,339.24,479
2026-08-26T15:00:00+00:00,339.24,339.64,339.07,339.52,457
2026-08-26T15:05:00+00:00,339.52,339.63,339.31,339.39,494
2026-08-26T15:10:00+00:00,339.39,339.59000000000003,339.25,339.42,504
2026-08-26T15:15:00+00:00,339.42,339.51,339.01,339.01,483
2026-08-26T15:20:00+00:00,339.01,339.36,338.92,339.36,556
2026-08-26T15:25:00+00:00,339.36,339.59000000000003,339.25,339.27,411
2026-08-26T15:30:00+00:00,339.27,339.28000000000003,338.38,338.38,485
2026-08-26T15:35:00+00:00,338.38,338.46,338.14,338.3,444
2026-08-26T15:40:00+00:00,338.3,338.85,338.24,338.55,370
2026-08-26T15:45:00+00:00,338.55,339.16,338.51,339.02,435
2026-08-26T15:50:00+00:00,339.02,339.06,337.93,337.93,492
2026-08-26T15:55:00+00:00,337.93,338.14,337.88,337.93,540
2026-08-26T16:00:00+00:00,337.93,338.1,337.64,337.99,707
2026-08-26T16:05:00+00:00,337.99,338.18,337.8,338,738
2026-08-26T16:10:00+00:00,338,338.09000000000003,337.85,337.94,549
2026-08-26T16:15:00+00:00,337.94,337.99,337.64000000000004,337.72,713
2026-08-26T16:20:00+00:00,337.72,337.82000000000005,337.3,337.37,641
2026-08-26T16:25:00+00:00,337.37,337.49,337.06,337.07000000000005,685
2026-08-26T16:30:00+00:00,337.07000000000005,337.20000000000005,336.78000000000003,336.96000000000004,636
2026-08-26T16:35:00+00:00,336.96000000000004,337,336.75,336.87,741
2026-08-26T16:40:00+00:00,336.87,337.11,336.76000000000005,336.78000000000003,716
2026-08-26T16:45:00+00:00,336.78000000000003,337.24,336.76000000000005,336.94,608
2026-08-26T16:50:00+00:00,336.94,337.3,336.93,337.06,539
2026-08-26T16:55:00+00:00,337.06,337.51000000000005,337.01000000000005,337.26000000000005,776
2026-08-26T17:00:00+00:00,337.26000000000005,337.56,337.17,337.44,621
2026-08-26T17:05:00+00:00,337.44,337.92,337.43,337.77000000000004,496
2026-08-26T17:10:00+00:00,337.77000000000004,338.02000000000004,337.58000000000004,337.76000000000005,598
2026-08-26T17:15:00+00:00,337.76000000000005,338.18,337.76000000000005,338.06,409
2026-08-26T17:20:00+00:00,338.06,338.22,337.93,338.04,285
2026-08-26T17:25:00+00:00,338.04,338.09000000000003,337.73,337.87,319
2026-08-26T17:30:00+00:00,337.87,338.05,337.78000000000003,338.05,352
2026-08-26T17:35:00+00:00,338.05,338.05,337.85,337.86,210
2026-08-26T17:40:00+00:00,337.86,338.25,337.84000000000003,338.13,263
2026-08-26T17:45:00+00:00,338.13,338.15000000000003,337.90000000000003,338.05,312
2026-08-26T17:50:00+00:00,338.05,338.29,337.97,338.17,258
2026-08-26T17:55:00+00:00,338.17,338.29,338.02000000000004,338.15000000000003,298
2026-08-26T18:00:00+00:00,338.15000000000003,338.32000000000005,338.08000000000004,338.17,406
2026-08-26T18:05:00+00:00,338.17,338.48,338.17,338.38,391
2026-08-26T18:10:00+00:00,338.38,338.42,337.98,337.98,406
2026-08-26T18:15:00+00:00,337.98,338.25,337.98,338.14000000000004,446
2026-08-26T18:20:00+00:00,338.14000000000004,338.38,338.13,338.17,441
2026-08-26T18:25:00+00:00,338.17,338.27000000000004,338.1,338.11,400
2026-08-26T18:30:00+00:00,338.11,338.14000000000004,337.87,337.96000000000004,451
2026-08-26T18:35:00+00:00,337.96000000000004,338.09000000000003,337.88,337.96000000000004,389
2026-08-26T18:40:00+00:00,337.96000000000004,338.21000000000004,337.94,338.13,320
2026-08-26T18:45:00+00:00,338.13,338.42,338.13,338.25,427
2026-08-26T18:50:00+00:00,338.25,338.56,338.24,338.47,271
2026-08-26T18:55:00+00:00,338.47,338.55000000000007,338.32000000000005,338.49000000000007,221
2026-08-26T19:00:00+00:00,338.49000000000007,338.7900000000001,338.4100000000001,338.70000000000005,460
2026-08-26T19:05:00+00:00,338.70000000000005,338.7900000000001,338.62000000000006,338.6500000000001,242
2026-08-26T19:10:00+00:00,338.6500000000001,338.7200000000001,338.44000000000005,338.51000000000005,355
2026-08-26T19:15:00+00:00,338.51000000000005,338.70000000000005,338.4100000000001,338.6400000000001,344
2026-08-26T19:20:00+00:00,338.6400000000001,338.6600000000001,338.26000000000005,338.4000000000001,263
2026-08-26T19:25:00+00:00,338.4000000000001,338.44000000000005,338.20000000000005,338.20000000000005,369
2026-08-26T19:30:00+00:00,338.20000000000005,338.69000000000005,338.20000000000005,338.5800000000001,533
2026-08-26T19:35:00+00:00,338.5800000000001,338.94000000000005,338.5300000000001,338.9000000000001,387
2026-08-26T19:40:00+00:00,338.9000000000001,339.1000000000001,338.80000000000007,339.05000000000007,353
2026-08-26T19:45:00+00:00,339.05000000000007,339.30000000000007,339.00000000000006,339.05000000000007,418
2026-08-26T19:50:00+00:00,339.05000000000007,339.2800000000001,338.12000000000006,338.55000000000007,706
2026-08-26T19:55:00+00:00,338.55000000000007,339.0800000000001,338.3900000000001,339.05000000000007,1128
2026-08-27T13:30:00+00:00,339.05000000000007,339.05000000000007,335.1500000000001,336.06000000000006,733
2026-08-27T13:35:00+00:00,336.06000000000006,336.99000000000007,335.4000000000001,335.80000000000007,959
2026-08-27T13:40:00+00:00,335.80000000000007,338.01000000000005,335.6700000000001,337.6000000000001,1100
2026-08-27T13:45:00+00:00,337.6000000000001,338.38000000000005,336.63000000000005,336.9100000000001,975
2026-08-27T13:50:00+00:00,336.9100000000001,337.86000000000007,336.69000000000005,337.4800000000001,923
2026-08-27T13:55:00+00:00,337.4800000000001,337.94000000000005,336.80000000000007,337.05000000000007,1080
2026-08-27T14:00:00+00:00,337.05000000000007,337.1400000000001,336.4000000000001,337.1000000000001,907
2026-08-27T14:05:00+00:00,337.1000000000001,337.45000000000005,336.62000000000006,337.2800000000001,987
2026-08-27T14:10:00+00:00,337.2800000000001,337.4700000000001,336.6500000000001,336.7300000000001,876
2026-08-27T14:15:00+00:00,336.7300000000001,337.0300000000001,336.26000000000005,336.30000000000007,767
2026-08-27T14:20:00+00:00,336.30000000000007,336.61000000000007,336.18000000000006,336.3500000000001,661
2026-08-27T14:25:00+00:00,336.3500000000001,336.7800000000001,336.12000000000006,336.7800000000001,585
2026-08-27T14:30:00+00:00,336.7800000000001,336.8300000000001,336.05000000000007,336.06000000000006,619
2026-08-27T14:35:00+00:00,336.06000000000006,336.30000000000007,335.93000000000006,335.93000000000006,676
2026-08-27T14:40:00+00:00,335.93000000000006,336.2700000000001,335.9000000000001,336.2100000000001,614
2026-08-27T14:45:00+00:00,336.2100000000001,336.9800000000001,336.1000000000001,336.93000000000006,662
2026-08-27T14:50:00+00:00,336.93000000000006,337.37000000000006,336.55000000000007,337.3500000000001,791
2026-08-27T14:55:00+00:00,337.3500000000001,337.9000000000001,337.26000000000005,337.7100000000001,674
2026-08-27T15:00:00+00:00,337.7100000000001,337.7200000000001,336.8900000000001,337.0900000000001,1086
2026-08-27T15:05:00+00:00,337.0900000000001,337.2100000000001,336.61000000000007,337.20000000000005,795
2026-08-27T15:10:00+00:00,337.20000000000005,337.87000000000006,337.13000000000005,337.50000000000006,849
2026-08-27T15:15:00+00:00,337.50000000000006,338.32000000000005,337.3500000000001,338.07000000000005,763
2026-08-27T15:20:00+00:00,338.07000000000005,338.1600000000001,337.7300000000001,337.8500000000001,679
2026-08-27T15:25:00+00:00,337.8500000000001,338.1600000000001,337.4000000000001,337.5200000000001,645
2026-08-27T15:30:00+00:00,337.5200000000001,337.68000000000006,337.0900000000001,337.3300000000001,576
2026-08-27T15:35:00+00:00,337.3300000000001,337.75000000000006,337.31000000000006,337.7200000000001,596
2026-08-27T15:40:00+00:00,337.7200000000001,337.8300000000001,337.30000000000007,337.36000000000007,454
2026-08-27T15:45:00+00:00,337.36000000000007,337.6000000000001,337.07000000000005,337.1700000000001,670
2026-08-27T15:50:00+00:00,337.1700000000001,337.80000000000007,337.1700000000001,337.75000000000006,434
2026-08-27T15:55:00+00:00,337.75000000000006,337.88000000000005,337.49000000000007,337.6000000000001,473
2026-08-27T16:00:00+00:00,337.6000000000001,337.70000000000005,337.18000000000006,337.6600000000001,447
2026-08-27T16:05:00+00:00,337.6600000000001,337.74000000000007,337.50000000000006,337.62000000000006,268
2026-08-27T16:10:00+00:00,337.62000000000006,338.0300000000001,337.55000000000007,338.0300000000001,337
2026-08-27T16:15:00+00:00,338.0300000000001,338.1500000000001,337.7200000000001,338.0700000000001,374
2026-08-27T16:20:00+00:00,338.0700000000001,338.0800000000001,337.6700000000001,337.9200000000001,306
2026-08-27T16:25:00+00:00,337.9200000000001,338.1400000000001,337.8300000000001,338.1300000000001,359
2026-08-27T16:30:00+00:00,338.1300000000001,338.49000000000007,338.0900000000001,338.3200000000001,335
2026-08-27T16:35:00+00:00,338.3200000000001,338.3500000000001,338.1000000000001,338.18000000000006,276
2026-08-27T16:40:00+00:00,338.18000000000006,338.36000000000007,337.9700000000001,338.2100000000001,403
2026-08-27T16:45:00+00:00,338.2100000000001,338.3800000000001,337.8500000000001,338.0200000000001,414
2026-08-27T16:50:00+00:00,338.0200000000001,338.0700000000001,337.2600000000001,337.61000000000007,452
2026-08-27T16:55:00+00:00,337.61000000000007,337.7900000000001,337.3200000000001,337.5600000000001,374
2026-08-27T17:00:00+00:00,337.5600000000001,337.93000000000006,337.3200000000001,337.8300000000001,404
2026-08-27T17:05:00+00:00,337.8300000000001,337.9200000000001,337.3400000000001,337.8200000000001,312
2026-08-27T17:10:00+00:00,337.8200000000001,338.1700000000001,337.68000000000006,338.11000000000007,287
2026-08-27T17:15:00+00:00,338.11000000000007,338.2100000000001,337.5200000000001,337.5200000000001,281
2026-08-27T17:20:00+00:00,337.5200000000001,337.7900000000001,337.4200000000001,337.7200000000001,269
2026-08-27T17:25:00+00:00,337.7200000000001,337.87000000000006,337.4700000000001,337.7000000000001,354
2026-08-27T17:30:00+00:00,337.7000000000001,337.9100000000001,337.5300000000001,337.7900000000001,330
2026-08-27T17:35:00+00:00,337.7900000000001,338.1600000000001,337.6900000000001,338.0400000000001,267
2026-08-27T17:40:00+00:00,338.0400000000001,338.2200000000001,337.87000000000006,337.8800000000001,306
2026-08-27T17:45:00+00:00,337.8800000000001,337.99000000000007,337.4700000000001,337.49000000000007,328
2026-08-27T17:50:00+00:00,337.49000000000007,337.6300000000001,337.12000000000006,337.4600000000001,397
2026-08-27T17:55:00+00:00,337.4600000000001,337.6500000000001,337.2600000000001,337.5200000000001,460
2026-08-27T18:00:00+00:00,337.5200000000001,338.1600000000001,337.5200000000001,337.7800000000001,658
2026-08-27T18:05:00+00:00,337.7800000000001,337.9500000000001,337.4200000000001,337.5200000000001,485
2026-08-27T18:10:00+00:00,337.5200000000001,337.62000000000006,337.12000000000006,337.2200000000001,474
2026-08-27T18:15:00+00:00,337.2200000000001,337.4700000000001,337.0200000000001,337.4700000000001,384
2026-08-27T18:20:00+00:00,337.4700000000001,337.7000000000001,337.3300000000001,337.4500000000001,312
2026-08-27T18:25:00+00:00,337.4500000000001,337.5200000000001,337.0300000000001,337.1700000000001,433
2026-08-27T18:30:00+00:00,337.1700000000001,337.5700000000001,337.0800000000001,337.2300000000001,421
2026-08-27T18:35:00+00:00,337.2300000000001,337.4400000000001,337.2100000000001,337.30000000000007,378
2026-08-27T18:40:00+00:00,337.30000000000007,337.37000000000006,337.12000000000006,337.1400000000001,341
2026-08-27T18:45:00+00:00,337.1400000000001,337.55000000000007,337.12000000000006,337.2200000000001,313
2026-08-27T18:50:00+00:00,337.2200000000001,337.4400000000001,337.1300000000001,337.2500000000001,429
2026-08-27T18:55:00+00:00,337.2500000000001,337.5300000000001,337.24000000000007,337.2500000000001,509
2026-08-27T19:00:00+00:00,337.2500000000001,337.4000000000001,337.1400000000001,337.30000000000007,396
2026-08-27T19:05:00+00:00,337.30000000000007,337.55000000000007,337.0700000000001,337.36000000000007,440
2026-08-27T19:10:00+00:00,337.36000000000007,337.4400000000001,337.0900000000001,337.3500000000001,367
2026-08-27T19:15:00+00:00,337.3500000000001,337.3900000000001,337.0900000000001,337.24000000000007,234
2026-08-27T19:20:00+00:00,337.24000000000007,337.30000000000007,337.0000000000001,337.2600000000001,276
2026-08-27T19:25:00+00:00,337.2600000000001,337.3500000000001,336.9700000000001,337.12000000000006,260
2026-08-27T19:30:00+00:00,337.12000000000006,337.3500000000001,337.0700000000001,337.1500000000001,311
2026-08-27T19:35:00+00:00,337.1500000000001,337.3100000000001,336.9200000000001,336.9400000000001,264
2026-08-27T19:40:00+00:00,336.9400000000001,337.4100000000001,336.86000000000007,337.2500000000001,310
2026-08-27T19:45:00+00:00,337.2500000000001,337.74000000000007,337.2000000000001,337.6400000000001,307
2026-08-27T19:50:00+00:00,337.6400000000001,337.74000000000007,337.3300000000001,337.55000000000007,524
2026-08-27T19:55:00+00:00,337.55000000000007,337.55000000000007,336.9200000000001,337.24000000000007,1030
2026-08-28T13:30:00+00:00,337.24000000000007,339.5100000000001,336.7200000000001,339.5100000000001,1318
2026-08-28T13:35:00+00:00,339.5100000000001,339.6300000000001,338.1600000000001,338.4700000000001,876
2026-08-28T13:40:00+00:00,338.4700000000001,339.4000000000001,338.2700000000001,339.3300000000001,837
2026-08-28T13:45:00+00:00,339.3300000000001,339.61000000000007,339.0900000000001,339.3400000000001,1043
2026-08-28T13:50:00+00:00,339.3400000000001,340.1400000000001,339.0900000000001,339.55000000000007,1128
2026-08-28T13:55:00+00:00,339.55000000000007,340.2800000000001,339.4700000000001,339.9200000000001,848
2026-08-28T14:00:00+00:00,339.9200000000001,340.9100000000001,339.0200000000001,339.24000000000007,1308
2026-08-28T14:05:00+00:00,339.24000000000007,340.2300000000001,338.9700000000001,340.1400000000001,1414
2026-08-28T14:10:00+00:00,340.1400000000001,340.3100000000001,339.2600000000001,339.5400000000001,1364
2026-08-28T14:15:00+00:00,339.5400000000001,339.6400000000001,338.9100000000001,339.3200000000001,1204
2026-08-28T14:20:00+00:00,339.3200000000001,340.3900000000001,339.3200000000001,339.6600000000001,1136
2026-08-28T14:25:00+00:00,339.6600000000001,340.0100000000001,339.2300000000001,339.9400000000001,1163
2026-08-28T14:30:00+00:00,339.9400000000001,340.2300000000001,339.4600000000001,339.7800000000001,960
2026-08-28T14:35:00+00:00,339.7800000000001,340.4200000000001,339.7200000000001,340.3800000000001,902
2026-08-28T14:40:00+00:00,340.3800000000001,341.9700000000001,340.2800000000001,341.9700000000001,927
2026-08-28T14:45:00+00:00,341.9700000000001,343.1900000000001,341.5400000000001,343.1600000000001,992
2026-08-28T14:50:00+00:00,343.1600000000001,344.0800000000001,342.8400000000001,343.43000000000006,1050
2026-08-28T14:55:00+00:00,343.43000000000006,343.8200000000001,342.7300000000001,343.43000000000006,944
2026-08-28T15:00:00+00:00,343.43000000000006,344.99000000000007,343.2600000000001,344.8400000000001,1072
2026-08-28T15:05:00+00:00,344.8400000000001,345.0900000000001,344.0600000000001,344.2700000000001,953
2026-08-28T15:10:00+00:00,344.2700000000001,344.61000000000007,343.0400000000001,343.3300000000001,805
2026-08-28T15:15:00+00:00,343.3300000000001,344.1000000000001,342.86000000000007,343.1000000000001,786
2026-08-28T15:20:00+00:00,343.1000000000001,343.7900000000001,342.9400000000001,343.7800000000001,523
2026-08-28T15:25:00+00:00,343.7800000000001,344.5900000000001,343.5900000000001,344.5900000000001,679
2026-08-28T15:30:00+00:00,344.5900000000001,344.7500000000001,344.0600000000001,344.6500000000001,588
2026-08-28T15:35:00+00:00,344.6500000000001,344.80000000000007,343.7500000000001,343.8400000000001,571
2026-08-28T15:40:00+00:00,343.8400000000001,343.9800000000001,343.1600000000001,343.3900000000001,774
2026-08-28T15:45:00+00:00,343.3900000000001,344.2800000000001,343.3300000000001,343.86000000000007,771
2026-08-28T15:50:00+00:00,343.86000000000007,344.1900000000001,343.1500000000001,343.5200000000001,812
2026-08-28T15:55:00+00:00,343.5200000000001,343.7500000000001,342.62000000000006,342.8500000000001,738
2026-08-28T16:00:00+00:00,342.8500000000001,342.9600000000001,342.2900000000001,342.3900000000001,753
2026-08-28T16:05:00+00:00,342.3900000000001,343.2800000000001,342.2300000000001,342.86000000000007,663
2026-08-28T16:10:00+00:00,342.86000000000007,343.6400000000001,342.8400000000001,343.4800000000001,572
2026-08-28T16:15:00+00:00,343.4800000000001,343.7200000000001,342.5200000000001,342.5900000000001,642
2026-08-28T16:20:00+00:00,342.5900000000001,342.8200000000001,341.5200000000001,341.9800000000001,756
2026-08-28T16:25:00+00:00,341.9800000000001,342.5800000000001,341.8200000000001,342.5400000000001,598
2026-08-28T16:30:00+00:00,342.5400000000001,343.1900000000001,342.3800000000001,342.5000000000001,605
2026-08-28T16:35:00+00:00,342.5000000000001,342.8800000000001,342.3300000000001,342.6700000000001,579
2026-08-28T16:40:00+00:00,342.6700000000001,342.7600000000001,342.12000000000006,342.1900000000001,385
2026-08-28T16:45:00+00:00,342.1900000000001,342.61000000000007,342.1400000000001,342.18000000000006,483
2026-08-28T16:50:00+00:00,342.18000000000006,342.2300000000001,341.7200000000001,341.80000000000007,387
2026-08-28T16:55:00+00:00,341.80000000000007,341.9700000000001,341.5200000000001,341.5400000000001,540
2026-08-28T17:00:00+00:00,341.5400000000001,342.24000000000007,341.2200000000001,342.0400000000001,578
2026-08-28T17:05:00+00:00,342.0400000000001,342.1300000000001,341.7200000000001,341.7200000000001,437
2026-08-28T17:10:00+00:00,341.7200000000001,342.1900000000001,341.5800000000001,342.11000000000007,471
2026-08-28T17:15:00+00:00,342.11000000000007,342.4400000000001,342.0000000000001,342.3200000000001,460
2026-08-28T17:20:00+00:00,342.3200000000001,342.4000000000001,342.0200000000001,342.1900000000001,509
2026-08-28T17:25:00+00:00,342.1900000000001,342.7600000000001,342.0400000000001,342.5400000000001,505
2026-08-28T17:30:00+00:00,342.5400000000001,342.6900000000001,342.30000000000007,342.4400000000001,458
2026-08-28T17:35:00+00:00,342.4400000000001,342.5800000000001,341.7700000000001,341.7800000000001,529
2026-08-28T17:40:00+00:00,341.7800000000001,342.6300000000001,341.7800000000001,342.5100000000001,419
2026-08-28T17:45:00+00:00,342.5100000000001,342.8100000000001,342.2800000000001,342.6400000000001,386
2026-08-28T17:50:00+00:00,342.6400000000001,342.7300000000001,342.4600000000001,342.5000000000001,323
2026-08-28T17:55:00+00:00,342.5000000000001,342.8300000000001,342.3500000000001,342.7200000000001,407
2026-08-28T18:00:00+00:00,342.7200000000001,343.2100000000001,342.5300000000001,342.9100000000001,425
2026-08-28T18:05:00+00:00,342.9100000000001,343.1400000000001,342.80000000000007,342.9800000000001,393
2026-08-28T18:10:00+00:00,342.9800000000001,343.2800000000001,342.8100000000001,342.93000000000006,443
2026-08-28T18:15:00+00:00,342.93000000000006,343.0600000000001,342.7300000000001,342.9800000000001,393
2026-08-28T18:20:00+00:00,342.9800000000001,343.1900000000001,342.5700000000001,342.68000000000006,356
2026-08-28T18:25:00+00:00,342.68000000000006,342.68000000000006,342.2200000000001,342.2800000000001,473
2026-08-28T18:30:00+00:00,342.2800000000001,342.6700000000001,342.2200000000001,342.5300000000001,373
2026-08-28T18:35:00+00:00,342.5300000000001,342.5800000000001,342.3300000000001,342.3800000000001,440
2026-08-28T18:40:00+00:00,342.3800000000001,342.93000000000006,342.3800000000001,342.9200000000001,406
2026-08-28T18:45:00+00:00,342.9200000000001,343.1400000000001,342.6500000000001,342.6500000000001,384
2026-08-28T18:50:00+00:00,342.6500000000001,343.2000000000001,342.55000000000007,343.0700000000001,724
2026-08-28T18:55:00+00:00,343.0700000000001,343.3500000000001,342.9100000000001,343.0100000000001,539
2026-08-28T19:00:00+00:00,343.0100000000001,343.4000000000001,342.9100000000001,343.3100000000001,435
2026-08-28T19:05:00+00:00,343.3100000000001,344.1000000000001,343.3100000000001,344.0900000000001,398
2026-08-28T19:10:00+00:00,344.0900000000001,344.1700000000001,343.61000000000007,343.6300000000001,424
2026-08-28T19:15:00+00:00,343.6300000000001,343.8800000000001,343.3300000000001,343.36000000000007,395
2026-08-28T19:20:00+00:00,343.36000000000007,343.8200000000001,343.36000000000007,343.55000000000007,392
2026-08-28T19:25:00+00:00,343.55000000000007,343.8900000000001,343.55000000000007,343.7100000000001,276
2026-08-28T19:30:00+00:00,343.7100000000001,343.8200000000001,343.5400000000001,343.6900000000001,435
2026-08-28T19:35:00+00:00,343.6900000000001,343.6900000000001,343.2100000000001,343.4200000000001,403
2026-08-28T19:40:00+00:00,343.4200000000001,343.9200000000001,343.3800000000001,343.7500000000001,432
2026-08-28T19:45:00+00:00,343.7500000000001,343.7700000000001,343.0800000000001,343.4200000000001,764
2026-08-28T19:50:00+00:00,343.4200000000001,343.5700000000001,343.1000000000001,343.43000000000006,800
2026-08-28T19:55:00+00:00,343.43000000000006,343.43000000000006,342.0900000000001,342.4000000000001,1724
2026-08-31T13:30:00+00:00,342.4000000000001,342.4000000000001,337.1900000000001,338.6000000000001,862
2026-08-31T13:35:00+00:00,338.6000000000001,338.93000000000006,337.1300000000001,337.6300000000001,857
2026-08-31T13:40:00+00:00,337.6300000000001,337.6300000000001,336.5200000000001,336.6400000000001,773
2026-08-31T13:45:00+00:00,336.6400000000001,336.9600000000001,336.2200000000001,336.8400000000001,1122
2026-08-31T13:50:00+00:00,336.8400000000001,337.4600000000001,336.8200000000001,337.1500000000001,809
2026-08-31T13:55:00+00:00,337.1500000000001,337.30000000000007,336.3800000000001,336.4700000000001,771
2026-08-31T14:00:00+00:00,336.4700000000001,336.49000000000007,335.2100000000001,335.49000000000007,1161
2026-08-31T14:05:00+00:00,335.49000000000007,335.5900000000001,334.4500000000001,334.5000000000001,776
2026-08-31T14:10:00+00:00,334.5000000000001,334.7200000000001,333.3200000000001,333.5900000000001,969
2026-08-31T14:15:00+00:00,333.5900000000001,334.4200000000001,333.5400000000001,334.3800000000001,916
2026-08-31T14:20:00+00:00,334.3800000000001,334.4400000000001,333.1600000000001,333.1700000000001,713
2026-08-31T14:25:00+00:00,333.1700000000001,333.6000000000001,333.1300000000001,333.5000000000001,712
2026-08-31T14:30:00+00:00,333.5000000000001,333.9700000000001,333.3300000000001,333.80000000000007,643
2026-08-31T14:35:00+00:00,333.80000000000007,334.2800000000001,333.6400000000001,334.2700000000001,664
2026-08-31T14:40:00+00:00,334.2700000000001,334.4200000000001,334.05000000000007,334.12000000000006,655
2026-08-31T14:45:00+00:00,334.12000000000006,334.1600000000001,333.5300000000001,333.5900000000001,625
2026-08-31T14:50:00+00:00,333.5900000000001,333.7600000000001,333.4100000000001,333.5400000000001,556
2026-08-31T14:55:00+00:00,333.5400000000001,334.1500000000001,333.5400000000001,333.9200000000001,654
2026-08-31T15:00:00+00:00,333.9200000000001,334.30000000000007,333.6700000000001,334.2800000000001,822
2026-08-31T15:05:00+00:00,334.2800000000001,334.8500000000001,334.1900000000001,334.3900000000001,778
2026-08-31T15:10:00+00:00,334.3900000000001,334.8900000000001,334.3100000000001,334.7300000000001,568
2026-08-31T15:15:00+00:00,334.7300000000001,334.9800000000001,334.62000000000006,334.7100000000001,425
2026-08-31T15:20:00+00:00,334.7100000000001,335.0400000000001,334.62000000000006,335.0100000000001,465
2026-08-31T15:25:00+00:00,335.0100000000001,335.0600000000001,334.5400000000001,334.6400000000001,561
2026-08-31T15:30:00+00:00,334.6400000000001,334.6400000000001,333.9800000000001,334.1600000000001,701
2026-08-31T15:35:00+00:00,334.1600000000001,334.55000000000007,334.1500000000001,334.4700000000001,558
2026-08-31T15:40:00+00:00,334.4700000000001,334.8500000000001,334.4700000000001,334.5700000000001,525
2026-08-31T15:45:00+00:00,334.5700000000001,334.74000000000007,334.4200000000001,334.5100000000001,429
2026-08-31T15:50:00+00:00,334.5100000000001,334.87000000000006,334.5000000000001,334.7200000000001,536
2026-08-31T15:55:00+00:00,334.7200000000001,334.86000000000007,334.18000000000006,334.24000000000007,466
2026-08-31T16:00:00+00:00,334.24000000000007,334.2700000000001,333.9800000000001,334.0200000000001,481
2026-08-31T16:05:00+00:00,334.0200000000001,334.3400000000001,333.9700000000001,334.1900000000001,349
2026-08-31T16:10:00+00:00,334.1900000000001,334.6700000000001,334.1900000000001,334.61000000000007,474
2026-08-31T16:15:00+00:00,334.61000000000007,334.6700000000001,334.1300000000001,334.30000000000007,375
2026-08-31T16:20:00+00:00,334.30000000000007,334.43000000000006,334.0200000000001,334.12000000000006,388
2026-08-31T16:25:00+00:00,334.12000000000006,334.4700000000001,334.05000000000007,334.3300000000001,395
2026-08-31T16:30:00+00:00,334.3300000000001,334.4100000000001,333.9500000000001,334.0700000000001,398
2026-08-31T16:35:00+00:00,334.0700000000001,334.2900000000001,333.9500000000001,334.0200000000001,459
2026-08-31T16:40:00+00:00,334.0200000000001,334.2700000000001,333.93000000000006,334.0300000000001,333
2026-08-31T16:45:00+00:00,334.0300000000001,334.2700000000001,333.9500000000001,334.2200000000001,314
2026-08-31T16:50:00+00:00,334.2200000000001,334.49000000000007,334.2000000000001,334.37000000000006,337
2026-08-31T16:55:00+00:00,334.37000000000006,334.6300000000001,334.37000000000006,334.4200000000001,421
2026-08-31T17:00:00+00:00,334.4200000000001,334.4700000000001,334.30000000000007,334.4200000000001,326
2026-08-31T17:05:00+00:00,334.4200000000001,334.6300000000001,334.1900000000001,334.24000000000007,322
2026-08-31T17:10:00+00:00,334.24000000000007,334.7800000000001,334.24000000000007,334.7100000000001,318
2026-08-31T17:15:00+00:00,334.7100000000001,334.9500000000001,334.5600000000001,334.6500000000001,351
2026-08-31T17:20:00+00:00,334.6500000000001,334.6900000000001,334.4600000000001,334.6700000000001,332
2026-08-31T17:25:00+00:00,334.6700000000001,334.68000000000006,334.3500000000001,334.3800000000001,314
2026-08-31T17:30:00+00:00,334.3800000000001,334.3800000000001,334.18000000000006,334.18000000000006,335
2026-08-31T17:35:00+00:00,334.18000000000006,334.4500000000001,334.1700000000001,334.30000000000007,439
2026-08-31T17:40:00+00:00,334.30000000000007,334.74000000000007,334.2200000000001,334.7100000000001,403
2026-08-31T17:45:00+00:00,334.7100000000001,334.8100000000001,334.5200000000001,334.5600000000001,344
2026-08-31T17:50:00+00:00,334.5600000000001,334.9000000000001,334.5200000000001,334.6000000000001,344
2026-08-31T17:55:00+00:00,334.6000000000001,334.6000000000001,334.3400000000001,334.4100000000001,299
2026-08-31T18:00:00+00:00,334.4100000000001,334.5800000000001,334.0600000000001,334.5100000000001,540
2026-08-31T18:05:00+00:00,334.5100000000001,334.7700000000001,334.4200000000001,334.49000000000007,356
2026-08-31T18:10:00+00:00,334.49000000000007,334.6500000000001,334.3800000000001,334.5200000000001,278
2026-08-31T18:15:00+00:00,334.5200000000001,334.8400000000001,334.5200000000001,334.6300000000001,292
2026-08-31T18:20:00+00:00,334.6300000000001,334.7100000000001,334.4200000000001,334.5100000000001,253
2026-08-31T18:25:00+00:00,334.5100000000001,334.5100000000001,334.12000000000006,334.1900000000001,391
2026-08-31T18:30:00+00:00,334.1900000000001,334.3500000000001,334.1500000000001,334.2800000000001,430
2026-08-31T18:35:00+00:00,334.2800000000001,334.4000000000001,334.0700000000001,334.18000000000006,562
2026-08-31T18:40:00+00:00,334.18000000000006,334.2700000000001,334.0400000000001,334.2300000000001,689
2026-08-31T18:45:00+00:00,334.2300000000001,334.5600000000001,334.2300000000001,334.5100000000001,608
2026-08-31T18:50:00+00:00,334.5100000000001,334.7800000000001,334.3300000000001,334.55000000000007,585
2026-08-31T18:55:00+00:00,334.55000000000007,334.68000000000006,334.4400000000001,334.5100000000001,417
2026-08-31T19:00:00+00:00,334.5100000000001,334.5600000000001,334.3500000000001,334.4800000000001,666
2026-08-31T19:05:00+00:00,334.4800000000001,335.0700000000001,334.4400000000001,335.0300000000001,435
2026-08-31T19:10:00+00:00,335.0300000000001,335.18000000000006,334.80000000000007,334.9000000000001,444
2026-08-31T19:15:00+00:00,334.9000000000001,335.0100000000001,334.62000000000006,334.6900000000001,342
2026-08-31T19:20:00+00:00,334.6900000000001,334.8100000000001,334.5200000000001,334.6900000000001,270
2026-08-31T19:25:00+00:00,334.6900000000001,334.8200000000001,334.6300000000001,334.7700000000001,350
2026-08-31T19:30:00+00:00,334.7700000000001,334.8800000000001,334.5200000000001,334.86000000000007,440
2026-08-31T19:35:00+00:00,334.86000000000007,334.9700000000001,334.7200000000001,334.7700000000001,398
2026-08-31T19:40:00+00:00,334.7700000000001,335.2800000000001,334.7200000000001,335.12000000000006,501
2026-08-31T19:45:00+00:00,335.12000000000006,335.2000000000001,334.8500000000001,334.86000000000007,555
2026-08-31T19:50:00+00:00,334.86000000000007,337.2100000000001,334.86000000000007,335.87000000000006,1369
2026-08-31T19:55:00+00:00,335.87000000000006,335.9100000000001,334.9600000000001,335.4500000000001,1779
2026-09-01T13:30:00+00:00,335.4500000000001,335.4500000000001,328.9800000000001,330.4600000000001,1439
2026-09-01T13:35:00+00:00,330.4600000000001,331.7100000000001,330.4600000000001,330.9800000000001,1478
2026-09-01T13:40:00+00:00,330.9800000000001,332.4700000000001,330.8200000000001,332.2000000000001,1221
2026-09-01T13:45:00+00:00,332.2000000000001,333.1900000000001,332.0200000000001,332.9800000000001,1378
2026-09-01T13:50:00+00:00,332.9800000000001,333.3400000000001,332.9200000000001,332.9700000000001,1263
2026-09-01T13:55:00+00:00,332.9700000000001,333.11000000000007,332.4200000000001,332.43000000000006,902
2026-09-01T14:00:00+00:00,332.43000000000006,332.7300000000001,331.87000000000006,332.30000000000007,1088
2026-09-01T14:05:00+00:00,332.30000000000007,332.7300000000001,332.2200000000001,332.7000000000001,960
2026-09-01T14:10:00+00:00,332.7000000000001,333.2300000000001,332.55000000000007,332.8900000000001,786
2026-09-01T14:15:00+00:00,332.8900000000001,333.3100000000001,332.8100000000001,333.1300000000001,657
2026-09-01T14:20:00+00:00,333.1300000000001,333.4700000000001,332.8300000000001,332.9700000000001,699
2026-09-01T14:25:00+00:00,332.9700000000001,333.2500000000001,332.6700000000001,332.9000000000001,977
2026-09-01T14:30:00+00:00,332.9000000000001,333.37000000000006,332.8200000000001,333.2200000000001,947
2026-09-01T14:35:00+00:00,333.2200000000001,333.2900000000001,332.8400000000001,333.0700000000001,786
2026-09-01T14:40:00+00:00,333.0700000000001,333.55000000000007,332.80000000000007,332.87000000000006,815
2026-09-01T14:45:00+00:00,332.87000000000006,333.05000000000007,332.7300000000001,332.7700000000001,701
2026-09-01T14:50:00+00:00,332.7700000000001,333.1500000000001,332.4200000000001,332.5300000000001,530
2026-09-01T14:55:00+00:00,332.5300000000001,332.9000000000001,332.2900000000001,332.8500000000001,911
2026-09-01T15:00:00+00:00,332.8500000000001,333.2500000000001,332.1700000000001,332.1700000000001,1002
2026-09-01T15:05:00+00:00,332.1700000000001,332.7100000000001,332.12000000000006,332.5900000000001,891
2026-09-01T15:10:00+00:00,332.5900000000001,333.1400000000001,332.5700000000001,332.7100000000001,1145
2026-09-01T15:15:00+00:00,332.7100000000001,333.18000000000006,332.5700000000001,332.9800000000001,960
2026-09-01T15:20:00+00:00,332.9800000000001,332.9800000000001,332.5400000000001,332.7700000000001,950
2026-09-01T15:25:00+00:00,332.7700000000001,332.80000000000007,332.4400000000001,332.74000000000007,632
2026-09-01T15:30:00+00:00,332.74000000000007,332.7900000000001,332.2800000000001,332.30000000000007,465
2026-09-01T15:35:00+00:00,332.30000000000007,332.8100000000001,332.2900000000001,332.7100000000001,553
2026-09-01T15:40:00+00:00,332.7100000000001,332.9600000000001,332.2800000000001,332.3400000000001,563
2026-09-01T15:45:00+00:00,332.3400000000001,332.7600000000001,332.2700000000001,332.61000000000007,630
2026-09-01T15:50:00+00:00,332.61000000000007,332.7800000000001,332.2700000000001,332.7300000000001,422
2026-09-01T15:55:00+00:00,332.7300000000001,332.9400000000001,332.4700000000001,332.5900000000001,527
2026-09-01T16:00:00+00:00,332.5900000000001,332.9600000000001,332.5900000000001,332.9200000000001,342
2026-09-01T16:05:00+00:00,332.9200000000001,333.0800000000001,332.5200000000001,332.5200000000001,465
2026-09-01T16:10:00+00:00,332.5200000000001,332.68000000000006,332.11000000000007,332.1700000000001,683
2026-09-01T16:15:00+00:00,332.1700000000001,332.1700000000001,331.61000000000007,331.62000000000006,634
2026-09-01T16:20:00+00:00,331.62000000000006,332.2800000000001,331.6000000000001,332.1500000000001,858
2026-09-01T16:25:00+00:00,332.1500000000001,332.1700000000001,331.6700000000001,331.8900000000001,796
2026-09-01T16:30:00+00:00,331.8900000000001,332.18000000000006,331.7500000000001,331.99000000000007,1020
2026-09-01T16:35:00+00:00,331.99000000000007,332.2900000000001,331.9200000000001,332.18000000000006,659
2026-09-01T16:40:00+00:00,332.18000000000006,332.1900000000001,331.7700000000001,331.86000000000007,554
2026-09-01T16:45:00+00:00,331.86000000000007,331.9400000000001,331.7700000000001,331.9000000000001,496
2026-09-01T16:50:00+00:00,331.9000000000001,332.0300000000001,331.7300000000001,331.9600000000001,316
2026-09-01T16:55:00+00:00,331.9600000000001,332.1300000000001,331.80000000000007,331.80000000000007,500
2026-09-01T17:00:00+00:00,331.80000000000007,331.99000000000007,331.62000000000006,331.7900000000001,449
2026-09-01T17:05:00+00:00,331.7900000000001,332.0400000000001,331.7300000000001,331.93000000000006,445
2026-09-01T17:10:00+00:00,331.93000000000006,332.2000000000001,331.9000000000001,332.0400000000001,453
2026-09-01T17:15:00+00:00,332.0400000000001,332.0900000000001,331.7200000000001,331.9200000000001,467
2026-09-01T17:20:00+00:00,331.9200000000001,332.05000000000007,331.7500000000001,331.93000000000006,433
2026-09-01T17:25:00+00:00,331.93000000000006,331.9400000000001,331.3800000000001,331.6700000000001,542
2026-09-01T17:30:00+00:00,331.6700000000001,331.9000000000001,331.55000000000007,331.7300000000001,472
2026-09-01T17:35:00+00:00,331.7300000000001,332.12000000000006,331.7300000000001,331.9000000000001,342
2026-09-01T17:40:00+00:00,331.9000000000001,332.05000000000007,331.7200000000001,331.7600000000001,451
2026-09-01T17:45:00+00:00,331.7600000000001,331.7600000000001,331.2700000000001,331.36000000000007,332
2026-09-01T17:50:00+00:00,331.36000000000007,331.4600000000001,331.0800000000001,331.12000000000006,456
2026-09-01T17:55:00+00:00,331.12000000000006,331.6300000000001,331.0800000000001,331.4700000000001,542
2026-09-01T18:00:00+00:00,331.4700000000001,331.62000000000006,331.1500000000001,331.4400000000001,673
2026-09-01T18:05:00+00:00,331.4400000000001,331.49000000000007,330.9400000000001,331.11000000000007,656
2026-09-01T18:10:00+00:00,331.11000000000007,331.2600000000001,330.99000000000007,331.0400000000001,598
2026-09-01T18:15:00+00:00,331.0400000000001,331.4000000000001,330.99000000000007,331.3100000000001,586
2026-09-01T18:20:00+00:00,331.3100000000001,331.4100000000001,331.1500000000001,331.3500000000001,424
2026-09-01T18:25:00+00:00,331.3500000000001,331.3500000000001,330.86000000000007,330.9000000000001,479
2026-09-01T18:30:00+00:00,330.9000000000001,330.9400000000001,330.5200000000001,330.5400000000001,460
2026-09-01T18:35:00+00:00,330.5400000000001,330.7000000000001,330.4200000000001,330.4200000000001,352
2026-09-01T18:40:00+00:00,330.4200000000001,330.6300000000001,330.1400000000001,330.1600000000001,456
2026-09-01T18:45:00+00:00,330.1600000000001,330.4700000000001,330.12000000000006,330.3300000000001,477
2026-09-01T18:50:00+00:00,330.3300000000001,330.5100000000001,330.2700000000001,330.4700000000001,332
2026-09-01T18:55:00+00:00,330.4700000000001,330.8900000000001,330.3800000000001,330.74000000000007,423
2026-09-01T19:00:00+00:00,330.74000000000007,331.3200000000001,330.62000000000006,331.18000000000006,487
2026-09-01T19:05:00+00:00,331.18000000000006,331.3100000000001,331.0600000000001,331.1600000000001,382
2026-09-01T19:10:00+00:00,331.1600000000001,331.2500000000001,331.0700000000001,331.2000000000001,364
2026-09-01T19:15:00+00:00,331.2000000000001,331.3200000000001,331.1300000000001,331.2300000000001,344
2026-09-01T19:20:00+00:00,331.2300000000001,331.3200000000001,331.0900000000001,331.1000000000001,204
2026-09-01T19:25:00+00:00,331.1000000000001,331.1300000000001,330.87000000000006,330.9800000000001,289
2026-09-01T19:30:00+00:00,330.9800000000001,330.9800000000001,330.62000000000006,330.7300000000001,358
2026-09-01T19:35:00+00:00,330.7300000000001,330.7500000000001,330.5200000000001,330.6600000000001,335
2026-09-01T19:40:00+00:00,330.6600000000001,330.9400000000001,330.62000000000006,330.9400000000001,381
2026-09-01T19:45:00+00:00,330.9400000000001,330.99000000000007,330.8300000000001,330.8300000000001,465
2026-09-01T19:50:00+00:00,330.8300000000001,331.6500000000001,330.7500000000001,331.49000000000007,706
2026-09-01T19:55:00+00:00,331.49000000000007,331.7800000000001,331.2200000000001,331.61000000000007,1316
